Variable,Model,Scenario,Variant,Year,Mean,Median,SD,SE
zooc,CanESM5,historical,r1i1p1f1,1941,3.0904483087302405e-4,3.3198404025824857e-6,5.957520002006784e-4,1.4650515414003442e-6
zooc,CanESM5,historical,r1i1p1f1,1942,3.251467059649627e-4,4.498120688367635e-6,6.163128901795689e-4,1.5156141304407328e-6
zooc,CanESM5,historical,r1i1p1f1,1943,3.0064056345442436e-4,3.446946493568248e-6,5.729858078587512e-4,1.4090657534027849e-6
zooc,CanESM5,historical,r1i1p1f1,1944,3.0853655123809764e-4,2.8348508749331813e-6,5.855624085873253e-4,1.4399936701815243e-6
zooc,CanESM5,historical,r1i1p1f1,1945,3.24565020932721e-4,6.2940675888967235e-6,6.058929202343228e-4,1.489989721249516e-6
zooc,CanESM5,historical,r1i1p1f1,1946,3.0567627870004184e-4,4.956529892297112e-6,5.880765912795142e-4,1.4461764563531405e-6
zooc,CanESM5,historical,r1i1p1f1,1947,3.053268109754395e-4,3.5428269029580406e-6,5.783362470067928e-4,1.4222233577723323e-6
zooc,CanESM5,historical,r1i1p1f1,1948,2.943324225273844e-4,2.3637206822968437e-6,5.61398882468189e-4,1.3805716100380696e-6
zooc,CanESM5,historical,r1i1p1f1,1949,2.840352644789566e-4,1.8678003925742814e-6,5.451291386497241e-4,1.340561650774145e-6
zooc,CanESM5,historical,r1i1p1f1,1950,3.0052159227804095e-4,3.6445111391003593e-6,5.798661648881641e-4,1.4259856759006205e-6
zooc,CanESM5,historical,r1i1p1f1,1951,2.9013474236564134e-4,3.6014863553646137e-6,5.621977432579709e-4,1.3825361392902418e-6
zooc,CanESM5,historical,r1i1p1f1,1952,3.0386232067540535e-4,3.12778672650893e-6,5.822423629732983e-4,1.4318291353705438e-6
zooc,CanESM5,historical,r1i1p1f1,1953,3.343667456915061e-4,4.949529511577566e-6,6.373145641933742e-4,1.5672606794670874e-6
zooc,CanESM5,historical,r1i1p1f1,1954,3.3540077903719583e-4,6.390684347934439e-6,6.300275118210955e-4,1.5493406266486732e-6
zooc,CanESM5,historical,r1i1p1f1,1955,3.164244513782012e-4,5.158690782991471e-6,6.010506574333033e-4,1.4780818055763679e-6
zooc,CanESM5,historical,r1i1p1f1,1956,3.0835750064855954e-4,3.4522480518717202e-6,5.963314753169441e-4,1.466476565423767e-6
zooc,CanESM5,historical,r1i1p1f1,1957,3.0684193643623457e-4,3.4635265819815686e-6,5.925661110058813e-4,1.457216919151496e-6
zooc,CanESM5,historical,r1i1p1f1,1958,3.172957085586811e-4,3.958042043450405e-6,6.099455652447113e-4,1.4999558377161298e-6
zooc,CanESM5,historical,r1i1p1f1,1959,3.1699146000117276e-4,4.175466756350943e-6,6.118614505948457e-4,1.504667312934703e-6
zooc,CanESM5,historical,r1i1p1f1,1960,3.017244147902171e-4,3.837600615952397e-6,5.78977660579521e-4,1.4238006985837506e-6
zooc,CanESM5,historical,r1i1p1f1,1961,3.0210259858992936e-4,3.6013794897371554e-6,5.849797833461715e-4,1.4385608994861283e-6
zooc,CanESM5,historical,r1i1p1f1,1962,3.210578267208404e-4,4.255063913660706e-6,6.163333783587427e-4,1.5156645142220194e-6
zooc,CanESM5,historical,r1i1p1f1,1963,3.274869915672834e-4,4.968911298419698e-6,6.182280740750074e-4,1.520323880667559e-6
zooc,CanESM5,historical,r1i1p1f1,1964,3.1153953488170273e-4,5.025174914408126e-6,5.909619824988235e-4,1.4532721049652613e-6
zooc,CanESM5,historical,r1i1p1f1,1965,2.9704435425985306e-4,3.872094794132863e-6,5.58398945535352e-4,1.3731942747944178e-6
zooc,CanESM5,historical,r1i1p1f1,1966,2.93315320731816e-4,3.689102754833584e-6,5.505859364589183e-4,1.3539808084752976e-6
zooc,CanESM5,historical,r1i1p1f1,1967,3.041022124564664e-4,3.223391559004085e-6,5.834272712677721e-4,1.434743018534431e-6
zooc,CanESM5,historical,r1i1p1f1,1968,3.0674191701543887e-4,3.581013743314543e-6,5.86413779275427e-4,1.4420873298561646e-6
zooc,CanESM5,historical,r1i1p1f1,1969,3.122390028288118e-4,3.196243596903514e-6,5.968594251336676e-4,1.467774880314044e-6
zooc,CanESM5,historical,r1i1p1f1,1970,3.165651999261941e-4,5.4401477882493054e-6,5.988192812109492e-4,1.4725944867374836e-6
zooc,CanESM5,historical,r1i1p1f1,1971,3.221689841172205e-4,4.599452722686692e-6,6.115924598538388e-4,1.5040058207372753e-6
zooc,CanESM5,historical,r1i1p1f1,1972,3.2538685499778047e-4,4.940548478771234e-6,6.11993265909521e-4,1.5049914683380923e-6
zooc,CanESM5,historical,r1i1p1f1,1973,2.9264712797390534e-4,3.304240522084001e-6,5.547408694522776e-4,1.3641984678105341e-6
zooc,CanESM5,historical,r1i1p1f1,1974,2.7493207507206416e-4,1.988567191801849e-6,5.261778726394102e-4,1.2939573901580737e-6
zooc,CanESM5,historical,r1i1p1f1,1975,2.9665276672367056e-4,2.7293564244246227e-6,5.713934405319524e-4,1.4051498618811176e-6
zooc,CanESM5,historical,r1i1p1f1,1976,3.0988041196418397e-4,4.033364575661835e-6,5.900462265073068e-4,1.4510201113060438e-6
zooc,CanESM5,historical,r1i1p1f1,1977,2.8995940470448277e-4,3.2428720260213595e-6,5.581165031543137e-4,1.3724997028155447e-6
zooc,CanESM5,historical,r1i1p1f1,1978,2.974967198570213e-4,3.3239696222153725e-6,5.66145387139182e-4,1.39224404081826e-6
zooc,CanESM5,historical,r1i1p1f1,1979,3.2977605675647983e-4,4.685126668846351e-6,6.278454745840784e-4,1.543974640438962e-6
zooc,CanESM5,historical,r1i1p1f1,1980,3.0875516122607244e-4,5.070870201961952e-6,5.900259015770066e-4,1.4509701289804197e-6
zooc,CanESM5,historical,r1i1p1f1,1981,2.9948556409687934e-4,3.504110509311431e-6,5.726588126031161e-4,1.4082616186233172e-6
zooc,CanESM5,historical,r1i1p1f1,1982,2.863279475751558e-4,2.569667799434683e-6,5.48093796882144e-4,1.3478522299273311e-6
zooc,CanESM5,historical,r1i1p1f1,1983,2.9584709009475616e-4,2.438320848341391e-6,5.737726701298965e-4,1.4110007763365272e-6
zooc,CanESM5,historical,r1i1p1f1,1984,3.1330899763615667e-4,4.518108880802174e-6,5.956466067024905e-4,1.4647923615622207e-6
zooc,CanESM5,historical,r1i1p1f1,1985,3.136568741722096e-4,3.600416675908491e-6,6.074538144552339e-4,1.493828215259672e-6
zooc,CanESM5,historical,r1i1p1f1,1986,3.141601996778343e-4,3.551889562913857e-6,6.047540765193671e-4,1.4871891184157062e-6
zooc,CanESM5,historical,r1i1p1f1,1987,3.0323994858046305e-4,4.087306933797663e-6,5.884940772243086e-4,1.4472031225275353e-6
zooc,CanESM5,historical,r1i1p1f1,1988,3.089841951433878e-4,3.029871550097596e-6,5.923935236486638e-4,1.4567924986314934e-6
zooc,CanESM5,historical,r1i1p1f1,1989,2.9477251316349526e-4,2.8966732088520075e-6,5.785397786186263e-4,1.4227238752721308e-6
zooc,CanESM5,historical,r1i1p1f1,1990,3.0396729960684203e-4,2.6466657345736166e-6,5.831873580901057e-4,1.434153032817851e-6
zooc,CanESM5,historical,r1i1p1f1,1991,2.964516417053743e-4,2.823022214215598e-6,5.734154774000934e-4,1.410122381032443e-6
zooc,CanESM5,historical,r1i1p1f1,1992,2.8406757825692015e-4,1.879885417110927e-6,5.487041284293804e-4,1.349353134957852e-6
zooc,CanESM5,historical,r1i1p1f1,1993,3.102672008206456e-4,2.8669506946243928e-6,5.973137690238804e-4,1.4688921862004832e-6
zooc,CanESM5,historical,r1i1p1f1,1994,3.020691285952284e-4,2.587982862678473e-6,5.932276178666563e-4,1.458843672642376e-6
zooc,CanESM5,historical,r1i1p1f1,1995,3.034617676883037e-4,2.9655038815690205e-06,5.916344236121306e-4,1.4549257475702708e-6
zooc,CanESM5,historical,r1i1p1f1,1996,3.0102605735249203e-4,2.768457534330082e-6,5.851443527647184e-4,1.4389656025844447e-6
zooc,CanESM5,historical,r1i1p1f1,1997,2.8493620852236936e-4,1.5367580772362999e-6,5.603327300895118e-4,1.377949767081231e-6
zooc,CanESM5,historical,r1i1p1f1,1998,2.8581924117050407e-4,1.3338399185158778e-6,5.585848760751019e-4,1.3736515083811487e-6
zooc,CanESM5,historical,r1i1p1f1,1999,0.00029049437045823177,1.3948198898106057e-6,5.723609754747761e-4,1.407529188444629e-6
zooc,CanESM5,historical,r1i1p1f1,2000,2.8565563799932503e-4,1.42367269972965e-6,5.601370013451276e-4,1.377468438107833e-6
zooc,CanESM5,historical,r1i1p1f1,2001,2.9263864677892367e-4,2.0040320123371202e-06,5.671403946557669e-4,1.3946909269309151e-6
zooc,CanESM5,historical,r1i1p1f1,2002,2.849386018129841e-4,1.4025725931787747e-6,5.64675822229179e-4,1.38863014051098e-6
zooc,CanESM5,historical,r1i1p1f1,2003,2.938878227079054e-4,2.0280226635804866e-6,5.818072910395456e-4,1.4307592223749523e-6
zooc,CanESM5,historical,r1i1p1f1,2004,2.980244178476243e-4,1.6240247191490198e-6,5.900146937918879e-4,1.4509425672049522e-6
zooc,CanESM5,historical,r1i1p1f1,2005,2.972200068102023e-4,1.934984993567923e-6,5.902092769483654e-4,1.4514210789904464e-6
zooc,CanESM5,historical,r1i1p1f1,2006,3.1358221390601824e-4,2.6879943106905557e-6,6.171150625029415e-4,1.5175868032952593e-6
zooc,CanESM5,historical,r1i1p1f1,2007,3.047150396936666e-4,2.605316922199563e-6,5.95209844964476e-4,1.4637182930617587e-6
zooc,CanESM5,historical,r1i1p1f1,2008,2.9944831826170964e-4,1.861036992067966e-6,5.917886052061073e-4,1.4553049053101275e-6
zooc,CanESM5,historical,r1i1p1f1,2009,2.7884847626012595e-4,1.7998366388383147e-6,5.472016706336741e-4,1.3456583456684378e-6
zooc,CanESM5,historical,r1i1p1f1,2010,2.5176506905687934e-4,7.96680240000569e-7,4.911379805080324e-4,1.207788568298836e-6
zooc,CanESM5,historical,r1i1p1f1,2011,2.7243761179772825e-4,9.640961593504471e-7,5.323735604872422e-4,1.309193599232393e-6
zooc,CanESM5,historical,r1i1p1f1,2012,2.991334920311081e-4,1.722794991110277e-6,5.855251939521554e-4,1.4399021533110816e-6
zooc,CanESM5,historical,r1i1p1f1,2013,2.797711966170806e-4,1.007093032967532e-6,5.608118100834644e-4,1.379127903089768e-6
zooc,CanESM5,historical,r1i1p1f1,2014,2.735142567058056e-4,8.328216267727839e-7,5.473537874232515e-4,1.3460324257167937e-6
zooc,CanESM5,ssp119,r1i1p1f1,2015,2.9032078053437156e-4,1.1846476013488427e-6,5.77201019986546e-4,1.4194316489819436e-6
zooc,CanESM5,ssp119,r1i1p1f1,2016,2.8960775922985595e-4,1.3630696003019693e-6,5.77300220140527e-4,1.419675598374389e-6
zooc,CanESM5,ssp119,r1i1p1f1,2017,2.874924558115763e-4,1.6584896229687729e-6,5.751610202288666e-4,1.414414956149292e-6
zooc,CanESM5,ssp119,r1i1p1f1,2018,2.8509582589049273e-4,1.6370403272958356e-6,5.677557687097293e-4,1.3962042323096494e-6
zooc,CanESM5,ssp119,r1i1p1f1,2019,2.964237516743848e-4,2.041202606051229e-6,5.898340975237609e-4,1.4504984514640037e-6
zooc,CanESM5,ssp119,r1i1p1f1,2020,2.674935819784757e-4,1.921836314977554e-6,5.35379417598699e-4,1.3165854931628972e-6
zooc,CanESM5,ssp119,r1i1p1f1,2021,2.6195198041063805e-4,9.683986945674405e-7,5.182045694374539e-4,1.2743497343849606e-6
zooc,CanESM5,ssp119,r1i1p1f1,2022,2.7205219745970934e-4,9.009075938593014e-7,5.417150360493672e-4,1.3321658144606002e-6
zooc,CanESM5,ssp119,r1i1p1f1,2023,2.780867580761543e-4,9.245911769539816e-7,5.583122421612236e-4,1.3729810570261708e-6
zooc,CanESM5,ssp119,r1i1p1f1,2024,2.821660352662403e-4,1.023522656851128e-6,5.690244300441359e-4,1.399324077887778e-6
zooc,CanESM5,ssp119,r1i1p1f1,2025,2.71668028089366e-4,1.0363739306740172e-6,5.463670959332166e-4,1.3436059900726412e-6
zooc,CanESM5,ssp119,r1i1p1f1,2026,2.88967669255665e-4,1.4241564372241555e-6,5.69683059462107e-4,1.4009437552764987e-6
zooc,CanESM5,ssp119,r1i1p1f1,2027,2.755744774821865e-4,1.1501240351208253e-6,5.515068717940773e-4,1.3562455389870715e-6
zooc,CanESM5,ssp119,r1i1p1f1,2028,2.809070547772096e-4,1.016798250930151e-6,5.705745234123558e-4,1.4031360108358169e-6
zooc,CanESM5,ssp119,r1i1p1f1,2029,2.9517086179449713e-4,1.1137432807117875e-6,5.912590722706604e-4,1.4540026972721563e-6
zooc,CanESM5,ssp119,r1i1p1f1,2030,2.810995972888281e-4,1.2404591416270705e-6,5.550425938793003e-4,1.364940457492044e-6
zooc,CanESM5,ssp119,r1i1p1f1,2031,2.614857738630003e-4,8.054056763739936e-7,5.200951739671359e-4,1.278999039934008e-6
zooc,CanESM5,ssp119,r1i1p1f1,2032,2.7484635205187976e-4,1.164010313914332e-6,5.453432550838163e-4,1.3410881980819177e-6
zooc,CanESM5,ssp119,r1i1p1f1,2033,2.634825263979595e-4,1.0492320257071697e-6,5.308802642670581e-4,1.3055213397546052e-6
zooc,CanESM5,ssp119,r1i1p1f1,2034,2.6986128637105527e-4,7.788246136897214e-7,5.427242127656212e-4,1.334647544951132e-6
zooc,CanESM5,ssp119,r1i1p1f1,2035,3.0242251079466606e-4,1.480861214986362e-6,5.953315070300251e-4,1.4640174799660454e-6
zooc,CanESM5,ssp119,r1i1p1f1,2036,2.9476939481171285e-4,1.8206815752819239e-6,5.82059947071112e-4,1.4313805448520329e-6
zooc,CanESM5,ssp119,r1i1p1f1,2037,2.8228911973484006e-4,1.1126741696898534e-6,5.651312558256497e-4,1.3897501261632147e-6
zooc,CanESM5,ssp119,r1i1p1f1,2038,2.7155795205428915e-4,8.654114935779944e-7,5.364111237235864e-4,1.3191226271515859e-6
zooc,CanESM5,ssp119,r1i1p1f1,2039,3.001302235872557e-4,1.430887152764626e-6,5.905829066947716e-4,1.4523398956049122e-6
zooc,CanESM5,ssp119,r1i1p1f1,2040,2.9579585172617956e-4,1.6098953778964642e-6,5.829317045130995e-4,1.433524338886599e-6
zooc,CanESM5,ssp119,r1i1p1f1,2041,2.7087720429454514e-4,7.314185097584414e-7,5.381499715338317e-4,1.3233987381236052e-6
zooc,CanESM5,ssp119,r1i1p1f1,2042,2.778954197829778e-4,1.130814609950903e-6,5.526037887689095e-4,1.3589430371141862e-6
zooc,CanESM5,ssp119,r1i1p1f1,2043,2.6409513600128505e-4,8.610913653228636e-7,5.286645528402624e-4,1.3000725432083378e-6
zooc,CanESM5,ssp119,r1i1p1f1,2044,2.7401310322986013e-4,1.355930407953565e-6,5.387070240582501e-4,1.3247686213288068e-6
zooc,CanESM5,ssp119,r1i1p1f1,2045,2.630796435039244e-4,1.0456033123773523e-6,5.115564368400086e-4,1.258000889721342e-6
zooc,CanESM5,ssp119,r1i1p1f1,2046,2.804706426088676e-4,9.401906879702437e-7,5.459267962028571e-4,1.3425232210707342e-6
zooc,CanESM5,ssp119,r1i1p1f1,2047,2.6889627746972257e-4,8.026864009025303e-7,5.206208543012696e-4,1.2802917737956601e-6
zooc,CanESM5,ssp119,r1i1p1f1,2048,2.7944147410692566e-4,9.99297469661542e-7,5.340105447072172e-4,1.3132192109868052e-6
zooc,CanESM5,ssp119,r1i1p1f1,2049,3.097708879904526e-4,1.5919241036499443e-6,6.084474614998712e-4,1.4962717557494453e-6
zooc,CanESM5,ssp119,r1i1p1f1,2050,2.8606714027345527e-4,1.8747639956018247e-6,5.528364633660314e-4,1.359515221978095e-6
zooc,CanESM5,ssp119,r1i1p1f1,2051,2.7495377383490336e-4,1.2405648703861516e-6,5.390868268648055e-4,1.325702618507137e-6
zooc,CanESM5,ssp119,r1i1p1f1,2052,2.7172921565035387e-4,8.389918662032869e-7,5.43245625874336e-4,1.335929785008021e-6
zooc,CanESM5,ssp119,r1i1p1f1,2053,2.902077577463671e-4,1.558720384764456e-6,5.714512842152293e-4,1.4052921089525778e-6
zooc,CanESM5,ssp119,r1i1p1f1,2054,2.737928127862644e-4,1.5880577279858699e-6,5.363574054365118e-4,1.3189905251036642e-6
zooc,CanESM5,ssp119,r1i1p1f1,2055,2.712619101590838e-4,1.3049392464381526e-6,5.291263633214037e-4,1.3012082106622498e-6
zooc,CanESM5,ssp119,r1i1p1f1,2056,2.7200481727586906e-4,1.5842210245864408e-6,5.374318789825335e-4,1.3216328311710591e-6
zooc,CanESM5,ssp119,r1i1p1f1,2057,2.8366832421285876e-4,1.472772396482469e-6,5.5394598508934e-4,1.3622437172419007e-6
zooc,CanESM5,ssp119,r1i1p1f1,2058,2.7806437164834595e-4,1.2365729844532325e-6,5.467773133471879e-4,1.344614781741734e-6
zooc,CanESM5,ssp119,r1i1p1f1,2059,2.8043244724671286e-4,1.3949778576716199e-6,5.471490347032304e-4,1.3455289053123777e-6
zooc,CanESM5,ssp119,r1i1p1f1,2060,2.652435937631878e-4,9.37755800123341e-7,5.091957233272115e-4,1.2521955093456773e-6
zooc,CanESM5,ssp119,r1i1p1f1,2061,2.6144545026135176e-4,8.70296531729764e-7,5.071354843956648e-4,1.2471290450764865e-6
zooc,CanESM5,ssp119,r1i1p1f1,2062,2.9205708521585377e-4,1.0615593737384188e-6,5.643039667369443e-4,1.3877156870775161e-6
zooc,CanESM5,ssp119,r1i1p1f1,2063,2.9290283039234836e-4,1.863729380602308e-6,5.751951548782963e-4,1.4144988988313901e-6
zooc,CanESM5,ssp119,r1i1p1f1,2064,2.6146015299354744e-4,9.737563004819094e-7,5.183547641168498e-4,1.2747190876502203e-6
zooc,CanESM5,ssp119,r1i1p1f1,2065,2.5179048176618315e-4,8.083444811290974e-7,5.012976665562846e-4,1.2327728968451464e-6
zooc,CanESM5,ssp119,r1i1p1f1,2066,2.7204326407333766e-4,1.2197921250844956e-6,5.371726620073126e-4,1.3209953742611761e-6
zooc,CanESM5,ssp119,r1i1p1f1,2067,2.7422319682512156e-4,1.4782902439947065e-6,5.327865897107563e-4,1.3102093056007293e-6
zooc,CanESM5,ssp119,r1i1p1f1,2068,2.977485378993492e-4,2.0134756368861417e-6,5.780950780653516e-4,1.4216302839273814e-6
zooc,CanESM5,ssp119,r1i1p1f1,2069,3.041701039383278e-4,1.9182353980795597e-6,5.929224709355852e-4,1.4580932664640188e-6
zooc,CanESM5,ssp119,r1i1p1f1,2070,2.9450577333673056e-4,1.4656002917945443e-6,5.741618872796362e-4,1.4119579249234786e-6
zooc,CanESM5,ssp119,r1i1p1f1,2071,2.83536298393375e-4,1.119208889122092e-6,5.511821594398718e-4,1.3554470182353488e-6
zooc,CanESM5,ssp119,r1i1p1f1,2072,2.967434836789962e-4,2.2826668555353535e-6,5.681714310349556e-4,1.397226413905464e-6
zooc,CanESM5,ssp119,r1i1p1f1,2073,2.8800446413199755e-4,2.1883263343625003e-6,5.540054115913671e-4,1.362389856723372e-6
zooc,CanESM5,ssp119,r1i1p1f1,2074,2.9060982531229235e-4,2.151183025489445e-6,5.68074052635387e-4,1.396986944504876e-6
zooc,CanESM5,ssp119,r1i1p1f1,2075,3.0567551081523944e-4,2.6637557084541186e-6,5.953884268571441e-4,1.4641574551242134e-6
zooc,CanESM5,ssp119,r1i1p1f1,2076,2.901650523568227e-4,2.1754515273642028e-6,5.650652911944154e-4,1.3895879083533959e-6
zooc,CanESM5,ssp119,r1i1p1f1,2077,2.877076445686277e-4,1.4789713418394967e-6,5.511309568733107e-4,1.3553211027553525e-6
zooc,CanESM5,ssp119,r1i1p1f1,2078,2.8882824955226273e-4,1.8310965970158577e-6,5.52984046730771e-4,1.3598781535938073e-6
zooc,CanESM5,ssp119,r1i1p1f1,2079,2.642265281665383e-4,1.3302450270202826e-6,5.064679041589389e-4,1.2454873561614782e-6
zooc,CanESM5,ssp119,r1i1p1f1,2080,2.6745474662936904e-4,9.334612514066976e-7,5.214453469769041e-4,1.282319336044557e-6
zooc,CanESM5,ssp119,r1i1p1f1,2081,2.7498700179798697e-4,1.5230946246447274e-6,5.274241286001875e-4,1.2970221372603934e-6
zooc,CanESM5,ssp119,r1i1p1f1,2082,2.906893879451178e-4,1.5134200452848745e-6,5.580314068081269e-4,1.3722904369916672e-6
zooc,CanESM5,ssp119,r1i1p1f1,2083,2.791881411762417e-4,1.6553015029785456e-6,5.362842539271647e-4,1.318810633585904e-6
zooc,CanESM5,ssp119,r1i1p1f1,2084,2.8897483485230974e-4,1.684374467458838e-6,5.446051542002296e-4,1.3392730873700053e-6
zooc,CanESM5,ssp119,r1i1p1f1,2085,2.904956242458515e-4,1.950922523974441e-6,5.562809736444014e-4,1.367985835741868e-6
zooc,CanESM5,ssp119,r1i1p1f1,2086,3.0560325221180027e-4,2.2061353774915915e-6,5.896962080495889e-4,1.4501593587096184e-6
zooc,CanESM5,ssp119,r1i1p1f1,2087,2.763683618215485e-4,1.4255317637434928e-6,5.294470050707494e-4,1.3019967211313008e-6
zooc,CanESM5,ssp119,r1i1p1f1,2088,2.9566496776662195e-4,2.4349981231353013e-6,5.608201232424434e-4,1.379148346506445e-6
zooc,CanESM5,ssp119,r1i1p1f1,2089,2.9463936336124563e-4,2.319137252015935e-6,5.653724414624631e-4,1.390343241064815e-6
zooc,CanESM5,ssp119,r1i1p1f1,2090,2.882600986510061e-4,1.3859016689821146e-6,5.559589038234842e-4,1.3671938134114112e-6
zooc,CanESM5,ssp119,r1i1p1f1,2091,2.9875577002378795e-4,2.2617875856667524e-6,5.709253073045468e-4,1.4039986457607183e-6
zooc,CanESM5,ssp119,r1i1p1f1,2092,2.667344953440312e-4,8.955105386121431e-7,5.090605284499835e-4,1.2518630430455965e-6
zooc,CanESM5,ssp119,r1i1p1f1,2093,2.913903272197172e-4,1.393691434259381e-6,5.5778143396551e-4,1.3716757129147684e-6
zooc,CanESM5,ssp119,r1i1p1f1,2094,2.9055862063432936e-4,1.435483113709779e-6,5.619571385470328e-4,1.3819444529803186e-6
zooc,CanESM5,ssp119,r1i1p1f1,2095,0.00028798460604562463,1.719788031095959e-6,5.433559788025903e-4,1.3362011608952736e-6
zooc,CanESM5,ssp119,r1i1p1f1,2096,2.8253064990513147e-4,1.5504174939451332e-6,5.321558227319038e-4,1.308658146503788e-6
zooc,CanESM5,ssp119,r1i1p1f1,2097,3.046915210586303e-4,2.8002242515867692e-6,5.794616689553671e-4,1.4249909542888847e-6
zooc,CanESM5,ssp119,r1i1p1f1,2098,2.954209015368958e-4,3.1090939955902286e-6,5.574119921883836e-4,1.370767195201266e-6
zooc,CanESM5,ssp119,r1i1p1f1,2099,2.776011029087806e-4,1.5416680980706587e-6,5.24114220801404e-4,1.2888825329940753e-6
zooc,CanESM5,ssp119,r1i1p1f1,2100,2.786455176364553e-4,1.5296780020435108e-6,5.213811576957572e-4,1.2821614841107758e-6
zooc,CanESM5,ssp370,r1i1p1f1,2015,2.905520498177492e-4,1.049511183737195e-6,5.799452811964625e-4,1.4261802358339206e-6
zooc,CanESM5,ssp370,r1i1p1f1,2016,2.843564358462351e-4,1.6825866850922466e-6,5.672063258848573e-4,1.3948530625994026e-6
zooc,CanESM5,ssp370,r1i1p1f1,2017,2.997405800930239e-4,2.3055288238538196e-6,5.964104680523125e-4,1.466670821471035e-6
zooc,CanESM5,ssp370,r1i1p1f1,2018,2.681758416993033e-4,1.7995670305026579e-6,5.334014549909155e-4,1.3117213598215245e-6
zooc,CanESM5,ssp370,r1i1p1f1,2019,2.628379144682286e-4,1.4177372236190422e-6,5.17997273872859e-4,1.2738399607101214e-6
zooc,CanESM5,ssp370,r1i1p1f1,2020,2.8451491729425524e-4,1.6578844110881619e-6,5.657496459832517e-4,1.3912708486337673e-6
zooc,CanESM5,ssp370,r1i1p1f1,2021,2.956832130176684e-4,2.1576873905360117e-6,5.826404696549768e-4,1.4328081447694858e-6
zooc,CanESM5,ssp370,r1i1p1f1,2022,2.8217053404801343e-4,1.5106936075426347e-6,5.594469860073543e-4,1.3757715776124355e-6
zooc,CanESM5,ssp370,r1i1p1f1,2023,2.6879165121056415e-4,1.0739473168541736e-6,5.293083274670793e-4,1.3016556902376636e-6
zooc,CanESM5,ssp370,r1i1p1f1,2024,2.906209286538336e-4,1.6410273246947327e-6,5.784210323987528e-4,1.4224318589089418e-6
zooc,CanESM5,ssp370,r1i1p1f1,2025,2.8176100876496597e-4,1.056558232903626e-6,5.664600142376418e-4,1.3930177602777155e-6
zooc,CanESM5,ssp370,r1i1p1f1,2026,2.8692930050670644e-4,1.0692194223338447e-6,5.822985661953984e-4,1.4319673482798444e-6
zooc,CanESM5,ssp370,r1i1p1f1,2027,2.504162531326024e-4,5.593865637365525e-7,5.074737645267579e-4,1.2479609312091663e-6
zooc,CanESM5,ssp370,r1i1p1f1,2028,2.4110163053709665e-4,4.522608634260905e-7,4.8306767528142984e-4,1.1879423686925859e-6
zooc,CanESM5,ssp370,r1i1p1f1,2029,2.793606918765044e-4,9.553243103255227e-7,5.60009916881801e-4,1.3771559166411458e-6
zooc,CanESM5,ssp370,r1i1p1f1,2030,2.7486892567601766e-4,8.665865891543945e-7,5.56932423573728e-4,1.3695878575945577e-6
zooc,CanESM5,ssp370,r1i1p1f1,2031,2.702198439699357e-4,8.798505177765037e-7,5.477928878993742e-4,1.34711224555652e-6
zooc,CanESM5,ssp370,r1i1p1f1,2032,2.843969113586757e-4,9.297114047512878e-7,5.722880513997765e-4,1.4073498562251025e-6
zooc,CanESM5,ssp370,r1i1p1f1,2033,2.857242526238253e-4,1.4019352647665073e-6,5.773550567740019e-4,1.4198104506188977e-6
zooc,CanESM5,ssp370,r1i1p1f1,2034,2.6863423236010036e-4,7.335451925882808e-7,5.445979145890797e-4,1.3392552839829067e-6
zooc,CanESM5,ssp370,r1i1p1f1,2035,2.5524561941913044e-4,6.162060799397295e-7,5.218171703798619e-4,1.2832337105652443e-6
zooc,CanESM5,ssp370,r1i1p1f1,2036,2.4590929032842584e-4,3.511632229447059e-7,5.08285254132429e-4,1.2499565167837313e-6
zooc,CanESM5,ssp370,r1i1p1f1,2037,2.4104450607827222e-4,4.2536375133295223e-7,4.873280216416011e-4,1.1984192567261398e-6
zooc,CanESM5,ssp370,r1i1p1f1,2038,2.5078867837971666e-4,4.713521093435702e-7,5.104520089797762e-4,1.2552849210994088e-6
zooc,CanESM5,ssp370,r1i1p1f1,2039,2.578641356701011e-4,6.410749904262047e-7,5.099023017137918e-4,1.2539331010852448e-6
zooc,CanESM5,ssp370,r1i1p1f1,2040,2.8629070082942826e-4,1.0781606647469744e-6,5.776071682702917e-4,1.4204304339947315e-6
zooc,CanESM5,ssp370,r1i1p1f1,2041,2.8754226405195744e-4,1.1064411751249281e-6,5.740085756948121e-4,1.4115809066783274e-6
zooc,CanESM5,ssp370,r1i1p1f1,2042,2.77499156656565e-4,7.546244660261436e-7,5.555933322347136e-4,1.3662948131236402e-6
zooc,CanESM5,ssp370,r1i1p1f1,2043,2.7039489619230524e-4,6.359192923355295e-7,5.40241839480954e-4,1.3285429833117124e-6
zooc,CanESM5,ssp370,r1i1p1f1,2044,2.5630514100465676e-4,7.504287111714802e-7,5.074907230024505e-4,1.2480026348726788e-6
zooc,CanESM5,ssp370,r1i1p1f1,2045,2.325440697633636e-4,4.291338626671859e-7,4.6786184204633514e-4,1.150548739444429e-6
zooc,CanESM5,ssp370,r1i1p1f1,2046,2.540661461360815e-4,7.221656517231168e-7,5.024499391911959e-4,1.235606523588022e-6
zooc,CanESM5,ssp370,r1i1p1f1,2047,2.893751195859947e-4,8.050960786931682e-7,5.793692267101088e-4,1.4247636236985377e-6
zooc,CanESM5,ssp370,r1i1p1f1,2048,2.595464112682239e-4,5.41140877885482e-7,5.182434879788652e-4,1.2744454414393465e-6
zooc,CanESM5,ssp370,r1i1p1f1,2049,2.568105819665631e-4,4.8947657660392e-7,5.213944246733776e-4,1.2821941097771706e-6
zooc,CanESM5,ssp370,r1i1p1f1,2050,2.214219767169998e-4,3.798595713533359e-7,4.5026467895172397e-4,1.1072744392199242e-6
zooc,CanESM5,ssp370,r1i1p1f1,2051,2.5397735640181026e-4,7.420070176067384e-7,4.935820866459048e-4,1.2137990247696992e-6
zooc,CanESM5,ssp370,r1i1p1f1,2052,2.849813470106786e-4,8.331732317401475e-7,5.710394256501682e-4,1.4042792814247165e-6
zooc,CanESM5,ssp370,r1i1p1f1,2053,2.5251521673538e-4,5.80061083610417e-7,5.114601114728645e-4,1.2577640098995992e-6
zooc,CanESM5,ssp370,r1i1p1f1,2054,2.3434149400756318e-4,2.678208659290249e-7,4.6718294098785606e-4,1.1488792107783933e-6
zooc,CanESM5,ssp370,r1i1p1f1,2055,2.771450870926459e-4,5.437059087398666e-7,5.542448263695257e-4,1.3629786167941013e-6
zooc,CanESM5,ssp370,r1i1p1f1,2056,2.5640712021834087e-4,4.904939601146907e-7,5.231312737339524e-4,1.2864653054970636e-6
zooc,CanESM5,ssp370,r1i1p1f1,2057,2.665442474862623e-4,3.5922020913403685e-7,5.434779188421357e-4,1.3365010313830508e-6
zooc,CanESM5,ssp370,r1i1p1f1,2058,2.6086604555190595e-4,4.1471832901152084e-7,5.313327816682574e-4,1.306634154006029e-6
zooc,CanESM5,ssp370,r1i1p1f1,2059,2.431824580410064e-4,3.5716203683477943e-7,4.943206677315412e-4,1.215615316376939e-6
zooc,CanESM5,ssp370,r1i1p1f1,2060,2.3443021289367165e-4,3.881862085108878e-7,4.764995234906844e-4,1.1717902099051346e-6
zooc,CanESM5,ssp370,r1i1p1f1,2061,2.454009026996974e-4,5.517489398698672e-7,4.935545727092633e-4,1.213731363502472e-6
zooc,CanESM5,ssp370,r1i1p1f1,2062,2.5714578327482664e-4,5.211236100421957e-7,5.094716236080192e-4,1.2528739932308073e-6
zooc,CanESM5,ssp370,r1i1p1f1,2063,2.5097067865203875e-4,5.465498418288917e-7,4.994367485217791e-4,1.2281965952398583e-6
zooc,CanESM5,ssp370,r1i1p1f1,2064,2.4482564212033856e-4,3.0418217988881224e-7,4.962924389772653e-4,1.2204642241470579e-6
zooc,CanESM5,ssp370,r1i1p1f1,2065,2.5333891291713943e-4,3.691972949582123e-7,5.138875938421224e-4,1.2637335858063614e-6
zooc,CanESM5,ssp370,r1i1p1f1,2066,2.5693226352508606e-4,4.907535355869186e-7,5.219216874177738e-4,1.2834907350442958e-6
zooc,CanESM5,ssp370,r1i1p1f1,2067,2.2504440202961282e-4,2.810297985433863e-7,4.5228388127984385e-4,1.1122399877740452e-6
zooc,CanESM5,ssp370,r1i1p1f1,2068,2.328718140497058e-4,3.175972835833818e-7,4.685492935540802e-4,1.1522392950627409e-6
zooc,CanESM5,ssp370,r1i1p1f1,2069,2.50180292639894e-4,4.5757450095607055e-7,5.161629894333791e-4,1.269329155468139e-6
zooc,CanESM5,ssp370,r1i1p1f1,2070,2.455989400583985e-4,2.338457107953218e-7,5.107453042639294e-4,1.2560061821408981e-6
zooc,CanESM5,ssp370,r1i1p1f1,2071,2.5385520911760245e-4,4.076566995081521e-7,5.213132326896203e-4,1.2819944454186575e-6
zooc,CanESM5,ssp370,r1i1p1f1,2072,2.4411432220573096e-4,4.973504417193908e-7,5.013242049248766e-4,1.2328381590310877e-6
zooc,CanESM5,ssp370,r1i1p1f1,2073,2.4728832329065886e-4,5.127920985614765e-7,5.01202418446274e-4,1.2325386661747676e-6
zooc,CanESM5,ssp370,r1i1p1f1,2074,2.3817527379759322e-4,4.299899813986485e-7,4.906709178368561e-4,1.2066399848511817e-6
zooc,CanESM5,ssp370,r1i1p1f1,2075,2.3998927948584462e-4,5.061010881490802e-7,4.805294893608758e-4,1.1817005546592033e-6
zooc,CanESM5,ssp370,r1i1p1f1,2076,2.5150008532261707e-4,4.835301865568908e-7,5.114133034434915e-4,1.2576489013048153e-6
zooc,CanESM5,ssp370,r1i1p1f1,2077,2.4209482086351382e-4,3.1763603658419015e-7,4.8298613110976814e-4,1.1877418382464523e-6
zooc,CanESM5,ssp370,r1i1p1f1,2078,2.517415718056074e-4,4.4564737322616566e-7,5.035690405016844e-4,1.2383585766224425e-6
zooc,CanESM5,ssp370,r1i1p1f1,2079,2.4214490914442098e-4,3.520948439472704e-7,4.8816605581900475e-4,1.2004801197411826e-6
zooc,CanESM5,ssp370,r1i1p1f1,2080,2.4242452578332558e-4,3.3396223386716883e-7,4.950863028436721e-4,1.217498138257184e-6
zooc,CanESM5,ssp370,r1i1p1f1,2081,2.2955937620352585e-4,2.7318847628521326e-7,4.7237133186910513e-4,1.1616383119738587e-6
zooc,CanESM5,ssp370,r1i1p1f1,2082,2.338413971778528e-4,3.196473130628874e-7,4.707256585501595e-4,1.157591332304885e-6
zooc,CanESM5,ssp370,r1i1p1f1,2083,2.556355705011802e-4,3.5515766683147376e-7,5.202192300428284e-4,1.2793041141005272e-6
zooc,CanESM5,ssp370,r1i1p1f1,2084,2.366077025578794e-4,1.6828304438831765e-7,4.891932747048051e-4,1.2030062188755378e-6
zooc,CanESM5,ssp370,r1i1p1f1,2085,2.2985386914533887e-4,1.708777830344843e-7,4.749133987892229e-4,1.1678896700195e-6
zooc,CanESM5,ssp370,r1i1p1f1,2086,2.41810509162462e-4,2.602735804657641e-7,4.888661483752764e-4,1.2022017617639422e-6
zooc,CanESM5,ssp370,r1i1p1f1,2087,2.266495466741364e-4,2.249967963052768e-7,4.649486833341552e-4,1.143384806028871e-6
zooc,CanESM5,ssp370,r1i1p1f1,2088,2.576951958829132e-4,3.311413365736371e-7,5.207283569178888e-4,1.280556140300732e-6
zooc,CanESM5,ssp370,r1i1p1f1,2089,2.614899985497916e-4,3.9429711762295483e-7,5.338382125948019e-4,1.3127954181554901e-6
zooc,CanESM5,ssp370,r1i1p1f1,2090,2.370250835957873e-4,2.3553936756570693e-7,4.837821394327545e-4,1.1896993528165516e-6
zooc,CanESM5,ssp370,r1i1p1f1,2091,2.2489127903587162e-4,1.849120039310037e-7,4.602711422690483e-4,1.131881968027337e-6
zooc,CanESM5,ssp370,r1i1p1f1,2092,2.149431987799132e-4,2.788017212651539e-7,4.4299112811208024e-4,1.0893875888770225e-6
zooc,CanESM5,ssp370,r1i1p1f1,2093,2.3122421891419944e-4,2.0111041010295594e-7,4.7567933709761925e-4,1.169773237508918e-6
zooc,CanESM5,ssp370,r1i1p1f1,2094,2.233519814540378e-4,2.342587706039012e-7,4.575101489312634e-4,1.1250922341381426e-6
zooc,CanESM5,ssp370,r1i1p1f1,2095,2.442884808977411e-4,1.6571605954140978e-7,5.036613636927251e-4,1.2385856144390098e-6
zooc,CanESM5,ssp370,r1i1p1f1,2096,2.3456450011269606e-4,1.6063742691585503e-7,4.8559564503670814e-4,1.1941590595057705e-6
zooc,CanESM5,ssp370,r1i1p1f1,2097,2.3577958838676656e-4,2.956826392619405e-7,4.7808174065064655e-4,1.1756811405075527e-6
zooc,CanESM5,ssp370,r1i1p1f1,2098,2.322490345138285e-4,3.206051104598373e-7,4.75244725772749e-4,1.1687044572258525e-6
zooc,CanESM5,ssp370,r1i1p1f1,2099,2.3535289084370746e-4,2.7794567358796485e-7,4.7587720184619507e-4,1.1702598192657431e-6
zooc,CanESM5,ssp370,r1i1p1f1,2100,2.459511523153362e-4,5.001500653634139e-7,5.004315950626335e-4,1.2306430854868813e-6
zooc,CanESM5,ssp434,r1i1p1f1,2015,2.9502013738863026e-4,1.6049824580477434e-6,5.814846462499893e-4,1.4299657861026359e-6
zooc,CanESM5,ssp434,r1i1p1f1,2016,2.8579209083545606e-4,1.9345662849445944e-6,5.666778420622791e-4,1.3935534345014481e-6
zooc,CanESM5,ssp434,r1i1p1f1,2017,2.787102476827188e-4,1.2542304830276407e-6,5.536782114168597e-4,1.3615852180149041e-6
zooc,CanESM5,ssp434,r1i1p1f1,2018,2.831489951080172e-4,1.569627045228117e-6,5.619501231875787e-4,1.381927201064793e-6
zooc,CanESM5,ssp434,r1i1p1f1,2019,2.9535167170110014e-4,1.632883652291639e-6,5.909126052020957e-4,1.4531506781221169e-6
zooc,CanESM5,ssp434,r1i1p1f1,2020,2.749951743048885e-4,1.2146405765633972e-6,5.55779547537988e-4,1.3667527469904213e-6
zooc,CanESM5,ssp434,r1i1p1f1,2021,2.748659237774638e-4,8.490241043546121e-7,5.536850136712804e-4,1.3616019458703219e-6
zooc,CanESM5,ssp434,r1i1p1f1,2022,2.8212803229209346e-4,1.2754052249874803e-6,5.619292740793406e-4,1.3818759296999453e-6
zooc,CanESM5,ssp434,r1i1p1f1,2023,2.459456375149152e-4,6.228268887298327e-7,4.916939519045958e-4,1.2091557928339365e-6
zooc,CanESM5,ssp434,r1i1p1f1,2024,2.454371474302726e-4,5.812123902160238e-7,4.94220584961405e-4,1.2153691964871086e-6
zooc,CanESM5,ssp434,r1i1p1f1,2025,2.6158669139842e-4,6.375929615387577e-7,5.296814511680922e-4,1.302573262403796e-6
zooc,CanESM5,ssp434,r1i1p1f1,2026,2.4553123318815206e-4,6.733610007358948e-7,4.956101964532873e-4,1.2187864782712133e-6
zooc,CanESM5,ssp434,r1i1p1f1,2027,2.5822049806771265e-4,6.985812319726392e-7,5.090331399652564e-4,1.2517956902851317e-6
zooc,CanESM5,ssp434,r1i1p1f1,2028,2.997142683856094e-4,8.240336057951936e-7,6.030770829007524e-4,1.4830651170106879e-6
zooc,CanESM5,ssp434,r1i1p1f1,2029,2.5948090333425465e-4,5.997462153572997e-7,5.245724830575004e-4,1.2900094747826612e-6
zooc,CanESM5,ssp434,r1i1p1f1,2030,2.4482398118492966e-4,4.057664710899189e-7,4.988114217023658e-4,1.2266588143841467e-6
zooc,CanESM5,ssp434,r1i1p1f1,2031,2.638364723393262e-4,7.008412694631261e-7,5.390531089671189e-4,1.3256197006856915e-6
zooc,CanESM5,ssp434,r1i1p1f1,2032,2.755589566429133e-4,7.260546510678978e-7,5.549997607157706e-4,1.364835123742042e-6
zooc,CanESM5,ssp434,r1i1p1f1,2033,2.818326782540518e-4,8.66410573507892e-7,5.741698232278957e-4,1.4119774407173428e-6
zooc,CanESM5,ssp434,r1i1p1f1,2034,2.7432500865939857e-4,1.1052210879824997e-6,5.540965208103746e-4,1.3626139091842915e-6
zooc,CanESM5,ssp434,r1i1p1f1,2035,2.638014063762675e-4,7.404230473184725e-7,5.298200143856026e-4,1.3029140120031707e-6
zooc,CanESM5,ssp434,r1i1p1f1,2036,2.599076530792706e-4,5.821445654419222e-7,5.213954082974651e-4,1.2821965286695705e-6
zooc,CanESM5,ssp434,r1i1p1f1,2037,2.49576122043288e-4,4.89875162656972e-7,4.998013594032528e-4,1.2290932329913632e-6
zooc,CanESM5,ssp434,r1i1p1f1,2038,2.7198133555630857e-4,7.848421148537454e-7,5.429728248661115e-4,1.3352589227407348e-6
zooc,CanESM5,ssp434,r1i1p1f1,2039,2.3832256114679004e-4,6.265671856908739e-7,4.688783562218872e-4,1.1530485139466484e-6
zooc,CanESM5,ssp434,r1i1p1f1,2040,2.596784456661925e-4,8.913388853670767e-7,5.172196985300805e-4,1.2719277758511384e-6
zooc,CanESM5,ssp434,r1i1p1f1,2041,2.8039266733935014e-4,6.547356292685436e-7,5.626140703100458e-4,1.3835599555580235e-6
zooc,CanESM5,ssp434,r1i1p1f1,2042,2.6745453847956566e-4,4.7552697424180224e-7,5.422469585968965e-4,1.3334738989452534e-6
zooc,CanESM5,ssp434,r1i1p1f1,2043,2.831065280480224e-4,8.885379259027104e-7,5.707796483476562e-4,1.4036404465784417e-6
zooc,CanESM5,ssp434,r1i1p1f1,2044,2.6682869404422404e-4,6.957447169497755e-7,5.372467677695291e-4,1.3211776124427103e-6
zooc,CanESM5,ssp434,r1i1p1f1,2045,2.639593365294373e-4,5.977695423098339e-7,5.35641924395022e-4,1.3172310402805763e-6
zooc,CanESM5,ssp434,r1i1p1f1,2046,2.6791970657444927e-4,7.095506475707225e-7,5.359007293447588e-4,1.3178674839524502e-6
zooc,CanESM5,ssp434,r1i1p1f1,2047,2.6924991847023763e-4,8.10765101277866e-7,5.443987159273092e-4,1.3387654219155137e-6
zooc,CanESM5,ssp434,r1i1p1f1,2048,2.49675110607943e-4,4.3530612003905844e-7,4.985383087417897e-4,1.2259871849750409e-6
zooc,CanESM5,ssp434,r1i1p1f1,2049,2.5693888033490823e-4,5.002187322133977e-7,5.216665991268452e-4,1.282863431243902e-6
zooc,CanESM5,ssp434,r1i1p1f1,2050,2.508730098892871e-4,3.9591782297065947e-7,5.08278969111226e-4,1.2499410608893356e-6
zooc,CanESM5,ssp434,r1i1p1f1,2051,2.4633999532016823e-4,4.285785735191894e-7,4.951596349431355e-4,1.2176784738755567e-6
zooc,CanESM5,ssp434,r1i1p1f1,2052,2.3131697580968793e-4,3.8378976796593633e-7,4.6361035468718944e-4,1.1400936371423596e-6
zooc,CanESM5,ssp434,r1i1p1f1,2053,2.5950092720389045e-4,4.22287001811128e-7,5.202521535104782e-4,1.2793850782886666e-6
zooc,CanESM5,ssp434,r1i1p1f1,2054,2.605572159936113e-4,6.097215532463451e-7,5.288526450343363e-4,1.300535092656364e-6
zooc,CanESM5,ssp434,r1i1p1f1,2055,2.569524085421465e-4,5.589408544892649e-7,5.169089569900711e-4,1.271163611614989e-6
zooc,CanESM5,ssp434,r1i1p1f1,2056,2.692440465360183e-4,4.993338507119915e-7,5.427364263477801e-4,1.3346775801459144e-6
zooc,CanESM5,ssp434,r1i1p1f1,2057,2.655038496577889e-4,4.956527277499845e-7,5.369008329085414e-4,1.3203269020780897e-6
zooc,CanESM5,ssp434,r1i1p1f1,2058,2.7688556892117194e-4,5.604762804978236e-7,5.586197149238122e-4,1.373737182804376e-6
zooc,CanESM5,ssp434,r1i1p1f1,2059,2.572004155133483e-4,4.234564272564967e-7,5.265095103218731e-4,1.294772941423894e-6
zooc,CanESM5,ssp434,r1i1p1f1,2060,2.5481029506807117e-4,6.779143859603209e-7,5.079075699587881e-4,1.2490277296700184e-6
zooc,CanESM5,ssp434,r1i1p1f1,2061,2.73658212204018e-4,5.908237312723941e-7,5.436257582774272e-4,1.336864592718104e-6
zooc,CanESM5,ssp434,r1i1p1f1,2062,2.746749323983732e-4,8.37455303326351e-7,5.486380150547156e-4,1.349190551363626e-6
zooc,CanESM5,ssp434,r1i1p1f1,2063,2.639198162385769e-4,8.230249193275085e-7,5.165002141743499e-4,1.2701584462240093e-6
zooc,CanESM5,ssp434,r1i1p1f1,2064,2.7238537614900175e-4,5.062698846813873e-7,5.350949345897399e-4,1.3158859029464355e-6
zooc,CanESM5,ssp434,r1i1p1f1,2065,2.6608461699099566e-4,6.150551996597642e-7,5.259773425235601e-4,1.293464253827479e-6
zooc,CanESM5,ssp434,r1i1p1f1,2066,2.3866407961989122e-4,4.5674541127027624e-7,4.8112831933755395e-4,1.1831731754478428e-6
zooc,CanESM5,ssp434,r1i1p1f1,2067,2.5012811931598603e-4,5.002227965178463e-7,4.989378422799554e-4,1.2269697032472978e-6
zooc,CanESM5,ssp434,r1i1p1f1,2068,2.6861136174512575e-4,7.061250357764948e-7,5.305230371040156e-4,1.3046428597735574e-6
zooc,CanESM5,ssp434,r1i1p1f1,2069,2.636686267272102e-4,6.509303318580351e-7,5.173126627670278e-4,1.272156390104366e-6
zooc,CanESM5,ssp434,r1i1p1f1,2070,2.46528723485345e-4,5.658273209974141e-7,4.898040097449366e-4,1.2045081161610365e-6
zooc,CanESM5,ssp434,r1i1p1f1,2071,2.4921016236406103e-4,5.750543436988664e-7,4.8642397017744293e-4,1.1961960464127474e-6
zooc,CanESM5,ssp434,r1i1p1f1,2072,2.571450705478615e-4,8.30543626761937e-7,5.090932672059199e-4,1.2519435529974423e-6
zooc,CanESM5,ssp434,r1i1p1f1,2073,2.5947810589894293e-4,7.909288513019419e-7,4.992786117982119e-4,1.227807711189891e-6
zooc,CanESM5,ssp434,r1i1p1f1,2074,2.580213470838191e-4,6.658160884853714e-7,5.025316489827956e-4,1.235807461320653e-6
zooc,CanESM5,ssp434,r1i1p1f1,2075,2.557710089062137e-4,6.383965853729023e-7,4.9466447306646e-4,1.216460789888895e-6
zooc,CanESM5,ssp434,r1i1p1f1,2076,2.714243209393899e-4,7.525353851178807e-7,5.288141372792772e-4,1.3004403957927595e-6
zooc,CanESM5,ssp434,r1i1p1f1,2077,2.847243417493788e-4,1.233014529589127e-6,5.66477640918673e-4,1.3930611071673704e-6
zooc,CanESM5,ssp434,r1i1p1f1,2078,2.5665098347356455e-4,6.110954302585014e-7,5.087114083637223e-4,1.2510044996914183e-6
zooc,CanESM5,ssp434,r1i1p1f1,2079,2.534891042129726e-4,9.874075317384268e-7,4.940462611941001e-4,1.214940505850893e-6
zooc,CanESM5,ssp434,r1i1p1f1,2080,2.3591314411706578e-4,6.405475687643047e-7,4.5099025102530305e-4,1.109058739540252e-6
zooc,CanESM5,ssp434,r1i1p1f1,2081,2.502116653043337e-4,8.339450801031489e-7,4.81692877045519e-4,1.184561515126073e-6
zooc,CanESM5,ssp434,r1i1p1f1,2082,2.66550882205554e-4,1.1988425967501826e-6,5.153791016928923e-4,1.2674014473914592e-6
zooc,CanESM5,ssp434,r1i1p1f1,2083,2.4904544415928827e-4,8.656427610276296e-7,4.8122308355566155e-4,1.1834062161489421e-6
zooc,CanESM5,ssp434,r1i1p1f1,2084,2.8150364075221225e-4,1.1987386301370861e-6,5.369171820952209e-4,1.3203671074003335e-6
zooc,CanESM5,ssp434,r1i1p1f1,2085,2.7822271065384004e-4,1.1668312822621374e-6,5.386855489176114e-4,1.3247158104479637e-6
zooc,CanESM5,ssp434,r1i1p1f1,2086,2.7339494233483597e-4,8.768419377247483e-7,5.275562945490656e-4,1.297347154930597e-6
zooc,CanESM5,ssp434,r1i1p1f1,2087,2.7845038675281084e-4,9.464216361720901e-7,5.409474605631001e-4,1.3302782208832093e-6
zooc,CanESM5,ssp434,r1i1p1f1,2088,2.7286289709004083e-4,7.646897870472458e-7,5.244580721962365e-4,1.2897281197748875e-6
zooc,CanESM5,ssp434,r1i1p1f1,2089,2.7968312178250734e-4,1.5388426390927634e-6,5.431720544720467e-4,1.3357488609048865e-6
zooc,CanESM5,ssp434,r1i1p1f1,2090,2.7148276346561774e-4,1.0334109106224787e-6,5.246639056671405e-4,1.2902342979223686e-6
zooc,CanESM5,ssp434,r1i1p1f1,2091,2.715167506307585e-4,1.02643809896108e-6,5.184183606184704e-4,1.2748754818422592e-6
zooc,CanESM5,ssp434,r1i1p1f1,2092,2.862036110848466e-4,1.065364983787731e-6,5.597718725674288e-4,1.376570526764863e-6
zooc,CanESM5,ssp434,r1i1p1f1,2093,2.458802918624274e-4,8.529010528945946e-7,4.7673563745492467e-4,1.172370852734936e-6
zooc,CanESM5,ssp434,r1i1p1f1,2094,2.5007584228351425e-4,7.935428243399656e-7,4.682565600817644e-4,1.1515194156083854e-6
zooc,CanESM5,ssp434,r1i1p1f1,2095,2.873856629570889e-4,1.0601518738440063e-6,5.50238945467721e-4,1.3531275009138721e-6
zooc,CanESM5,ssp434,r1i1p1f1,2096,2.9128855310532435e-4,1.630480369385623e-6,5.68385766065707e-4,1.3977534987781504e-6
zooc,CanESM5,ssp434,r1i1p1f1,2097,2.799987406486658e-4,9.902962005980953e-7,5.466809149217401e-4,1.3443777222576813e-6
zooc,CanESM5,ssp434,r1i1p1f1,2098,2.7955427588746777e-4,7.08942366145493e-7,5.447723116269452e-4,1.3396841548034065e-6
zooc,CanESM5,ssp434,r1i1p1f1,2099,2.7697027990935814e-4,1.1080705917265732e-6,5.365019423293533e-4,1.3193459649470475e-6
zooc,CanESM5,ssp434,r1i1p1f1,2100,2.513326322196784e-4,8.44199917082733e-7,4.823701423329949e-4,1.1862270211638526e-6
zooc,CanESM5,ssp460,r1i1p1f1,2015,2.9238080559876295e-4,1.5830731285859656e-6,5.74491216512877e-4,1.4127677993353565e-6
zooc,CanESM5,ssp460,r1i1p1f1,2016,2.965196848614557e-4,1.7207145219799713e-6,5.855466521703158e-4,1.4399549225767847e-6
zooc,CanESM5,ssp460,r1i1p1f1,2017,3.026174762541314e-4,2.2019993366484414e-6,5.991476863048405e-4,1.473402088539655e-6
zooc,CanESM5,ssp460,r1i1p1f1,2018,2.988485043142881e-4,1.9464313254502486e-6,5.881807620494805e-4,1.4464326293027178e-6
zooc,CanESM5,ssp460,r1i1p1f1,2019,2.8388090855967137e-4,1.5988561585800198e-6,5.638939430415396e-4,1.3867073717940406e-6
zooc,CanESM5,ssp460,r1i1p1f1,2020,2.8215149690660464e-4,1.2107358315915917e-6,5.635701294284742e-4,1.3859110611936768e-6
zooc,CanESM5,ssp460,r1i1p1f1,2021,2.7918532893494893e-4,8.746541482196335e-7,5.629769198717441e-4,1.384452261936321e-6
zooc,CanESM5,ssp460,r1i1p1f1,2022,2.582578541713082e-4,7.506210408791958e-7,5.157260709116621e-4,1.2682547014109267e-6
zooc,CanESM5,ssp460,r1i1p1f1,2023,2.497007759987824e-4,5.848527848684171e-7,4.951544659488023e-4,1.2176657624736431e-6
zooc,CanESM5,ssp460,r1i1p1f1,2024,2.752722704617272e-4,1.2909015367768006e-6,5.532527148356296e-4,1.3605388523762127e-6
zooc,CanESM5,ssp460,r1i1p1f1,2025,2.6468080704765954e-4,1.4744658756171702e-6,5.220039431247497e-4,1.283693015272064e-6
zooc,CanESM5,ssp460,r1i1p1f1,2026,2.7574531997539577e-4,1.5066402170305082e-6,5.433122002625707e-4,1.3360935023099657e-6
zooc,CanESM5,ssp460,r1i1p1f1,2027,2.558706584942911e-4,7.35383224537145e-7,5.113693211889149e-4,1.2575407417521154e-6
zooc,CanESM5,ssp460,r1i1p1f1,2028,2.6693229065027186e-4,5.173384067802544e-7,5.293345764721536e-4,1.3017202408314195e-6
zooc,CanESM5,ssp460,r1i1p1f1,2029,2.8453130736026726e-4,9.242084502147918e-7,5.706728416495349e-4,1.4033777914507011e-6
zooc,CanESM5,ssp460,r1i1p1f1,2030,2.501639611758852e-4,5.824977336033044e-7,5.061215468484401e-4,1.2446356069244622e-6
zooc,CanESM5,ssp460,r1i1p1f1,2031,2.569881020938733e-4,6.076959664369497e-7,5.102948275585409e-4,1.2548983862940154e-6
zooc,CanESM5,ssp460,r1i1p1f1,2032,2.925423059537786e-4,1.5531534813817416e-6,5.78427257304663e-4,1.422447166970007e-6
zooc,CanESM5,ssp460,r1i1p1f1,2033,2.7818125402341424e-4,1.176138425762474e-6,5.526201111944936e-4,1.3589831766265223e-6
zooc,CanESM5,ssp460,r1i1p1f1,2034,2.593504655048258e-4,7.315691448184225e-7,5.155008392685503e-4,1.2677008199874454e-6
zooc,CanESM5,ssp460,r1i1p1f1,2035,2.735225716602354e-4,1.1266269552834274e-6,5.547334685232109e-4,1.3641802677163113e-6
zooc,CanESM5,ssp460,r1i1p1f1,2036,2.4935978159719744e-4,5.202428781103663e-7,5.019036635083887e-4,1.2342631423977672e-6
zooc,CanESM5,ssp460,r1i1p1f1,2037,2.3983999121464448e-4,6.763536646303692e-7,4.6703494349988213e-4,1.148515260765961e-6
zooc,CanESM5,ssp460,r1i1p1f1,2038,2.8768008940294795e-4,8.820944117360341e-7,5.680317912580928e-4,1.396883016870683e-6
zooc,CanESM5,ssp460,r1i1p1f1,2039,2.670749710213226e-4,6.571204096417205e-7,5.363201496374352e-4,1.3188989070044469e-6
zooc,CanESM5,ssp460,r1i1p1f1,2040,2.657546064479347e-4,7.479148962374893e-7,5.272814319143518e-4,1.2966712227868104e-6
zooc,CanESM5,ssp460,r1i1p1f1,2041,2.733981233892935e-4,7.41090758538121e-7,5.510141559255133e-4,1.3550338701341446e-6
zooc,CanESM5,ssp460,r1i1p1f1,2042,2.6836693054873553e-4,6.93606608592745e-7,5.402713704526943e-4,1.3286156047979221e-6
zooc,CanESM5,ssp460,r1i1p1f1,2043,2.601662302247815e-4,4.705330240994954e-7,5.205962868625398e-4,1.2802313584483895e-6
zooc,CanESM5,ssp460,r1i1p1f1,2044,2.603960937170038e-4,5.860223097897688e-7,5.266238877912765e-4,1.295054214315625e-6
zooc,CanESM5,ssp460,r1i1p1f1,2045,2.8404326204750256e-4,7.09852855607096e-7,5.694089063883619e-4,1.4002695680591086e-6
zooc,CanESM5,ssp460,r1i1p1f1,2046,2.705298284069421e-4,9.849450179899577e-7,5.461918943754667e-4,1.3431751408062504e-6
zooc,CanESM5,ssp460,r1i1p1f1,2047,2.3957717896250442e-4,4.4718802882925957e-7,4.789647123240296e-4,1.1778525121700345e-6
zooc,CanESM5,ssp460,r1i1p1f1,2048,2.4609693521752686e-4,3.8574221150611265e-7,4.882438323574172e-4,1.200671384961354e-6
zooc,CanESM5,ssp460,r1i1p1f1,2049,2.7631691761444474e-4,4.3296221008404245e-7,5.639036280439469e-4,1.386731188797929e-6
zooc,CanESM5,ssp460,r1i1p1f1,2050,2.5210850242582557e-4,4.071597885513256e-7,5.131750218117143e-4,1.2619812547169877e-6
zooc,CanESM5,ssp460,r1i1p1f1,2051,2.478189964135985e-4,3.3176060298956145e-7,5.02419267023281e-4,1.2355310957138954e-6
zooc,CanESM5,ssp460,r1i1p1f1,2052,2.453462059058309e-4,4.569021285760755e-7,4.943718954106681e-4,1.215741293612839e-6
zooc,CanESM5,ssp460,r1i1p1f1,2053,2.2805861715529427e-4,4.3683061790034117e-7,4.560756390321429e-4,1.1215645398322025e-6
zooc,CanESM5,ssp460,r1i1p1f1,2054,2.3007916707079712e-4,3.3290497469806724e-7,4.5817021394221007e-4,1.1267154418846314e-6
zooc,CanESM5,ssp460,r1i1p1f1,2055,2.54415712582181e-4,4.445710004574721e-7,5.151768794491488e-4,1.2669041498418042e-6
zooc,CanESM5,ssp460,r1i1p1f1,2056,2.5740038419552665e-4,4.52168777087536e-7,5.189080933218623e-4,1.2760798146044433e-6
zooc,CanESM5,ssp460,r1i1p1f1,2057,2.564726126470463e-4,8.254828287590499e-7,5.030697178625333e-4,1.2371306606407957e-6
zooc,CanESM5,ssp460,r1i1p1f1,2058,2.5558508426060995e-4,6.773497602807765e-7,5.014036384350478e-4,1.233033499015638e-6
zooc,CanESM5,ssp460,r1i1p1f1,2059,2.850671393734682e-4,9.09120529968277e-7,5.686036755849261e-4,1.3982893739022124e-6
zooc,CanESM5,ssp460,r1i1p1f1,2060,2.8239542796866437e-4,1.058038265000505e-6,5.60837457387424e-4,1.3791909740021376e-6
zooc,CanESM5,ssp460,r1i1p1f1,2061,2.50151448063043e-4,6.379169974479737e-7,5.003258973699141e-4,1.2303831575846858e-6
zooc,CanESM5,ssp460,r1i1p1f1,2062,2.3981766314788274e-4,6.992679573158966e-7,4.6634861895500417e-4,1.146827476533536e-6
zooc,CanESM5,ssp460,r1i1p1f1,2063,2.686094349633493e-4,8.93543614211012e-7,5.354178200509819e-4,1.316679931069764e-6
zooc,CanESM5,ssp460,r1i1p1f1,2064,2.330103962869552e-4,3.7401136410153413e-7,4.709040217338759e-4,1.1580299565262802e-6
zooc,CanESM5,ssp460,r1i1p1f1,2065,2.4160132881352297e-4,3.237889529827953e-7,4.918641837348532e-4,1.2095744207281442e-6
zooc,CanESM5,ssp460,r1i1p1f1,2066,2.4551372033841646e-4,3.673016237826232e-7,4.840224856698049e-4,1.1902904034969386e-6
zooc,CanESM5,ssp460,r1i1p1f1,2067,2.8162246275942066e-4,5.308335175868706e-7,5.602636315739001e-4,1.3777798425375094e-6
zooc,CanESM5,ssp460,r1i1p1f1,2068,2.558764307607407e-4,4.92593954959375e-7,5.113994186855586e-4,1.2576147564156588e-6
zooc,CanESM5,ssp460,r1i1p1f1,2069,2.6943777534043327e-4,5.594322374236071e-7,5.430580446953106e-4,1.335468492229522e-6
zooc,CanESM5,ssp460,r1i1p1f1,2070,2.3942535314234347e-4,3.0585157162477117e-7,4.822430952886839e-4,1.1859145917166405e-6
zooc,CanESM5,ssp460,r1i1p1f1,2071,2.470794051899764e-4,3.0469782075215335e-7,5.006740743911033e-4,1.2312393817877127e-6
zooc,CanESM5,ssp460,r1i1p1f1,2072,2.669558645960675e-4,4.599972669439012e-7,5.389132590062948e-4,1.3252757867741962e-6
zooc,CanESM5,ssp460,r1i1p1f1,2073,2.502816461344865e-4,4.576763501518144e-7,5.044498361549001e-4,1.2405245970956724e-6
zooc,CanESM5,ssp460,r1i1p1f1,2074,2.5547333983425225e-4,4.868399230417708e-7,5.073427384518486e-4,1.247638716675359e-6
zooc,CanESM5,ssp460,r1i1p1f1,2075,2.5491111516327564e-4,4.254902705724817e-7,5.033689251581589e-4,1.2378664602847866e-6
zooc,CanESM5,ssp460,r1i1p1f1,2076,2.6982439333300446e-4,4.416436496512688e-7,5.368199953727692e-4,1.3201281093651052e-6
zooc,CanESM5,ssp460,r1i1p1f1,2077,2.5205230272085035e-4,4.989242086139711e-7,5.033176259952601e-4,1.2377403072586076e-6
zooc,CanESM5,ssp460,r1i1p1f1,2078,2.3721299791791236e-4,3.6748168952271953e-7,4.7761669280162015e-4,1.1745375118368785e-6
zooc,CanESM5,ssp460,r1i1p1f1,2079,2.189835558006848e-4,2.931729596866717e-7,4.351827884532893e-4,1.070185605419081e-6
zooc,CanESM5,ssp460,r1i1p1f1,2080,2.450243460366868e-4,6.047507099538052e-7,4.690254858315198e-4,1.1534103297043885e-6
zooc,CanESM5,ssp460,r1i1p1f1,2081,2.734585227277611e-4,6.014350049099448e-7,5.463515841969045e-4,1.3435678441777282e-6
zooc,CanESM5,ssp460,r1i1p1f1,2082,2.416967418816578e-4,4.512928910571645e-7,4.847965275383714e-4,1.1921938989653043e-6
zooc,CanESM5,ssp460,r1i1p1f1,2083,2.414119460671937e-4,4.4152865541491337e-07,4.919541000904759e-4,1.2097955397430326e-6
zooc,CanESM5,ssp460,r1i1p1f1,2084,2.2873324339348539e-4,3.2650712000759086e-7,4.685874878435982e-4,1.1523332210633457e-6
zooc,CanESM5,ssp460,r1i1p1f1,2085,2.3491435905813275e-4,4.408190932281286e-7,4.695125549636698e-4,1.1546081123095405e-6
zooc,CanESM5,ssp460,r1i1p1f1,2086,2.523504374382874e-4,4.5687434635510726e-7,5.111291654457738e-4,1.2569501595273868e-6
zooc,CanESM5,ssp460,r1i1p1f1,2087,2.4350842519536397e-4,2.984099154446085e-7,4.933714987831187e-4,1.2132811547954968e-6
zooc,CanESM5,ssp460,r1i1p1f1,2088,2.323251841379317e-4,3.225349161084523e-7,4.6902446267901377e-4,1.1534078136051467e-6
zooc,CanESM5,ssp460,r1i1p1f1,2089,2.526769550797353e-4,5.819031514420203e-7,5.065512135991558e-4,1.2456922276915137e-6
zooc,CanESM5,ssp460,r1i1p1f1,2090,2.577417356166605e-4,3.9079725411284016e-7,5.177588739680979e-4,1.2732536963789527e-6
zooc,CanESM5,ssp460,r1i1p1f1,2091,2.3696728537872747e-4,4.1971297548570874e-7,4.745520509204474e-4,1.1670010565495444e-6
zooc,CanESM5,ssp460,r1i1p1f1,2092,2.48844213451185e-4,5.454959648432123e-7,4.8655546076714195e-4,1.1965194032643457e-6
zooc,CanESM5,ssp460,r1i1p1f1,2093,2.7208584703065024e-4,7.541135289557133e-7,5.359579403806516e-4,1.3180081752405896e-6
zooc,CanESM5,ssp460,r1i1p1f1,2094,2.4943563756291994e-4,4.363836296761292e-7,4.8024622586194014e-4,1.1810039634172127e-6
zooc,CanESM5,ssp460,r1i1p1f1,2095,2.8815571588316813e-4,1.0221294246548496e-6,5.605819344255376e-4,1.3785626012748137e-6
zooc,CanESM5,ssp460,r1i1p1f1,2096,2.8206264168368717e-4,6.232419309526449e-7,5.637373266915943e-4,1.3863222265913077e-6
zooc,CanESM5,ssp460,r1i1p1f1,2097,2.7218944370752915e-4,7.136849831113068e-7,5.466194330629071e-4,1.3442265283178858e-6
zooc,CanESM5,ssp460,r1i1p1f1,2098,2.594410946526132e-4,5.246339469522354e-7,5.165604285463429e-4,1.2703065232065005e-6
zooc,CanESM5,ssp460,r1i1p1f1,2099,2.3367733289491322e-4,3.9529092532575305e-7,4.6131654064291897e-4,1.1344527734942105e-6
zooc,CanESM5,ssp460,r1i1p1f1,2100,2.4302360797861202e-4,5.049672608947731e-7,4.7355940085337683e-4,1.1645599677905591e-6
zooc,CanESM5,ssp534-over,r1i1p1f1,2040,2.373739955763944e-4,4.271126528010427e-7,4.854984617608228e-4,1.1939200699462118e-6
zooc,CanESM5,ssp534-over,r1i1p1f1,2041,2.370592519659347e-4,3.237619097262723e-7,4.8127219703599633e-4,1.1835269942244564e-6
zooc,CanESM5,ssp534-over,r1i1p1f1,2042,2.661333643115657e-4,4.936715356507193e-7,5.407688719757486e-4,1.3298390423574338e-6
zooc,CanESM5,ssp534-over,r1i1p1f1,2043,2.8219084933892046e-4,6.661087468273763e-7,5.704488146849817e-4,1.4028268725286943e-6
zooc,CanESM5,ssp534-over,r1i1p1f1,2044,2.503676720939877e-4,4.6379446416722203e-7,5.1095172428576e-4,1.2565138027129767e-6
zooc,CanESM5,ssp534-over,r1i1p1f1,2045,2.518773555071831e-4,5.627294399346283e-7,4.98748477235021e-4,1.226504023650964e-6
zooc,CanESM5,ssp534-over,r1i1p1f1,2046,2.9065833359922665e-4,8.795287840257515e-7,5.847911571586948e-4,1.4380970368610457e-6
zooc,CanESM5,ssp534-over,r1i1p1f1,2047,2.6834314941626543e-4,4.986464148259984e-7,5.455561897621132e-4,1.3416118392590378e-6
zooc,CanESM5,ssp534-over,r1i1p1f1,2048,2.524938188889019e-4,4.526248602587657e-7,5.110983956434235e-4,1.2568744915542256e-6
zooc,CanESM5,ssp534-over,r1i1p1f1,2049,2.8680733433247043e-4,5.934057867307274e-7,5.760933200565755e-4,1.4167076338057197e-6
zooc,CanESM5,ssp534-over,r1i1p1f1,2050,2.7408489906956436e-4,6.28075696340602e-7,5.445396566568332e-4,1.3391120182055232e-6
zooc,CanESM5,ssp534-over,r1i1p1f1,2051,2.428494012120944e-4,3.422257321972211e-7,4.900900066523187e-4,1.2052114293011598e-6
zooc,CanESM5,ssp534-over,r1i1p1f1,2052,2.737884383540305e-4,5.003248872981203e-7,5.520413882581286e-4,1.3575600023364158e-6
zooc,CanESM5,ssp534-over,r1i1p1f1,2053,2.91631297085929e-4,6.12050399695363e-7,5.95606453009076e-4,1.4646936170671794e-6
zooc,CanESM5,ssp534-over,r1i1p1f1,2054,2.6846491995675416e-4,5.964401452729362e-7,5.43902461924373e-4,1.337545052211874e-6
zooc,CanESM5,ssp534-over,r1i1p1f1,2055,2.5391224274547034e-4,3.994674671048415e-7,5.061026716208912e-4,1.2445891896548509e-6
zooc,CanESM5,ssp534-over,r1i1p1f1,2056,2.710537684750334e-4,8.445283867786202e-7,5.371856666497296e-4,1.3210273548024282e-6
zooc,CanESM5,ssp534-over,r1i1p1f1,2057,2.51204460847742e-4,6.291415388659516e-7,5.039282887268073e-4,1.2392420267254792e-6
zooc,CanESM5,ssp534-over,r1i1p1f1,2058,2.5147600530356134e-4,4.949476988258539e-7,5.078475853205337e-4,1.2488802176403393e-6
zooc,CanESM5,ssp534-over,r1i1p1f1,2059,2.4191881384281636e-4,3.279445905945977e-7,4.8213183661406086e-4,1.185640988451027e-6
zooc,CanESM5,ssp534-over,r1i1p1f1,2060,2.732038310284615e-4,6.407067019154056e-7,5.486970436231194e-4,1.3493357122612774e-6
zooc,CanESM5,ssp534-over,r1i1p1f1,2061,2.6433839747882733e-4,7.394974090857431e-7,5.294476660174269e-4,1.3019983465072094e-6
zooc,CanESM5,ssp534-over,r1i1p1f1,2062,2.535255662549808e-4,5.240868290457001e-7,5.017307721397648e-4,1.2338379742640272e-6
zooc,CanESM5,ssp534-over,r1i1p1f1,2063,2.4605114291242924e-4,3.964663051192474e-7,4.714121457474139e-4,1.1592795165260882e-6
zooc,CanESM5,ssp534-over,r1i1p1f1,2064,2.625350607595546e-4,5.369790301301691e-7,5.156220829804216e-4,1.2679989780916603e-6
zooc,CanESM5,ssp534-over,r1i1p1f1,2065,2.487880677781875e-4,5.875174053926457e-7,4.8698165426286144e-4,1.197567482729674e-6
zooc,CanESM5,ssp534-over,r1i1p1f1,2066,2.932969475195542e-4,9.661477520239714e-7,5.907758742010634e-4,1.4528144342425294e-6
zooc,CanESM5,ssp534-over,r1i1p1f1,2067,2.754935024771628e-4,1.2790729329026362e-6,5.503942283208095e-4,1.3535093668298802e-6
zooc,CanESM5,ssp534-over,r1i1p1f1,2068,2.8072103364777684e-4,8.537928977148113e-7,5.563482668824748e-4,1.3681513208130588e-6
zooc,CanESM5,ssp534-over,r1i1p1f1,2069,2.68298664083266e-4,8.352760687557748e-7,5.236588565675955e-4,1.287762717915964e-6
zooc,CanESM5,ssp534-over,r1i1p1f1,2070,2.539306034336877e-4,4.1991749810676993e-07,5.060007436102557e-4,1.2443385320170367e-6
zooc,CanESM5,ssp534-over,r1i1p1f1,2071,2.3540513382833028e-4,4.3137791294611816e-7,4.737743769811189e-4,1.16508862922553e-6
zooc,CanESM5,ssp534-over,r1i1p1f1,2072,2.461496528424175e-4,4.705529619286608e-7,4.909410795278104e-4,1.2073043566059161e-6
zooc,CanESM5,ssp534-over,r1i1p1f1,2073,2.6803066240511036e-4,6.336171907150856e-7,5.295769710521431e-4,1.302316328721886e-6
zooc,CanESM5,ssp534-over,r1i1p1f1,2074,2.6165475259104726e-4,6.203297004958586e-7,5.212593802677007e-4,1.2818620135112281e-6
zooc,CanESM5,ssp534-over,r1i1p1f1,2075,2.5458707367456403e-4,6.213791721165762e-7,4.974553287568837e-4,1.2233239601840915e-6
zooc,CanESM5,ssp534-over,r1i1p1f1,2076,2.5836177007478245e-4,8.775367916769028e-7,5.074173958334871e-4,1.2478223113792114e-6
zooc,CanESM5,ssp534-over,r1i1p1f1,2077,2.5712152544013126e-4,9.581206654729613e-7,4.928944604691527e-4,1.2121080396117501e-6
zooc,CanESM5,ssp534-over,r1i1p1f1,2078,2.89769353245077e-4,9.99792405309563e-7,5.637059762895162e-4,1.3862451308285195e-6
zooc,CanESM5,ssp534-over,r1i1p1f1,2079,3.0113477353438064e-4,1.247047350716457e-6,5.930241769104079e-4,1.4583433780794787e-6
zooc,CanESM5,ssp534-over,r1i1p1f1,2080,2.663003206626674e-4,7.261398877744796e-7,5.174857889760435e-4,1.2725821357490132e-6
zooc,CanESM5,ssp534-over,r1i1p1f1,2081,2.778034568574535e-4,6.459328290020494e-7,5.408847693426033e-4,1.3301240529254178e-6
zooc,CanESM5,ssp534-over,r1i1p1f1,2082,2.4919225407076326e-4,5.494988215559715e-7,4.8545751111182323e-4,1.1938193656071278e-6
zooc,CanESM5,ssp534-over,r1i1p1f1,2083,2.471224032414136e-4,5.686146948846726e-7,4.685238659427189e-4,1.152176764410378e-6
zooc,CanESM5,ssp534-over,r1i1p1f1,2084,2.850696916508103e-4,1.0256054565616068e-6,5.552592047098182e-4,1.365473138928325e-6
zooc,CanESM5,ssp534-over,r1i1p1f1,2085,2.963082565042221e-4,1.6466683518956415e-6,5.679628256778841e-4,1.3967134192368452e-6
zooc,CanESM5,ssp534-over,r1i1p1f1,2086,2.5336843473501325e-4,8.500604167238635e-7,4.8177996548029597e-4,1.184775679821391e-6
zooc,CanESM5,ssp534-over,r1i1p1f1,2087,2.4102083520318335e-4,7.603644860409986e-7,4.597844736834822e-4,1.1306851704317024e-6
zooc,CanESM5,ssp534-over,r1i1p1f1,2088,0.00025648314109853873,1.0875326665882312e-6,4.8356097278247546e-4,1.1891554678748503e-6
zooc,CanESM5,ssp534-over,r1i1p1f1,2089,2.879887483442822e-4,1.398815754782845e-6,5.57205371066228e-4,1.3702590800906196e-6
zooc,CanESM5,ssp534-over,r1i1p1f1,2090,2.9514349902427616e-4,1.3812021393277973e-6,5.718011638363366e-4,1.4061525201270851e-6
zooc,CanESM5,ssp534-over,r1i1p1f1,2091,2.72878686586071e-4,9.189693059852289e-7,5.288481241892782e-4,1.300523975159455e-6
zooc,CanESM5,ssp534-over,r1i1p1f1,2092,0.00028677797811249084,1.4204369449544174e-6,5.616016503016656e-4,1.3810702492820526e-6
zooc,CanESM5,ssp534-over,r1i1p1f1,2093,2.979560182922135e-4,1.6193089322769083e-6,5.842416408132433e-4,1.4367456863516774e-6
zooc,CanESM5,ssp534-over,r1i1p1f1,2094,2.68516203911424e-4,1.5012839185146731e-6,5.248162218723404e-4,1.2906088683663337e-6
zooc,CanESM5,ssp534-over,r1i1p1f1,2095,2.646578997088288e-4,1.4523121762977098e-6,5.120299948814576e-4,1.259165446346135e-6
zooc,CanESM5,ssp534-over,r1i1p1f1,2096,2.9075568991369645e-4,1.1427613344494603e-6,5.619123273231222e-4,1.3818342548565354e-6
zooc,CanESM5,ssp534-over,r1i1p1f1,2097,2.8242608161694243e-4,1.025349376959639e-6,5.458038728156428e-4,1.3422209323703153e-6
zooc,CanESM5,ssp534-over,r1i1p1f1,2098,2.6891777866082763e-4,8.985136616956879e-7,5.17137943333273e-4,1.2717267264596803e-6
zooc,CanESM5,ssp534-over,r1i1p1f1,2099,2.7255467056660045e-4,1.2727452372018888e-6,5.08118169006584e-4,1.2495456271499882e-6
zooc,CanESM5,ssp534-over,r1i1p1f1,2100,2.9603024683752093e-4,3.0062656151130795e-6,5.59515503204342e-4,1.375940072598647e-6
zooc,CanESM5-CanOE,historical,r1i1p2f1,1941,1.999222732040487e-4,6.485442281700671e-5,3.404640372541173e-4,8.37256714878858e-7
zooc,CanESM5-CanOE,historical,r1i1p2f1,1942,2.0026508709966627e-4,6.530559767270461e-5,3.404801433397694e-4,8.372963223759417e-7
zooc,CanESM5-CanOE,historical,r1i1p2f1,1943,2.0161668666368335e-4,6.89096596033778e-5,3.461314513283837e-4,8.511938124000768e-7
zooc,CanESM5-CanOE,historical,r1i1p2f1,1944,2.0478354138136345e-4,6.629108247580007e-5,3.408140571177296e-4,8.381174709326072e-7
zooc,CanESM5-CanOE,historical,r1i1p2f1,1945,2.0970299588548994e-4,6.715672861901112e-5,3.4597786126190763e-4,8.508161093230268e-7
zooc,CanESM5-CanOE,historical,r1i1p2f1,1946,2.0976862050859615e-4,6.620631029363722e-5,3.5015221720582874e-4,8.61081532868286e-7
zooc,CanESM5-CanOE,historical,r1i1p2f1,1947,2.1146016866806984e-4,6.646388646913692e-5,3.512434219206308e-4,8.63764983614344e-7
zooc,CanESM5-CanOE,historical,r1i1p2f1,1948,2.0655103690406384e-4,6.556953303515911e-5,3.5389723285572124e-4,8.70291138456845e-7
zooc,CanESM5-CanOE,historical,r1i1p2f1,1949,2.0917753762132003e-4,6.734213093295693e-5,3.4934110270519176e-4,8.590868697383089e-7
zooc,CanESM5-CanOE,historical,r1i1p2f1,1950,2.0610218983776725e-4,6.578879037988372e-5,3.439235004372304e-4,8.457641002793776e-7
zooc,CanESM5-CanOE,historical,r1i1p2f1,1951,2.0423819109812867e-4,6.639760977122933e-5,3.411417205530366e-4,8.38923248875099e-7
zooc,CanESM5-CanOE,historical,r1i1p2f1,1952,2.0795076958582566e-4,6.73863323754631e-5,3.4885521855818367e-4,8.578920012053012e-7
zooc,CanESM5-CanOE,historical,r1i1p2f1,1953,2.0354488786482336e-4,6.550303078256547e-5,3.4341665124156977e-4,8.445176752650931e-7
zooc,CanESM5-CanOE,historical,r1i1p2f1,1954,2.0885853138532002e-4,6.609735646634363e-5,3.549561443760233e-4,8.728951749594544e-7
zooc,CanESM5-CanOE,historical,r1i1p2f1,1955,2.0624655841496595e-4,6.43518396827858e-5,3.475180219073247e-4,8.546036160822358e-7
zooc,CanESM5-CanOE,historical,r1i1p2f1,1956,2.1191271236227765e-4,6.932291216799058e-5,3.5348590169369005e-4,8.692796078992358e-7
zooc,CanESM5-CanOE,historical,r1i1p2f1,1957,2.0284578997416174e-4,6.83237703924533e-5,3.3640700985606973e-4,8.272798214047097e-7
zooc,CanESM5-CanOE,historical,r1i1p2f1,1958,2.0345750066496474e-4,6.48961286060512e-5,3.4394489250544466e-4,8.45816706871551e-7
zooc,CanESM5-CanOE,historical,r1i1p2f1,1959,2.0235384090793723e-4,6.73138492857106e-5,3.4928566593159195e-4,8.589505416511429e-7
zooc,CanESM5-CanOE,historical,r1i1p2f1,1960,2.0639679771831788e-4,6.6366046667099e-5,3.5064307451850826e-4,8.622886312285206e-7
zooc,CanESM5-CanOE,historical,r1i1p2f1,1961,1.9976975359478998e-4,6.571412086486816e-5,3.3681605467993927e-4,8.28285729483088e-7
zooc,CanESM5-CanOE,historical,r1i1p2f1,1962,1.998666757161327e-4,6.361697160173208e-5,3.4686139300324644e-4,8.529888582841524e-7
zooc,CanESM5-CanOE,historical,r1i1p2f1,1963,2.0386239995538432e-4,6.71091147523839e-5,3.420485722690401e-4,8.411533454654671e-7
zooc,CanESM5-CanOE,historical,r1i1p2f1,1964,2.021106544013844e-4,6.77014140819665e-5,3.442691078181621e-4,8.466140053170154e-7
zooc,CanESM5-CanOE,historical,r1i1p2f1,1965,2.0604271234385578e-4,6.355949881253764e-5,3.505719514691314e-4,8.621137280253697e-7
zooc,CanESM5-CanOE,historical,r1i1p2f1,1966,2.0834031202312452e-4,6.776016743970104e-5,3.496019940380556e-4,8.597284441673018e-7
zooc,CanESM5-CanOE,historical,r1i1p2f1,1967,2.085368443000818e-4,6.843512892373838e-5,3.501753035978715e-4,8.61138306079683e-7
zooc,CanESM5-CanOE,historical,r1i1p2f1,1968,2.06805548350833e-4,6.795856461394578e-5,3.4805592093342625e-4,8.559263977045257e-7
zooc,CanESM5-CanOE,historical,r1i1p2f1,1969,2.1013195642895896e-4,6.383237268892117e-5,3.5764424448553e-4,8.795056524862519e-7
zooc,CanESM5-CanOE,historical,r1i1p2f1,1970,2.0160125822962368e-4,6.292383841355331e-5,3.453250495318488e-4,8.492107385797564e-7
zooc,CanESM5-CanOE,historical,r1i1p2f1,1971,2.041237440687642e-4,6.29420974291861e-5,3.474345964111719e-4,8.543984591516849e-7
zooc,CanESM5-CanOE,historical,r1i1p2f1,1972,2.0938776382587682e-4,6.39330901321955e-5,3.5173430229813274e-4,8.649721386947468e-7
zooc,CanESM5-CanOE,historical,r1i1p2f1,1973,2.0636718220527035e-4,6.556042717420496e-5,3.5085143470141175e-4,8.628010229737877e-7
zooc,CanESM5-CanOE,historical,r1i1p2f1,1974,2.0417064154124351e-4,5.952682113274932e-5,3.5616580112443825e-4,8.758699186166031e-7
zooc,CanESM5-CanOE,historical,r1i1p2f1,1975,2.0487633980999744e-4,6.116272925282829e-5,3.5662192115322385e-4,8.769915923180944e-7
zooc,CanESM5-CanOE,historical,r1i1p2f1,1976,2.0615743187620347e-4,6.246228440431878e-5,3.564196842117096e-4,8.764942586242188e-7
zooc,CanESM5-CanOE,historical,r1i1p2f1,1977,2.0584161101370205e-4,6.600295819225721e-5,3.508592424372106e-4,8.628202234722553e-7
zooc,CanESM5-CanOE,historical,r1i1p2f1,1978,2.0560460223162358e-4,6.486069469247013e-5,3.4644987442115417e-4,8.519768668299801e-7
zooc,CanESM5-CanOE,historical,r1i1p2f1,1979,2.0695864822665603e-4,6.638988998020068e-5,3.501598275477612e-4,8.611002479429731e-7
zooc,CanESM5-CanOE,historical,r1i1p2f1,1980,2.0943910561195222e-4,6.410228888853453e-5,3.442301412567333e-4,8.46518180173558e-7
zooc,CanESM5-CanOE,historical,r1i1p2f1,1981,2.0650157216835284e-4,6.458292773459107e-5,3.4762450352826654e-4,8.548654717920599e-7
zooc,CanESM5-CanOE,historical,r1i1p2f1,1982,2.0899688809219958e-4,6.356323865475133e-5,3.5200680565363027e-4,8.656422689853273e-7
zooc,CanESM5-CanOE,historical,r1i1p2f1,1983,2.0434133318689268e-4,6.53375500405673e-5,3.4774953871800196e-4,8.551729537600424e-7
zooc,CanESM5-CanOE,historical,r1i1p2f1,1984,2.0904747326397043e-4,6.463017780333757e-5,3.478100681808603e-4,8.553218056024716e-7
zooc,CanESM5-CanOE,historical,r1i1p2f1,1985,2.051468565197454e-4,6.11813047726173e-5,3.499909084351785e-4,8.606848482360851e-7
zooc,CanESM5-CanOE,historical,r1i1p2f1,1986,2.0044883547246328e-4,5.920268813497387e-5,3.502179643273572e-4,8.612432157861871e-7
zooc,CanESM5-CanOE,historical,r1i1p2f1,1987,2.0290409754560046e-4,6.246641351026483e-5,3.417108996947531e-4,8.403229534142762e-7
zooc,CanESM5-CanOE,historical,r1i1p2f1,1988,2.1187077084278185e-4,6.722250327584334e-5,3.5651797750601427e-4,8.767359779004981e-7
zooc,CanESM5-CanOE,historical,r1i1p2f1,1989,2.055946758720802e-4,6.179531192174181e-5,3.511297851520528e-4,8.634855322270068e-7
zooc,CanESM5-CanOE,historical,r1i1p2f1,1990,2.078282778708582e-4,6.197385664563626e-5,3.570276707326824e-4,8.779893968518736e-7
zooc,CanESM5-CanOE,historical,r1i1p2f1,1991,2.0696042625755528e-4,6.306876093731262e-5,3.5201376217870224e-4,8.656593762174911e-7
zooc,CanESM5-CanOE,historical,r1i1p2f1,1992,2.0336731388725544e-4,6.67278618493583e-5,3.4485458122442847e-4,8.480537801159426e-7
zooc,CanESM5-CanOE,historical,r1i1p2f1,1993,2.014459649564931e-4,6.668380228802562e-5,3.403672203001237e-4,8.370186261647048e-7
zooc,CanESM5-CanOE,historical,r1i1p2f1,1994,2.045278723604924e-4,6.770985419279896e-5,3.461050571097008e-4,8.511289047023227e-7
zooc,CanESM5-CanOE,historical,r1i1p2f1,1995,2.0331125023041898e-4,6.618135375902057e-5,3.3885704281935247e-4,8.333048529079693e-7
zooc,CanESM5-CanOE,historical,r1i1p2f1,1996,2.073480384870375e-4,6.274113911786117e-5,3.5652036570822546e-4,8.767418508800759e-7
zooc,CanESM5-CanOE,historical,r1i1p2f1,1997,2.134056779587765e-4,6.587469397345558e-5,3.6912689531447176e-4,9.077433676607479e-7
zooc,CanESM5-CanOE,historical,r1i1p2f1,1998,2.126540217230654e-4,6.734140697517432e-5,3.5663499899329676e-4,8.770237528643461e-7
zooc,CanESM5-CanOE,historical,r1i1p2f1,1999,2.09067476023397e-4,6.630922143813223e-5,3.5079739153549545e-4,8.626681219956942e-7
zooc,CanESM5-CanOE,historical,r1i1p2f1,2000,2.0551539698451012e-4,6.62337988615036e-5,3.4819031774898176e-4,8.56256901440514e-7
zooc,CanESM5-CanOE,historical,r1i1p2f1,2001,2.1181412928821352e-4,6.500004019471817e-5,3.6358089262281335e-4,8.941048405734907e-7
zooc,CanESM5-CanOE,historical,r1i1p2f1,2002,2.0819356853143362e-4,6.509125159936957e-5,3.6085194148892174e-4,8.873939037008199e-7
zooc,CanESM5-CanOE,historical,r1i1p2f1,2003,2.0770837563750165e-4,6.568690878339112e-5,3.5631131680003304e-4,8.762277654467544e-7
zooc,CanESM5-CanOE,historical,r1i1p2f1,2004,2.1356099795395096e-4,7.345636913669296e-5,3.657349701568503e-4,8.994020693036899e-7
zooc,CanESM5-CanOE,historical,r1i1p2f1,2005,2.109781468024388e-4,7.004761937423609e-5,3.5840559322897604e-4,8.813779334853137e-7
zooc,CanESM5-CanOE,historical,r1i1p2f1,2006,2.0922347165588291e-4,7.014166476437822e-5,3.4817066186325823e-4,8.562085644048563e-7
zooc,CanESM5-CanOE,historical,r1i1p2f1,2007,2.033007642324739e-4,6.727822255925275e-5,3.4217726277233394e-4,8.414698164469338e-7
zooc,CanESM5-CanOE,historical,r1i1p2f1,2008,1.990216724171481e-4,6.0810514696640894e-5,3.437507387135663e-4,8.453392509637836e-7
zooc,CanESM5-CanOE,historical,r1i1p2f1,2009,2.114075452230554e-4,7.015706069068983e-5,3.535355092059184e-4,8.694016008799236e-7
zooc,CanESM5-CanOE,historical,r1i1p2f1,2010,2.059344923967905e-4,6.722482066834345e-5,3.4404450060024615e-4,8.460616594571499e-7
zooc,CanESM5-CanOE,historical,r1i1p2f1,2011,2.091028370559043e-4,7.276820906554349e-5,3.484500007233976e-4,8.568955043185829e-7
zooc,CanESM5-CanOE,historical,r1i1p2f1,2012,2.0931295793196543e-4,6.71929883537814e-5,3.531060468245188e-4,8.683454826904236e-7
zooc,CanESM5-CanOE,historical,r1i1p2f1,2013,2.1716367401455983e-4,7.396516957669519e-5,3.597943663343978e-4,8.847931535400817e-7
zooc,CanESM5-CanOE,historical,r1i1p2f1,2014,2.0169482652706696e-4,6.704112456645817e-5,3.442118605168314e-4,8.464732248462368e-7
zooc,CanESM5-CanOE,ssp126,r1i1p2f1,2015,2.1090778970397716e-4,7.136163549148478e-5,3.584525401030245e-4,8.814933835218482e-7
zooc,CanESM5-CanOE,ssp126,r1i1p2f1,2016,2.0844333917085362e-4,6.907907663844526e-5,3.5777461295429376e-4,8.798262498590647e-7
zooc,CanESM5-CanOE,ssp126,r1i1p2f1,2017,2.0672898500737142e-4,6.785908772144467e-5,3.479215670768895e-4,8.555959996117859e-7
zooc,CanESM5-CanOE,ssp126,r1i1p2f1,2018,2.086941639026194e-4,6.905000191181898e-5,3.5376293852029943e-4,8.699608867362553e-7
zooc,CanESM5-CanOE,ssp126,r1i1p2f1,2019,2.030077448807717e-4,6.888982534292154e-5,3.432785824604228e-4,8.441781415655496e-7
zooc,CanESM5-CanOE,ssp126,r1i1p2f1,2020,2.108676277799763e-4,7.049632040434517e-5,3.622463239549938e-4,8.90822918090251e-7
zooc,CanESM5-CanOE,ssp126,r1i1p2f1,2021,2.110495344604197e-4,7.303175880224444e-5,3.5053622703830903e-4,8.620258758109846e-7
zooc,CanESM5-CanOE,ssp126,r1i1p2f1,2022,2.0629594962724826e-4,6.895620754221454e-5,3.445400209787627e-4,8.472802250584343e-7
zooc,CanESM5-CanOE,ssp126,r1i1p2f1,2023,2.0201087578557056e-4,6.800558549002744e-5,3.461023088862976e-4,8.511221463717898e-7
zooc,CanESM5-CanOE,ssp126,r1i1p2f1,2024,2.0573667419001096e-4,6.848759585409425e-5,3.546376156139602e-4,8.721118606714894e-7
zooc,CanESM5-CanOE,ssp126,r1i1p2f1,2025,2.0776601147309425e-4,7.135069608921185e-5,3.4831708427703e-4,8.565686410523869e-7
zooc,CanESM5-CanOE,ssp126,r1i1p2f1,2026,2.1066721247399992e-4,6.926332207513042e-5,3.517244300291237e-4,8.649478611716769e-7
zooc,CanESM5-CanOE,ssp126,r1i1p2f1,2027,2.0882869831832294e-4,7.20548487151973e-5,3.4782591233618e-4,8.553607689700564e-7
zooc,CanESM5-CanOE,ssp126,r1i1p2f1,2028,2.1055417327365153e-4,7.79356196289882e-5,3.555548761084339e-4,8.743675541493824e-7
zooc,CanESM5-CanOE,ssp126,r1i1p2f1,2029,2.1675316981047206e-4,7.737089981674217e-5,3.6058108786106034e-4,8.86727830360137e-7
zooc,CanESM5-CanOE,ssp126,r1i1p2f1,2030,2.114597277572148e-4,7.296272451640107e-5,3.5731279134516397e-4,8.786905550396102e-7
zooc,CanESM5-CanOE,ssp126,r1i1p2f1,2031,2.1372536320255658e-4,7.278471093741246e-5,3.588898474616425e-4,8.825687937925535e-7
zooc,CanESM5-CanOE,ssp126,r1i1p2f1,2032,2.1152663710171955e-4,7.605041537317447e-5,3.576633099351663e-4,8.795525375430671e-7
zooc,CanESM5-CanOE,ssp126,r1i1p2f1,2033,2.0630053976717564e-4,7.118088979041204e-5,3.5664448687018385e-4,8.770470851043611e-7
zooc,CanESM5-CanOE,ssp126,r1i1p2f1,2034,2.0139097902439313e-4,7.0323050749721e-5,3.411132171042732e-4,8.388531542358331e-7
zooc,CanESM5-CanOE,ssp126,r1i1p2f1,2035,2.0246388520327608e-4,6.976258737267926e-5,3.4438127564486104e-4,8.468898443361802e-7
zooc,CanESM5-CanOE,ssp126,r1i1p2f1,2036,2.1514405654678097e-4,7.69865328038577e-5,3.5981245860988454e-4,8.848376454026023e-7
zooc,CanESM5-CanOE,ssp126,r1i1p2f1,2037,2.0809367316763675e-4,7.135237319744192e-5,3.4676279751334423e-4,8.527463958595064e-7
zooc,CanESM5-CanOE,ssp126,r1i1p2f1,2038,2.1292836873028391e-4,7.34007335267961e-5,3.5587238151601856e-4,8.751483518414223e-7
zooc,CanESM5-CanOE,ssp126,r1i1p2f1,2039,2.090187255019974e-4,7.137177453842014e-5,3.4437007992957764e-4,8.468623122424104e-7
zooc,CanESM5-CanOE,ssp126,r1i1p2f1,2040,2.0000597457821084e-4,6.701279562548734e-5,3.3934060096432186e-4,8.344940014217895e-7
zooc,CanESM5-CanOE,ssp126,r1i1p2f1,2041,2.1184265666759013e-4,6.643117012572475e-5,3.7139769110647677e-4,9.133276256643496e-7
zooc,CanESM5-CanOE,ssp126,r1i1p2f1,2042,2.2214011769124147e-4,7.91318088886328e-5,3.697871533804111e-4,9.093670501610174e-7
zooc,CanESM5-CanOE,ssp126,r1i1p2f1,2043,2.1314781912050898e-4,7.793386248522438e-5,3.4840516967926243e-4,8.567852574536277e-7
zooc,CanESM5-CanOE,ssp126,r1i1p2f1,2044,2.0906711438562536e-4,7.402040137094446e-5,3.5400430147500874e-4,8.705544376915432e-7
zooc,CanESM5-CanOE,ssp126,r1i1p2f1,2045,2.0780718178182637e-4,7.276532051037066e-5,3.509764363947972e-4,8.631084225687708e-7
zooc,CanESM5-CanOE,ssp126,r1i1p2f1,2046,2.1147404006308757e-4,7.780970554449596e-5,3.40645869823244e-4,8.377038708860325e-7
zooc,CanESM5-CanOE,ssp126,r1i1p2f1,2047,2.0710512356861938e-4,6.780540206818841e-5,3.4230686150206024e-4,8.417885209056432e-7
zooc,CanESM5-CanOE,ssp126,r1i1p2f1,2048,2.140492449451087e-4,7.10701642674394e-5,3.61962648490479e-4,8.901253137575675e-7
zooc,CanESM5-CanOE,ssp126,r1i1p2f1,2049,2.1598812340940752e-4,7.698391345911659e-5,3.5796433750241003e-4,8.802928135324818e-7
zooc,CanESM5-CanOE,ssp126,r1i1p2f1,2050,2.0954602230277938e-4,7.374121560133062e-5,3.4485999215497475e-4,8.480670864785476e-7
zooc,CanESM5-CanOE,ssp126,r1i1p2f1,2051,2.1059814453374805e-4,6.952314652153291e-5,3.5199402844933144e-4,8.656108477515816e-7
zooc,CanESM5-CanOE,ssp126,r1i1p2f1,2052,2.0369756688006085e-4,6.836469765403308e-5,3.4928626614593345e-4,8.589520176763109e-7
zooc,CanESM5-CanOE,ssp126,r1i1p2f1,2053,2.1926362681882035e-4,7.673672371311113e-5,3.658621558658499e-4,8.997148397500354e-7
zooc,CanESM5-CanOE,ssp126,r1i1p2f1,2054,2.1434507954476583e-4,7.572759932372719e-5,3.563288771307094e-4,8.762709491700423e-7
zooc,CanESM5-CanOE,ssp126,r1i1p2f1,2055,2.1347277087708854e-4,7.274739982676692e-5,3.6035927100826486e-4,8.86182346464175e-7
zooc,CanESM5-CanOE,ssp126,r1i1p2f1,2056,2.0593357916709354e-4,7.039669435471296e-5,3.525793842735024e-4,8.67050333396918e-7
zooc,CanESM5-CanOE,ssp126,r1i1p2f1,2057,2.0864877369987302e-4,6.977444354561158e-5,3.635620889407517e-4,8.940585992459263e-7
zooc,CanESM5-CanOE,ssp126,r1i1p2f1,2058,2.251964137952885e-4,8.032563346205279e-5,3.7155505176160344e-4,9.137146012351767e-7
zooc,CanESM5-CanOE,ssp126,r1i1p2f1,2059,2.1434820930219675e-4,7.744757749605924e-5,3.5247304833617557e-4,8.667888359469146e-7
zooc,CanESM5-CanOE,ssp126,r1i1p2f1,2060,2.1727135222271248e-4,7.92112696217373e-5,3.587902861408149e-4,8.823239562318013e-7
zooc,CanESM5-CanOE,ssp126,r1i1p2f1,2061,2.1718407678350277e-4,7.820936662028544e-5,0.00035618639420314623,8.759205603629895e-7
zooc,CanESM5-CanOE,ssp126,r1i1p2f1,2062,2.1685269367342425e-4,7.400841059279628e-5,3.600595792532103e-4,8.854453554552657e-7
zooc,CanESM5-CanOE,ssp126,r1i1p2f1,2063,2.2183027999449686e-4,7.815526987542398e-5,3.6841187329688285e-4,9.059850116524577e-7
zooc,CanESM5-CanOE,ssp126,r1i1p2f1,2064,2.1783036864488718e-4,7.773463948979042e-5,3.615822261881314e-4,8.891897931378303e-7
zooc,CanESM5-CanOE,ssp126,r1i1p2f1,2065,2.1287977863139985e-4,7.283229206223041e-5,3.636714353971571e-4,8.943275000543994e-7
zooc,CanESM5-CanOE,ssp126,r1i1p2f1,2066,2.189357231690242e-4,7.772109529469162e-5,3.6919815373860003e-4,9.079186037725389e-7
zooc,CanESM5-CanOE,ssp126,r1i1p2f1,2067,2.199166838078514e-4,7.669549086131155e-5,3.6112110911556576e-4,8.880558308889402e-7
zooc,CanESM5-CanOE,ssp126,r1i1p2f1,2068,2.2049315575795264e-4,7.839077079552226e-5,3.5844804491527797e-4,8.814823291204619e-7
zooc,CanESM5-CanOE,ssp126,r1i1p2f1,2069,2.1401522278038208e-4,7.122143870219588e-5,3.6443949666671897e-4,8.962162882523114e-7
zooc,CanESM5-CanOE,ssp126,r1i1p2f1,2070,2.260242776935849e-4,7.53201347833965e-5,3.8167068760473213e-4,9.385906031272865e-7
zooc,CanESM5-CanOE,ssp126,r1i1p2f1,2071,2.2097619742023465e-4,7.985641423147172e-5,3.6447276010543336e-4,8.962980884848652e-7
zooc,CanESM5-CanOE,ssp126,r1i1p2f1,2072,2.1884986804110253e-4,7.962723248056136e-5,3.616794143577572e-4,8.894287947318966e-7
zooc,CanESM5-CanOE,ssp126,r1i1p2f1,2073,2.2045987689929994e-4,8.513967623002827e-5,3.6066684281301756e-4,8.869387158032497e-7
zooc,CanESM5-CanOE,ssp126,r1i1p2f1,2074,2.2569057583110807e-4,7.96757849457208e-5,3.707913094030527e-4,9.118364339453471e-7
zooc,CanESM5-CanOE,ssp126,r1i1p2f1,2075,2.2303385913189454e-4,8.319770495290868e-5,3.6484649139163934e-4,8.972171548022945e-7
zooc,CanESM5-CanOE,ssp126,r1i1p2f1,2076,2.2004433452997682e-4,8.744053047848865e-5,3.4852104902986867e-4,8.57070223716712e-7
zooc,CanESM5-CanOE,ssp126,r1i1p2f1,2077,2.127210630564307e-4,8.075928053585812e-5,3.5746998172580234e-4,8.790771118776401e-7
zooc,CanESM5-CanOE,ssp126,r1i1p2f1,2078,2.2185229431433362e-4,9.124390271608718e-5,3.6689523394769526e-4,9.022553476051238e-7
zooc,CanESM5-CanOE,ssp126,r1i1p2f1,2079,2.2459931907155943e-4,8.877579966792837e-5,3.7346935496622316e-4,9.184221856993347e-7
zooc,CanESM5-CanOE,ssp126,r1i1p2f1,2080,2.3014283300543857e-4,9.710223821457475e-5,3.618534791384327e-4,8.898568484776603e-7
zooc,CanESM5-CanOE,ssp126,r1i1p2f1,2081,2.2653048207677993e-4,9.822428910410963e-5,3.508300778066038e-4,8.627485028787695e-7
zooc,CanESM5-CanOE,ssp126,r1i1p2f1,2082,2.2308303383613144e-4,8.653188706375659e-5,3.6323146477885656e-4,8.932455403928373e-7
zooc,CanESM5-CanOE,ssp126,r1i1p2f1,2083,2.2044198798144106e-4,8.253337728092447e-5,3.563089419515562e-4,8.762219253061918e-7
zooc,CanESM5-CanOE,ssp126,r1i1p2f1,2084,2.2231419382518907e-4,7.987833305378444e-5,3.622849059681275e-4,8.909177975665982e-7
zooc,CanESM5-CanOE,ssp126,r1i1p2f1,2085,2.1275598867908605e-4,7.005038423812948e-5,3.572499585448877e-4,8.785360389140004e-7
zooc,CanESM5-CanOE,ssp126,r1i1p2f1,2086,2.2271266360333742e-4,7.547424684162252e-5,3.8017418993097573e-4,9.349104707519016e-7
zooc,CanESM5-CanOE,ssp126,r1i1p2f1,2087,2.206473290970069e-4,7.83531395427417e-5,3.66434831513073e-4,9.011231427677407e-7
zooc,CanESM5-CanOE,ssp126,r1i1p2f1,2088,2.180743706393786e-4,8.067362068686634e-5,3.5722519868938246e-4,8.784751503824293e-7
zooc,CanESM5-CanOE,ssp126,r1i1p2f1,2089,2.2966747916502813e-4,9.342900739284232e-5,3.708727001915706e-4,9.120365871972603e-7
zooc,CanESM5-CanOE,ssp126,r1i1p2f1,2090,2.2282851271482914e-4,9.377427704748698e-5,3.5302773928027427e-4,8.681529116401207e-7
zooc,CanESM5-CanOE,ssp126,r1i1p2f1,2091,2.2887915135848274e-4,9.433103332412429e-5,3.7029138942653515e-4,9.106070490134843e-7
zooc,CanESM5-CanOE,ssp126,r1i1p2f1,2092,2.3084259651929458e-4,1.0032188220066018e-4,3.7010682219121435e-4,9.101531680151702e-7
zooc,CanESM5-CanOE,ssp126,r1i1p2f1,2093,2.2746771110752917e-4,9.291854803450406e-5,3.5804212901248747e-4,8.804841155704245e-7
zooc,CanESM5-CanOE,ssp126,r1i1p2f1,2094,2.2549674313603166e-4,8.803535092738457e-5,3.6431979722722975e-4,8.95921927766288e-7
zooc,CanESM5-CanOE,ssp126,r1i1p2f1,2095,2.232387444880673e-4,8.671006071381271e-5,3.709711228260354e-4,9.122786245421334e-7
zooc,CanESM5-CanOE,ssp126,r1i1p2f1,2096,2.3250584985172503e-4,9.642488294048235e-5,3.693554523697927e-4,9.083054268163748e-7
zooc,CanESM5-CanOE,ssp126,r1i1p2f1,2097,2.3214413763059178e-4,8.853614053805359e-5,3.763050381681004e-4,9.253955941720447e-7
zooc,CanESM5-CanOE,ssp126,r1i1p2f1,2098,2.2687807507735605e-4,7.976476263138466e-5,3.7619366759929267e-4,9.251217157403425e-7
zooc,CanESM5-CanOE,ssp126,r1i1p2f1,2099,2.2841519500149473e-4,8.156593321473338e-5,3.7357223741505075e-4,9.186751904566618e-7
zooc,CanESM5-CanOE,ssp126,r1i1p2f1,2100,2.3040099246208017e-4,7.992628525244072e-5,3.7488974979112605e-4,9.219151687307304e-7
zooc,CanESM5-CanOE,ssp245,r1i1p2f1,2015,2.1118562079146206e-4,7.082530282787047e-5,3.590234448766341e-4,8.828973316718969e-7
zooc,CanESM5-CanOE,ssp245,r1i1p2f1,2016,2.0839106586640087e-4,6.737123476341367e-5,3.511493424865048e-4,8.6353362690898e-7
zooc,CanESM5-CanOE,ssp245,r1i1p2f1,2017,2.098464076571646e-4,7.273645314853638e-5,3.5501816258529475e-4,8.730476878726422e-7
zooc,CanESM5-CanOE,ssp245,r1i1p2f1,2018,2.0077356230590126e-4,7.228798858704977e-5,3.2836747242381695e-4,8.075092848336193e-7
zooc,CanESM5-CanOE,ssp245,r1i1p2f1,2019,2.0210736870150564e-4,6.789696999476291e-5,3.3746630908497135e-4,8.298848113461345e-7
zooc,CanESM5-CanOE,ssp245,r1i1p2f1,2020,2.180263889026877e-4,7.568314686068334e-5,3.6368117121110164e-4,8.943514420121628e-7
zooc,CanESM5-CanOE,ssp245,r1i1p2f1,2021,2.032387008658512e-4,7.06458704371471e-5,3.4082130448971897e-4,8.381352934048786e-7
zooc,CanESM5-CanOE,ssp245,r1i1p2f1,2022,2.137851608837699e-4,7.126631317078136e-5,3.5717286221902063e-4,8.783464464476558e-7
zooc,CanESM5-CanOE,ssp245,r1i1p2f1,2023,2.0648419701472368e-4,7.038559851935133e-5,3.463137583670986e-4,8.516421352055184e-7
zooc,CanESM5-CanOE,ssp245,r1i1p2f1,2024,2.0815741173869971e-4,7.133208418963477e-5,3.449216490824053e-4,8.482187109406388e-7
zooc,CanESM5-CanOE,ssp245,r1i1p2f1,2025,2.0479073679224136e-4,7.227523747133091e-5,3.421136320756127e-4,8.413133381635534e-7
zooc,CanESM5-CanOE,ssp245,r1i1p2f1,2026,2.074129465318733e-4,7.066351099638268e-5,3.5093470243445664e-4,8.630057919390707e-7
zooc,CanESM5-CanOE,ssp245,r1i1p2f1,2027,2.1028981229122978e-4,7.27768820070196e-5,3.6119857412263037e-4,8.882463300026089e-7
zooc,CanESM5-CanOE,ssp245,r1i1p2f1,2028,2.0597598691780047e-4,7.474404264939949e-5,3.4063237128073776e-4,8.376706757637353e-7
zooc,CanESM5-CanOE,ssp245,r1i1p2f1,2029,2.0338732601901956e-4,7.051159991533495e-5,3.459387782580398e-4,8.507199978285796e-7
zooc,CanESM5-CanOE,ssp245,r1i1p2f1,2030,2.1209741594684794e-4,7.665880184504203e-5,3.618040335906061e-4,8.897352537939089e-7
zooc,CanESM5-CanOE,ssp245,r1i1p2f1,2031,2.1260658764051164e-4,7.64788783271797e-5,3.482735819248399e-4,8.564616616580933e-7
zooc,CanESM5-CanOE,ssp245,r1i1p2f1,2032,2.0927173349492566e-4,7.383172123809345e-5,3.5182886961315313e-4,8.652046951789719e-7
zooc,CanESM5-CanOE,ssp245,r1i1p2f1,2033,2.0643362593612954e-4,7.009833279880695e-5,3.5277946710659104e-4,8.675423697860959e-7
zooc,CanESM5-CanOE,ssp245,r1i1p2f1,2034,2.1268230454225275e-4,7.170180469984189e-5,3.5837008513857674e-4,8.812906132873888e-7
zooc,CanESM5-CanOE,ssp245,r1i1p2f1,2035,2.1399925457507612e-4,7.249701957334764e-5,3.65208243727029e-4,8.981067629217625e-7
zooc,CanESM5-CanOE,ssp245,r1i1p2f1,2036,2.094521512864564e-4,7.26001599105075e-5,3.589169199119504e-4,8.826353693727273e-7
zooc,CanESM5-CanOE,ssp245,r1i1p2f1,2037,2.0563003927658686e-4,7.068584818625823e-5,3.487968020882619e-4,8.577483455578619e-7
zooc,CanESM5-CanOE,ssp245,r1i1p2f1,2038,2.111074565177758e-4,7.304755490622483e-5,3.527947161713002e-4,8.675798697286048e-7
zooc,CanESM5-CanOE,ssp245,r1i1p2f1,2039,2.0757421912410685e-4,6.924260742380284e-5,3.53441159718294e-4,8.691695800688682e-7
zooc,CanESM5-CanOE,ssp245,r1i1p2f1,2040,2.1092279698966084e-4,6.976324220886454e-5,3.5997625490897134e-4,8.852404472738037e-7
zooc,CanESM5-CanOE,ssp245,r1i1p2f1,2041,2.150948217477638e-4,7.570058733108453e-5,3.5771860511639827e-4,8.796885174314578e-7
zooc,CanESM5-CanOE,ssp245,r1i1p2f1,2042,2.1383405294957602e-4,7.329426080104895e-5,3.5812986272614747e-4,8.806998671119838e-7
zooc,CanESM5-CanOE,ssp245,r1i1p2f1,2043,2.1350172798824833e-4,7.697505498072132e-5,3.565066273897655e-4,8.767080661095183e-7
zooc,CanESM5-CanOE,ssp245,r1i1p2f1,2044,2.084208237847626e-4,8.069393152254634e-5,3.429048223296513e-4,8.432590043146191e-7
zooc,CanESM5-CanOE,ssp245,r1i1p2f1,2045,2.0820770373001046e-4,7.628612729604356e-5,3.453394982260593e-4,8.492462702803923e-7
zooc,CanESM5-CanOE,ssp245,r1i1p2f1,2046,2.112258829394978e-4,7.480246495106257e-5,3.468048603967513e-4,8.528498353647879e-7
zooc,CanESM5-CanOE,ssp245,r1i1p2f1,2047,2.1004368629144585e-4,7.446689778589644e-5,3.5494365342846474e-4,8.728644576778204e-7
zooc,CanESM5-CanOE,ssp245,r1i1p2f1,2048,2.1025361595415528e-4,7.641886259079911e-5,3.4931910566664916e-4,8.590327754252185e-7
zooc,CanESM5-CanOE,ssp245,r1i1p2f1,2049,2.0636227084514132e-4,6.99106058164034e-5,3.460020016193492e-4,8.508754744076053e-7
zooc,CanESM5-CanOE,ssp245,r1i1p2f1,2050,2.098444399741476e-4,7.366892896243371e-5,3.5088083189892597e-4,8.628733154873111e-7
zooc,CanESM5-CanOE,ssp245,r1i1p2f1,2051,2.150432786012205e-4,8.211070598918013e-5,3.531643632151231e-4,8.684888922264638e-7
zooc,CanESM5-CanOE,ssp245,r1i1p2f1,2052,2.1045719964683001e-4,8.202376557164825e-5,3.475028408356119e-4,8.545662833456182e-7
zooc,CanESM5-CanOE,ssp245,r1i1p2f1,2053,2.104521512463323e-4,8.266874283435754e-5,3.34664176762423e-4,8.229939099694302e-7
zooc,CanESM5-CanOE,ssp245,r1i1p2f1,2054,2.1036818151064387e-4,7.982100214576349e-5,3.6034678440989706e-4,8.861516398779118e-7
zooc,CanESM5-CanOE,ssp245,r1i1p2f1,2055,2.2058245460822109e-4,8.098469697870314e-5,3.668140874148463e-4,9.020557950178229e-7
zooc,CanESM5-CanOE,ssp245,r1i1p2f1,2056,2.1226945749175635e-4,7.796319187036715e-5,3.464517255329621e-4,8.519814190164714e-7
zooc,CanESM5-CanOE,ssp245,r1i1p2f1,2057,2.1802407923492877e-4,7.483270019292831e-5,3.591281489229076e-4,8.831548160350751e-7
zooc,CanESM5-CanOE,ssp245,r1i1p2f1,2058,2.159714015850034e-4,7.315919719985686e-5,3.6904877732974557e-4,9.075512627682832e-7
zooc,CanESM5-CanOE,ssp245,r1i1p2f1,2059,2.1610984154615424e-4,7.758151696179993e-5,3.604274734964201e-4,8.863500675299298e-7
zooc,CanESM5-CanOE,ssp245,r1i1p2f1,2060,2.1907896174800737e-4,7.830398317310028e-5,3.6588208566836036e-4,8.997638503918426e-7
zooc,CanESM5-CanOE,ssp245,r1i1p2f1,2061,2.1114709317799344e-4,7.772948447382078e-5,3.5977231798390934e-4,8.847389330425298e-7
zooc,CanESM5-CanOE,ssp245,r1i1p2f1,2062,2.1572761728633726e-4,7.86995624366682e-5,3.56917436661903e-4,8.777183132545784e-7
zooc,CanESM5-CanOE,ssp245,r1i1p2f1,2063,2.1680300766411764e-4,7.64740543672815e-5,3.4939802234631464e-4,8.592268444390819e-7
zooc,CanESM5-CanOE,ssp245,r1i1p2f1,2064,2.176955943322824e-4,7.551473754574545e-5,3.641623705871925e-4,8.955347899277808e-7
zooc,CanESM5-CanOE,ssp245,r1i1p2f1,2065,2.175265112743536e-4,8.381523002753966e-5,3.538939714496241e-4,8.702831181261905e-7
zooc,CanESM5-CanOE,ssp245,r1i1p2f1,2066,2.1210948493307082e-4,8.18500375316944e-5,3.408062367938066e-4,8.380982394778849e-7
zooc,CanESM5-CanOE,ssp245,r1i1p2f1,2067,2.2171105474638842e-4,7.553243995062076e-5,3.6705140096351095e-4,9.026393878217904e-7
zooc,CanESM5-CanOE,ssp245,r1i1p2f1,2068,2.191062517012848e-4,7.276950418599881e-5,3.747573271888037e-4,9.215895199077584e-7
zooc,CanESM5-CanOE,ssp245,r1i1p2f1,2069,2.18502765604979e-4,7.593814007123001e-5,3.623349533864184e-4,8.910408723481943e-7
zooc,CanESM5-CanOE,ssp245,r1i1p2f1,2070,2.114593869714871e-4,6.97124378348235e-5,3.5853614692709995e-4,8.816989863673981e-7
zooc,CanESM5-CanOE,ssp245,r1i1p2f1,2071,2.1856132736186094e-4,7.35466237529181e-5,3.7006877719612433e-4,9.100596091539655e-7
zooc,CanESM5-CanOE,ssp245,r1i1p2f1,2072,2.2397668529503632e-4,8.107929534162395e-5,3.712063488602285e-4,9.128570838068205e-7
zooc,CanESM5-CanOE,ssp245,r1i1p2f1,2073,2.1461521577552313e-4,7.765531336190179e-5,3.567184711323181e-4,8.772290244973344e-7
zooc,CanESM5-CanOE,ssp245,r1i1p2f1,2074,2.261298589067904e-4,7.80127156758681e-5,3.8188455435289945e-4,9.391165364165601e-7
zooc,CanESM5-CanOE,ssp245,r1i1p2f1,2075,2.214250222151928e-4,7.803152766427957e-5,3.684316071834128e-4,9.060335405048472e-7
zooc,CanESM5-CanOE,ssp245,r1i1p2f1,2076,2.2304608627208232e-4,7.431146514136344e-5,3.7627674328811805e-4,9.25326012437501e-7
zooc,CanESM5-CanOE,ssp245,r1i1p2f1,2077,2.2036026614757353e-4,7.982060560607351e-5,3.6711858313906e-4,9.028045997720811e-7
zooc,CanESM5-CanOE,ssp245,r1i1p2f1,2078,2.149735779339366e-4,7.737052874290384e-5,3.513770017480603e-4,8.640934782429976e-7
zooc,CanESM5-CanOE,ssp245,r1i1p2f1,2079,2.1866668791290804e-4,7.617884693900123e-5,3.543591489157338e-4,8.714270655464579e-7
zooc,CanESM5-CanOE,ssp245,r1i1p2f1,2080,2.2331312556227615e-4,7.829288369975984e-5,3.673124782542565e-4,9.032814195516085e-7
zooc,CanESM5-CanOE,ssp245,r1i1p2f1,2081,2.16102441419532e-4,7.669970727874897e-5,3.551195775550802e-4,8.73297083859152e-7
zooc,CanESM5-CanOE,ssp245,r1i1p2f1,2082,2.253960155801892e-4,8.311198325827718e-5,3.665175288612957e-4,9.013265090635192e-7
zooc,CanESM5-CanOE,ssp245,r1i1p2f1,2083,2.2760419363502429e-4,8.536939276382327e-5,3.7263986152790107e-4,9.163823257576377e-7
zooc,CanESM5-CanOE,ssp245,r1i1p2f1,2084,2.1857830811883056e-4,7.910603380878456e-5,3.634323306477098e-4,8.937395023949439e-7
zooc,CanESM5-CanOE,ssp245,r1i1p2f1,2085,2.3068217733661144e-4,8.511943815392442e-5,3.8218412805776165e-4,9.398532371207516e-7
zooc,CanESM5-CanOE,ssp245,r1i1p2f1,2086,2.3086435024669764e-4,8.396804332733154e-5,3.7827622480861506e-4,9.302430643024027e-7
zooc,CanESM5-CanOE,ssp245,r1i1p2f1,2087,2.2403262421770537e-4,8.051179247559048e-5,3.708299726678092e-4,9.11931513232715e-7
zooc,CanESM5-CanOE,ssp245,r1i1p2f1,2088,2.1982934921684072e-4,8.001757669262588e-5,3.5176706600739926e-4,8.650527100109099e-7
zooc,CanESM5-CanOE,ssp245,r1i1p2f1,2089,2.1377849380010787e-4,7.227597961900756e-5,3.6241177151062024e-4,8.912297806711735e-7
zooc,CanESM5-CanOE,ssp245,r1i1p2f1,2090,2.2487049902036258e-4,7.850730980862863e-5,3.7046048243689173e-4,9.11022876363421e-7
zooc,CanESM5-CanOE,ssp245,r1i1p2f1,2091,2.188631416331036e-4,7.953785461722873e-5,3.550802376627256e-4,8.732003406339287e-7
zooc,CanESM5-CanOE,ssp245,r1i1p2f1,2092,2.24293079404017e-4,7.509951683459803e-5,3.703865110194129e-4,9.108409685575547e-7
zooc,CanESM5-CanOE,ssp245,r1i1p2f1,2093,2.2666544144669322e-4,7.848998211557046e-5,3.843849979421409e-4,9.452655358884357e-7
zooc,CanESM5-CanOE,ssp245,r1i1p2f1,2094,2.2786282239512916e-4,8.032293771975674e-5,3.7535535489931443e-4,9.230601677927655e-7
zooc,CanESM5-CanOE,ssp245,r1i1p2f1,2095,2.2782129825196795e-4,7.922957593109459e-5,3.755139129301174e-4,9.234500879060863e-7
zooc,CanESM5-CanOE,ssp245,r1i1p2f1,2096,2.2513728841526244e-4,8.048827294260263e-5,3.688339749149204e-4,9.070230285217676e-7
zooc,CanESM5-CanOE,ssp245,r1i1p2f1,2097,2.2779386224027062e-4,7.817456207703799e-5,3.777739873259943e-4,9.290079802442464e-7
zooc,CanESM5-CanOE,ssp245,r1i1p2f1,2098,2.2747018236515888e-4,8.358724880963564e-5,3.638768241302605e-4,8.948325845189384e-7
zooc,CanESM5-CanOE,ssp245,r1i1p2f1,2099,2.2310359036264082e-4,7.523731983383186e-5,3.67809794694384e-4,9.045044019619522e-7
zooc,CanESM5-CanOE,ssp245,r1i1p2f1,2100,2.278893544218087e-4,7.476165046682581e-5,3.846496339797974e-4,9.459163191585684e-7
zooc,CanESM5-CanOE,ssp370,r1i1p2f1,2015,2.102230934891829e-4,6.795797526137903e-5,3.6088551754391996e-4,8.874764727079113e-7
zooc,CanESM5-CanOE,ssp370,r1i1p2f1,2016,2.0803852425961344e-4,6.812687206547707e-5,3.5828354919332177e-4,8.810778072541072e-7
zooc,CanESM5-CanOE,ssp370,r1i1p2f1,2017,2.0750806610146224e-4,6.701120582874864e-5,3.5906193774786936e-4,8.82991991933746e-7
zooc,CanESM5-CanOE,ssp370,r1i1p2f1,2018,2.0765446641856904e-4,6.846857286291197e-5,3.53039339470476e-4,8.681814384038241e-7
zooc,CanESM5-CanOE,ssp370,r1i1p2f1,2019,2.0476088480660015e-4,6.685027983621694e-5,3.447839216128053e-4,8.478800165819748e-7
zooc,CanESM5-CanOE,ssp370,r1i1p2f1,2020,2.0547833321804884e-4,7.020051634754054e-5,3.48822529169412e-4,8.578116126553824e-7
zooc,CanESM5-CanOE,ssp370,r1i1p2f1,2021,2.008051644631424e-4,6.463501995312981e-5,3.5036669909128346e-4,8.616089788806905e-7
zooc,CanESM5-CanOE,ssp370,r1i1p2f1,2022,2.117124326674935e-4,6.86999446770642e-5,3.624034433547084e-4,8.912093003745877e-7
zooc,CanESM5-CanOE,ssp370,r1i1p2f1,2023,2.1604974297655347e-4,7.830660615582019e-5,3.5948946009624805e-4,8.840433392649582e-7
zooc,CanESM5-CanOE,ssp370,r1i1p2f1,2024,2.0612091116890079e-4,7.384627679130062e-5,3.420846118170916e-4,8.41241972604623e-7
zooc,CanESM5-CanOE,ssp370,r1i1p2f1,2025,2.0388707448152238e-4,7.029105108813383e-5,3.3834810471349117e-4,8.320532909220787e-7
zooc,CanESM5-CanOE,ssp370,r1i1p2f1,2026,2.0596827841889916e-4,6.726295396219939e-5,3.5485596450721997e-4,8.726488162881311e-7
zooc,CanESM5-CanOE,ssp370,r1i1p2f1,2027,2.059600047043641e-4,6.696023774566129e-5,3.631627512791645e-4,8.930765626661911e-7
zooc,CanESM5-CanOE,ssp370,r1i1p2f1,2028,2.1609702971495972e-4,7.389119491563179e-5,3.679091096613675e-4,9.047486336983362e-7
zooc,CanESM5-CanOE,ssp370,r1i1p2f1,2029,2.1132902593234813e-4,7.619518873980269e-5,3.499664973362206e-4,8.606248173538665e-7
zooc,CanESM5-CanOE,ssp370,r1i1p2f1,2030,2.12157642239334e-4,7.191499753389508e-5,3.6278335680049566e-4,8.921435696328729e-7
zooc,CanESM5-CanOE,ssp370,r1i1p2f1,2031,2.1169753688556514e-4,6.923592809471302e-5,3.659811876083571e-4,9.00007558260048e-7
zooc,CanESM5-CanOE,ssp370,r1i1p2f1,2032,2.124200132687172e-4,7.148825898184441e-5,3.7350680645191914e-4,9.185142850239331e-7
zooc,CanESM5-CanOE,ssp370,r1i1p2f1,2033,2.127733669712728e-4,7.688904588576406e-5,3.513017215425262e-4,8.63908351913388e-7
zooc,CanESM5-CanOE,ssp370,r1i1p2f1,2034,2.0992198350700529e-4,7.418078894261271e-5,3.5394681006769093e-4,8.704130569242443e-7
zooc,CanESM5-CanOE,ssp370,r1i1p2f1,2035,2.1302945864444184e-4,7.25321879144758e-5,3.6490856118197496e-4,8.973697945617497e-7
zooc,CanESM5-CanOE,ssp370,r1i1p2f1,2036,2.0856180286768638e-4,7.42568081477657e-5,3.540832005592883e-4,8.707484634354768e-7
zooc,CanESM5-CanOE,ssp370,r1i1p2f1,2037,2.1220878334791778e-4,7.624109639436938e-5,3.5296022186237936e-4,8.679868752741076e-7
zooc,CanESM5-CanOE,ssp370,r1i1p2f1,2038,2.0673871116810345e-4,7.284927414730191e-5,3.527786777858324e-4,8.675404287173396e-7
zooc,CanESM5-CanOE,ssp370,r1i1p2f1,2039,2.174231759352387e-4,8.025504575925879e-5,3.635848053543327e-4,8.941144626198147e-7
zooc,CanESM5-CanOE,ssp370,r1i1p2f1,2040,2.0669453071815545e-4,7.428399112541229e-5,3.457588384479929e-4,8.502774964253453e-7
zooc,CanESM5-CanOE,ssp370,r1i1p2f1,2041,2.1138588622576015e-4,7.216307494672947e-5,3.571775099698555e-4,8.78357876026612e-7
zooc,CanESM5-CanOE,ssp370,r1i1p2f1,2042,2.090662403869618e-4,7.461847417289391e-5,3.546039179794755e-4,8.720289926805693e-7
zooc,CanESM5-CanOE,ssp370,r1i1p2f1,2043,2.1206027420720024e-4,7.681773422518745e-5,3.535822095386414e-4,8.695164446310427e-7
zooc,CanESM5-CanOE,ssp370,r1i1p2f1,2044,2.1387656321191382e-4,7.68681347835809e-5,3.4971986772769457e-4,8.60018314836033e-7
zooc,CanESM5-CanOE,ssp370,r1i1p2f1,2045,2.0980325471388328e-4,7.723585076746531e-5,3.54048380423454e-4,8.706628350302703e-7
zooc,CanESM5-CanOE,ssp370,r1i1p2f1,2046,2.0704760367357445e-4,7.492721488233656e-5,3.397992139438459e-4,8.356218056966078e-7
zooc,CanESM5-CanOE,ssp370,r1i1p2f1,2047,2.1649760696349963e-4,7.721074143773876e-5,3.583428864927312e-4,8.812237273717619e-7
zooc,CanESM5-CanOE,ssp370,r1i1p2f1,2048,2.114372562164697e-4,7.4748408223968e-5,3.5499865247429045e-4,8.729997093208452e-7
zooc,CanESM5-CanOE,ssp370,r1i1p2f1,2049,2.095570266395059e-4,7.777542487019673e-5,3.486326167384344e-4,8.573445869473006e-7
zooc,CanESM5-CanOE,ssp370,r1i1p2f1,2050,2.0690864426101517e-4,8.031805919017643e-5,3.3954510682032344e-4,8.34996914747233e-7
zooc,CanESM5-CanOE,ssp370,r1i1p2f1,2051,2.1004687044497088e-4,8.441576937912032e-5,3.4780057046418663e-4,8.552984491648131e-7
zooc,CanESM5-CanOE,ssp370,r1i1p2f1,2052,2.1295684459305363e-4,8.196088310796767e-5,3.5015461636794056e-4,8.610874328000508e-7
zooc,CanESM5-CanOE,ssp370,r1i1p2f1,2053,2.192548586791234e-4,8.391674055019394e-5,3.583154851727848e-4,8.811563430473948e-7
zooc,CanESM5-CanOE,ssp370,r1i1p2f1,2054,2.150321371491198e-4,7.83884861448314e-5,3.6237283484656326e-4,8.9113402905024e-7
zooc,CanESM5-CanOE,ssp370,r1i1p2f1,2055,2.131580284447427e-4,8.026366049307398e-5,3.500556205223812e-4,8.608439858354076e-7
zooc,CanESM5-CanOE,ssp370,r1i1p2f1,2056,2.1829684570743888e-4,7.999144872883335e-5,3.621873663601592e-4,8.906779317282067e-7
zooc,CanESM5-CanOE,ssp370,r1i1p2f1,2057,2.2052387847131547e-4,7.41012736398261e-5,3.685204079505531e-4,9.062519161053196e-7
zooc,CanESM5-CanOE,ssp370,r1i1p2f1,2058,2.196100034028028e-4,7.509566785302013e-5,3.726630736119621e-4,9.164394080662515e-7
zooc,CanESM5-CanOE,ssp370,r1i1p2f1,2059,2.173113403513103e-4,7.628890671185218e-5,3.6026526858852937e-4,8.85951179149785e-7
zooc,CanESM5-CanOE,ssp370,r1i1p2f1,2060,2.181124069860557e-4,7.432596976286732e-5,3.585588813626722e-4,8.817548940603086e-7
zooc,CanESM5-CanOE,ssp370,r1i1p2f1,2061,2.1943572423085834e-4,7.867830936447717e-5,3.6714602281357687e-4,9.02872078416606e-7
zooc,CanESM5-CanOE,ssp370,r1i1p2f1,2062,2.1470694501769753e-4,7.755444312351756e-5,3.637530156600325e-4,8.945281192547263e-7
zooc,CanESM5-CanOE,ssp370,r1i1p2f1,2063,2.1615375887090252e-4,7.653803913854063e-5,3.6106273349849924e-4,8.879122757053493e-7
zooc,CanESM5-CanOE,ssp370,r1i1p2f1,2064,2.2306693530413547e-4,8.074583820416592e-5,3.7385876340442986e-4,9.193798046958918e-7
zooc,CanESM5-CanOE,ssp370,r1i1p2f1,2065,2.216181578805651e-4,8.207667269743979e-5,3.6356420519960923e-4,8.940638034723498e-7
zooc,CanESM5-CanOE,ssp370,r1i1p2f1,2066,2.1366844631146213e-4,7.392715633613989e-5,3.5332623281250793e-4,8.688869560232694e-7
zooc,CanESM5-CanOE,ssp370,r1i1p2f1,2067,2.185640002350433e-4,7.28878439986147e-5,3.7550013285567033e-4,9.234162004507315e-7
zooc,CanESM5-CanOE,ssp370,r1i1p2f1,2068,2.1756763144645534e-4,7.55073233449366e-5,3.6229821877173667e-4,8.909505359265893e-7
zooc,CanESM5-CanOE,ssp370,r1i1p2f1,2069,2.1607263080323255e-4,7.227924652397633e-5,3.6832204410827235e-4,9.057641069954993e-7
zooc,CanESM5-CanOE,ssp370,r1i1p2f1,2070,2.233875302726109e-4,7.264477608259767e-5,3.875804642490552e-4,9.53123709821315e-7
zooc,CanESM5-CanOE,ssp370,r1i1p2f1,2071,2.23364825407055e-4,7.67548663134221e-5,3.658952842966269e-4,8.997963079760047e-7
zooc,CanESM5-CanOE,ssp370,r1i1p2f1,2072,2.2274376828648054e-4,7.33288616174832e-5,3.7535179774874646e-4,9.230514201781191e-7
zooc,CanESM5-CanOE,ssp370,r1i1p2f1,2073,2.221323020799718e-4,7.626951992278919e-5,3.7247701350305427e-4,9.159818558477836e-7
zooc,CanESM5-CanOE,ssp370,r1i1p2f1,2074,2.2016028976041803e-4,7.859795005060732e-5,3.7071956316972086e-4,9.116599982309944e-7
zooc,CanESM5-CanOE,ssp370,r1i1p2f1,2075,2.230751317908665e-4,7.905560414656065e-5,3.6891173130670435e-4,9.072142441980867e-7
zooc,CanESM5-CanOE,ssp370,r1i1p2f1,2076,2.19973204884522e-4,7.734328028163873e-5,3.617348285968601e-4,8.895650674030515e-7
zooc,CanESM5-CanOE,ssp370,r1i1p2f1,2077,2.2367323181321798e-4,7.832324990886264e-5,3.6422362448638095e-4,8.956854232775515e-7
zooc,CanESM5-CanOE,ssp370,r1i1p2f1,2078,2.1227004613439304e-4,6.879015199956484e-5,3.6181346101236706e-4,8.897584373648874e-7
zooc,CanESM5-CanOE,ssp370,r1i1p2f1,2079,2.269774688495897e-4,7.679851478314959e-5,3.8316811666334546e-4,9.422730259302652e-7
zooc,CanESM5-CanOE,ssp370,r1i1p2f1,2080,2.249704199744382e-4,7.868495595175773e-5,3.772908771257353e-4,9.278199332996834e-7
zooc,CanESM5-CanOE,ssp370,r1i1p2f1,2081,0.00022213607579550966,8.076389713096432e-5,3.6063458419706315e-4,8.868593865940964e-7
zooc,CanESM5-CanOE,ssp370,r1i1p2f1,2082,2.2456507604820886e-4,7.796606223564595e-5,3.772517758409245e-4,9.277237768494096e-7
zooc,CanESM5-CanOE,ssp370,r1i1p2f1,2083,2.2612147915674333e-4,7.997837019502185e-5,3.751820401399873e-4,9.226339584720849e-7
zooc,CanESM5-CanOE,ssp370,r1i1p2f1,2084,2.2438244474225525e-4,7.883362559368834e-5,3.680983983024437e-4,9.052141254050948e-7
zooc,CanESM5-CanOE,ssp370,r1i1p2f1,2085,2.30001543105889e-4,8.274472929770127e-5,3.949414359751302e-4,9.712255424124902e-7
zooc,CanESM5-CanOE,ssp370,r1i1p2f1,2086,2.238795943212229e-4,8.448156586382538e-5,3.6512136608726455e-4,8.978931166058336e-7
zooc,CanESM5-CanOE,ssp370,r1i1p2f1,2087,2.2720858322777793e-4,8.021091707632877e-5,3.734591618876964e-4,9.18397119253226e-7
zooc,CanESM5-CanOE,ssp370,r1i1p2f1,2088,2.2384845536951856e-4,7.342743265326135e-5,3.796509447812102e-4,9.336237254066304e-7
zooc,CanESM5-CanOE,ssp370,r1i1p2f1,2089,2.233576463916773e-4,7.284802632057108e-5,3.856740507046868e-4,9.484355273212434e-7
zooc,CanESM5-CanOE,ssp370,r1i1p2f1,2090,2.2904536613453462e-4,7.264826126629487e-5,3.8971487229339603e-4,9.583725680614643e-7
zooc,CanESM5-CanOE,ssp370,r1i1p2f1,2091,2.2615948325907197e-4,7.440899571520276e-5,3.8129969139729156e-4,9.376782628155773e-7
zooc,CanESM5-CanOE,ssp370,r1i1p2f1,2092,2.2366732668672963e-4,7.484872185159475e-5,3.785036159395791e-4,9.30802256259471e-7
zooc,CanESM5-CanOE,ssp370,r1i1p2f1,2093,2.3142251608668476e-4,7.3426534072496e-5,4.0524297859234664e-4,9.965587194476836e-7
zooc,CanESM5-CanOE,ssp370,r1i1p2f1,2094,2.3165724499848593e-4,7.515247489209287e-5,4.0034163160729833e-4,9.84505506108972e-7
zooc,CanESM5-CanOE,ssp370,r1i1p2f1,2095,2.248244595830945e-4,7.327260027523153e-5,3.760105182740463e-4,9.246713216146523e-7
zooc,CanESM5-CanOE,ssp370,r1i1p2f1,2096,2.3551967382011793e-4,7.173540507210419e-5,4.054701477230673e-4,9.971173654698686e-7
zooc,CanESM5-CanOE,ssp370,r1i1p2f1,2097,2.3331956661142565e-4,7.42738957342226e-5,4.0141430525971107e-4,9.871433859437982e-7
zooc,CanESM5-CanOE,ssp370,r1i1p2f1,2098,2.281451924663336e-4,7.430213372572325e-5,3.7994260115235877e-4,9.343409560931687e-7
zooc,CanESM5-CanOE,ssp370,r1i1p2f1,2099,2.284342383954086e-4,7.482721412088722e-5,3.8293196750323707e-4,9.416922965480715e-7
zooc,CanESM5-CanOE,ssp370,r1i1p2f1,2100,2.2944347259853224e-4,7.909905252745375e-5,3.8436430957346376e-4,9.452146598084404e-7
zooc,CanESM5-CanOE,ssp585,r1i1p2f1,2015,2.1029592907257247e-4,7.020055272732861e-5,3.6116214555916563e-4,8.88156746210969e-7
zooc,CanESM5-CanOE,ssp585,r1i1p2f1,2016,2.1351478553502184e-4,7.002754136919975e-5,3.5781180545930026e-4,8.799177123078185e-7
zooc,CanESM5-CanOE,ssp585,r1i1p2f1,2017,2.0984786501424723e-4,7.534608084824868e-5,3.382042941479767e-4,8.316996372363072e-7
zooc,CanESM5-CanOE,ssp585,r1i1p2f1,2018,2.0073053083342435e-4,6.696522905258462e-5,3.3911928217459974e-4,8.339497423443312e-7
zooc,CanESM5-CanOE,ssp585,r1i1p2f1,2019,2.1334056489966745e-4,7.307367195608094e-5,3.6351712081009164e-4,8.939480152628004e-7
zooc,CanESM5-CanOE,ssp585,r1i1p2f1,2020,2.0866828896757406e-4,6.897236744407564e-5,3.525143450107616e-4,8.66890391219472e-7
zooc,CanESM5-CanOE,ssp585,r1i1p2f1,2021,2.0753029853908973e-4,6.999200923019089e-5,3.4582338179007095e-4,8.504362190528257e-7
zooc,CanESM5-CanOE,ssp585,r1i1p2f1,2022,2.079335839203835e-4,7.086273035383783e-5,3.488858804961046e-4,8.579674039222006e-7
zooc,CanESM5-CanOE,ssp585,r1i1p2f1,2023,2.0881759620878528e-4,7.169930904638022e-5,3.5832014300692154e-4,8.811677974228384e-7
zooc,CanESM5-CanOE,ssp585,r1i1p2f1,2024,2.129574272717828e-4,7.321580415009521e-5,3.5990138198575437e-4,8.850563225179804e-7
zooc,CanESM5-CanOE,ssp585,r1i1p2f1,2025,2.098049005998518e-4,7.462191570084542e-5,3.5291658565758877e-4,8.678795667143919e-7
zooc,CanESM5-CanOE,ssp585,r1i1p2f1,2026,2.132595474894566e-4,7.752718738629483e-5,3.515500021637773e-4,8.645189145413629e-7
zooc,CanESM5-CanOE,ssp585,r1i1p2f1,2027,2.0841812997115193e-4,7.179119347711094e-5,3.4959197632407785e-4,8.597038089712816e-7
zooc,CanESM5-CanOE,ssp585,r1i1p2f1,2028,2.059765578465678e-4,7.368517981376499e-5,3.461708855354674e-4,8.512907875606343e-7
zooc,CanESM5-CanOE,ssp585,r1i1p2f1,2029,2.0733664852697498e-4,7.082714364514686e-5,3.5139063444341657e-4,8.641270032690796e-7
zooc,CanESM5-CanOE,ssp585,r1i1p2f1,2030,2.0895023971455768e-4,6.803457654314116e-5,3.6179919490801957e-4,8.897233546825683e-7
zooc,CanESM5-CanOE,ssp585,r1i1p2f1,2031,2.1014648070135394e-4,7.035247472231276e-5,3.568154309980725e-4,8.774674646548656e-7
zooc,CanESM5-CanOE,ssp585,r1i1p2f1,2032,2.0848427107634807e-4,7.173738049459644e-5,3.511372033815092e-4,8.635037748657153e-7
zooc,CanESM5-CanOE,ssp585,r1i1p2f1,2033,2.1119338770583942e-4,7.740263754385523e-5,3.486892635402166e-4,8.574838906915406e-7
zooc,CanESM5-CanOE,ssp585,r1i1p2f1,2034,2.0510889678031102e-4,7.47567173675634e-5,3.368617444472091e-4,8.283980880885855e-7
zooc,CanESM5-CanOE,ssp585,r1i1p2f1,2035,2.0922193043523572e-4,7.254591037053615e-5,3.478749324615419e-4,8.55481317470434e-7
zooc,CanESM5-CanOE,ssp585,r1i1p2f1,2036,2.050355557214281e-4,7.259537960635498e-5,3.4905215255754497e-4,8.583762940976812e-7
zooc,CanESM5-CanOE,ssp585,r1i1p2f1,2037,2.1079397978285522e-4,7.181280307122506e-5,3.653177901626831e-4,8.983761555118937e-7
zooc,CanESM5-CanOE,ssp585,r1i1p2f1,2038,2.1188988216290896e-4,7.295442628674209e-5,3.6604289503228593e-4,9.001593069012818e-7
zooc,CanESM5-CanOE,ssp585,r1i1p2f1,2039,2.1441626959560733e-4,7.34443892724812e-5,3.5326817828049817e-4,8.687441904403129e-7
zooc,CanESM5-CanOE,ssp585,r1i1p2f1,2040,2.1466691492754515e-4,7.440533227054402e-5,3.5989279838572434e-4,8.850352140425569e-7
zooc,CanESM5-CanOE,ssp585,r1i1p2f1,2041,2.1512782551343473e-4,7.439869659719989e-5,3.641139879867929e-4,8.954158092054862e-7
zooc,CanESM5-CanOE,ssp585,r1i1p2f1,2042,2.0791651262405477e-4,7.18416522431653e-5,3.565890219609905e-4,8.76910687827172e-7
zooc,CanESM5-CanOE,ssp585,r1i1p2f1,2043,2.1332389657618148e-4,7.2786322562024e-5,3.660030783291062e-4,9.00061391120307e-7
zooc,CanESM5-CanOE,ssp585,r1i1p2f1,2044,2.1485485794630571e-4,7.393931446131319e-5,3.588986296577282e-4,8.825903906481374e-7
zooc,CanESM5-CanOE,ssp585,r1i1p2f1,2045,2.1509114540869546e-4,7.303039092221297e-5,3.650676943287656e-4,8.977611289792841e-7
zooc,CanESM5-CanOE,ssp585,r1i1p2f1,2046,2.146991960061009e-4,7.728172204224393e-5,3.563478526140523e-4,8.763176129850374e-7
zooc,CanESM5-CanOE,ssp585,r1i1p2f1,2047,2.089201640000678e-4,8.071028423728421e-5,3.444624538557936e-4,8.470894748250661e-7
zooc,CanESM5-CanOE,ssp585,r1i1p2f1,2048,2.1370413087268595e-4,8.186186823877506e-5,3.466315124742627e-4,8.52423544490473e-7
zooc,CanESM5-CanOE,ssp585,r1i1p2f1,2049,2.186514699344618e-4,8.137082841130905e-5,3.591848251123682e-4,8.832941920484196e-7
zooc,CanESM5-CanOE,ssp585,r1i1p2f1,2050,2.2050086778848484e-4,8.672868716530502e-5,3.651712092646783e-4,8.980156891257307e-7
zooc,CanESM5-CanOE,ssp585,r1i1p2f1,2051,2.1441799783292613e-4,7.93382860138081e-5,3.48082031101454e-4,8.559906068752919e-7
zooc,CanESM5-CanOE,ssp585,r1i1p2f1,2052,2.122084207377026e-4,7.840999751351774e-5,3.5541367496440756e-4,8.740203174575482e-7
zooc,CanESM5-CanOE,ssp585,r1i1p2f1,2053,2.17487215941924e-4,7.930900028441101e-5,3.657288615973564e-4,8.993870473574787e-7
zooc,CanESM5-CanOE,ssp585,r1i1p2f1,2054,2.1616262922783902e-4,8.013805927475914e-5,3.6127726533367036e-4,8.884398445522705e-7
zooc,CanESM5-CanOE,ssp585,r1i1p2f1,2055,2.2391605277346225e-4,8.131107097142376e-5,3.6549574411036894e-4,8.988137733550023e-7
zooc,CanESM5-CanOE,ssp585,r1i1p2f1,2056,2.1294534092827595e-4,7.594922863063402e-5,3.624533889454438e-4,8.913321247455818e-7
zooc,CanESM5-CanOE,ssp585,r1i1p2f1,2057,2.1748447260745753e-4,7.642884884262457e-5,3.737254799508962e-4,9.190520388990889e-7
zooc,CanESM5-CanOE,ssp585,r1i1p2f1,2058,2.1678697909263708e-4,8.019186861929484e-5,3.546233755429444e-4,8.720768420093878e-7
zooc,CanESM5-CanOE,ssp585,r1i1p2f1,2059,2.1824263905040117e-4,7.546897177235223e-5,3.687194012390007e-4,9.06741273126144e-7
zooc,CanESM5-CanOE,ssp585,r1i1p2f1,2060,2.1916952246833066e-4,7.87184908404015e-5,3.58343166835506e-4,8.812244167804658e-7
zooc,CanESM5-CanOE,ssp585,r1i1p2f1,2061,2.1956779203822303e-4,7.973269021022134e-5,3.646685699472476e-4,8.967796168900987e-7
zooc,CanESM5-CanOE,ssp585,r1i1p2f1,2062,2.1496706322144554e-4,7.7841123129474e-5,3.537615004277144e-4,8.699573502315391e-7
zooc,CanESM5-CanOE,ssp585,r1i1p2f1,2063,2.1665319453004347e-4,7.417672532028519e-5,3.649544505097872e-4,8.974826439192383e-7
zooc,CanESM5-CanOE,ssp585,r1i1p2f1,2064,2.1898842094349478e-4,7.589259257656522e-5,3.666357348358031e-4,9.016171968750523e-7
zooc,CanESM5-CanOE,ssp585,r1i1p2f1,2065,2.1382172023476508e-4,7.13769331923686e-5,3.6327753864059053e-4,8.933588435494005e-7
zooc,CanESM5-CanOE,ssp585,r1i1p2f1,2066,2.1703089884393028e-4,7.567326611024328e-5,3.725989882456266e-4,9.162818116759759e-7
zooc,CanESM5-CanOE,ssp585,r1i1p2f1,2067,2.1999324767562998e-4,7.608005034853704e-5,3.667661958769192e-4,9.019380218984101e-7
zooc,CanESM5-CanOE,ssp585,r1i1p2f1,2068,2.174230846705497e-4,7.47279373172205e-5,3.69583864994762e-4,9.088671307941607e-7
zooc,CanESM5-CanOE,ssp585,r1i1p2f1,2069,2.2284027625051468e-4,7.481828652089462e-5,3.739218447139404e-4,9.195349319463262e-7
zooc,CanESM5-CanOE,ssp585,r1i1p2f1,2070,2.1716817347760054e-4,7.875300798332319e-5,3.539182138256926e-4,8.70342734091247e-7
zooc,CanESM5-CanOE,ssp585,r1i1p2f1,2071,2.1647521932581444e-4,7.657105379621498e-5,3.638172688249462e-4,8.946861282891315e-7
zooc,CanESM5-CanOE,ssp585,r1i1p2f1,2072,2.215463371694103e-4,7.849710891605355e-5,3.784086230305594e-4,9.305686531700402e-7
zooc,CanESM5-CanOE,ssp585,r1i1p2f1,2073,2.2020111739324132e-4,7.508983981097117e-5,3.761639525557396e-4,9.250486415914592e-7
zooc,CanESM5-CanOE,ssp585,r1i1p2f1,2074,2.2387710993789308e-4,7.230127448565327e-5,3.875194957296749e-4,9.529737782671364e-7
zooc,CanESM5-CanOE,ssp585,r1i1p2f1,2075,2.2042610840703248e-4,7.487379843951203e-5,3.703773654879111e-4,9.10818478200797e-7
zooc,CanESM5-CanOE,ssp585,r1i1p2f1,2076,2.157062518222998e-4,7.128922516130842e-5,3.610880647491606e-4,8.879745693910012e-7
zooc,CanESM5-CanOE,ssp585,r1i1p2f1,2077,2.1839044379697356e-4,7.160281165852211e-5,3.727970362369088e-4,9.167688440565664e-7
zooc,CanESM5-CanOE,ssp585,r1i1p2f1,2078,2.1326428835589603e-4,6.742820914951153e-5,3.6890942283984674e-4,9.072085673007756e-7
zooc,CanESM5-CanOE,ssp585,r1i1p2f1,2079,2.0681350785894647e-4,6.168692925712094e-5,3.659031318222829e-4,8.998156063242346e-7
zooc,CanESM5-CanOE,ssp585,r1i1p2f1,2080,2.26222078273401e-4,7.182612898759544e-5,3.9677022761613716e-4,9.757228399652552e-7
zooc,CanESM5-CanOE,ssp585,r1i1p2f1,2081,2.2380719831856084e-4,7.25705103832297e-5,3.866838316471693e-4,9.50918743702829e-7
zooc,CanESM5-CanOE,ssp585,r1i1p2f1,2082,2.161497728176088e-4,7.094131069607101e-5,3.644070352295322e-4,8.961364602725974e-7
zooc,CanESM5-CanOE,ssp585,r1i1p2f1,2083,2.197510807471731e-4,6.555369327543303e-5,3.792326175216043e-4,9.325949903016053e-7
zooc,CanESM5-CanOE,ssp585,r1i1p2f1,2084,2.2898113884051516e-4,6.81843412166927e-5,4.0811013973648155e-4,1.003609537325329e-6
zooc,CanESM5-CanOE,ssp585,r1i1p2f1,2085,2.2220145810238003e-4,6.767325976397842e-5,3.834696842372033e-4,9.430146298842058e-7
zooc,CanESM5-CanOE,ssp585,r1i1p2f1,2086,2.2559052159802236e-4,6.68971442792099e-5,3.9765914528384785e-4,9.77908833799634e-7
zooc,CanESM5-CanOE,ssp585,r1i1p2f1,2087,2.1892156921074195e-4,6.566302545252256e-5,3.834908166062067e-4,9.43066597833573e-7
zooc,CanESM5-CanOE,ssp585,r1i1p2f1,2088,2.2095723731760953e-4,6.883633250254206e-5,3.890798285303999e-4,9.568108916532933e-7
zooc,CanESM5-CanOE,ssp585,r1i1p2f1,2089,2.2282950141720844e-4,7.280454883584753e-5,3.778848797637985e-4,9.292806828736625e-7
zooc,CanESM5-CanOE,ssp585,r1i1p2f1,2090,2.2451166651864542e-4,7.0634123403579e-5,3.9102739778804166e-4,9.616002827790147e-7
zooc,CanESM5-CanOE,ssp585,r1i1p2f1,2091,2.2485780108551194e-4,6.810120976297185e-5,0.00039087327246025365,9.612212634069127e-7
zooc,CanESM5-CanOE,ssp585,r1i1p2f1,2092,2.248304900044135e-4,6.669084541499615e-5,4.005497719356156e-4,9.850173571958773e-7
zooc,CanESM5-CanOE,ssp585,r1i1p2f1,2093,2.2326537612590746e-4,6.957381265237927e-5,3.9783646045213333e-4,9.783448807797916e-7
zooc,CanESM5-CanOE,ssp585,r1i1p2f1,2094,2.2844205283642074e-4,6.576320083695464e-5,3.994129238598898e-4,9.822216619651117e-7
zooc,CanESM5-CanOE,ssp585,r1i1p2f1,2095,2.2690012136791999e-4,6.78471005812753e-5,3.9802496858137995e-4,9.788084530803901e-7
zooc,CanESM5-CanOE,ssp585,r1i1p2f1,2096,2.2630118377652843e-4,6.75664414302446e-5,3.96211644173882e-4,9.743491919828716e-7
zooc,CanESM5-CanOE,ssp585,r1i1p2f1,2097,2.2398072841348375e-4,6.54495888738893e-5,3.976372538860916e-4,9.778549992745038e-7
zooc,CanESM5-CanOE,ssp585,r1i1p2f1,2098,2.3211904319558153e-4,6.772653068765067e-5,4.0868560094348936e-4,1.0050246904898318e-6
zooc,CanESM5-CanOE,ssp585,r1i1p2f1,2099,2.2932721883210408e-4,7.186236689449288e-5,3.95753652105138e-4,9.732229146291464e-7
zooc,CanESM5-CanOE,ssp585,r1i1p2f1,2100,2.3095193108619566e-4,6.733577538398094e-5,4.0389371016074087e-4,9.932406478426852e-7
zooc,CESM2,historical,r4i1p1f1,1849,5.21569262814765e-4,5.24717615917325e-4,1.8127966823850154e-4,4.474854601406335e-7
zooc,CESM2,historical,r4i1p1f1,1850,5.193491512335922e-4,5.248418892733753e-4,1.7362900098464375e-4,4.285999315552038e-7
zooc,CESM2,historical,r4i1p1f1,1851,5.271411389909328e-4,5.277468881104141e-4,1.7989468980994028e-4,4.4406666687268577e-7
zooc,CESM2,historical,r4i1p1f1,1852,5.23285345834004e-4,5.275298317428678e-4,1.8376557469975083e-4,4.5362187360325726e-7
zooc,CESM2,historical,r4i1p1f1,1853,5.199476191345223e-4,5.281530029606074e-4,1.7948939807116063e-4,4.430662118190037e-7
zooc,CESM2,historical,r4i1p1f1,1854,5.281229726232771e-4,5.398803914431483e-4,1.828366758298603e-4,4.513289041695853e-7
zooc,CESM2,historical,r4i1p1f1,1855,5.266832666321573e-4,5.322701472323388e-4,1.8959328858821626e-4,4.680074760058219e-7
zooc,CESM2,historical,r4i1p1f1,1856,5.241125602239449e-4,5.23179245647043e-4,1.8226153160309804e-4,4.4990917143584413e-7
zooc,CESM2,historical,r4i1p1f1,1857,5.153991306606939e-4,5.185819754842669e-4,1.7897872048121643e-4,4.4180561376881843e-7
zooc,CESM2,historical,r4i1p1f1,1858,5.190914580074063e-4,5.216686113271862e-4,1.685765629913053e-4,4.1612808315515864e-7
zooc,CESM2,historical,r4i1p1f1,1859,5.283694155864469e-4,5.235639691818506e-4,1.7102938475508319e-4,4.221828276627613e-7
zooc,CESM2,historical,r4i1p1f1,1860,5.317829233882037e-4,5.247436638455838e-4,1.7380731097482082e-4,4.290400864207626e-7
zooc,CESM2,historical,r4i1p1f1,1861,5.288009726270936e-4,5.266587540972978e-4,1.6599121003003564e-4,4.0974618787290553e-7
zooc,CESM2,historical,r4i1p1f1,1862,5.237933436601595e-4,5.272564012557268e-4,1.8332718589087054e-4,4.5253971905295103e-7
zooc,CESM2,historical,r4i1p1f1,1863,5.210410907606801e-4,5.211665702518076e-4,1.7607879607290465e-4,4.346472047710749e-7
zooc,CESM2,historical,r4i1p1f1,1864,5.265548708991781e-4,5.24311006302014e-4,1.715958630621872e-4,4.235811687364035e-7
zooc,CESM2,historical,r4i1p1f1,1865,5.278865760009053e-4,5.216961144469678e-4,1.6524489870514702e-4,4.0790393236862817e-7
zooc,CESM2,historical,r4i1p1f1,1866,5.283946495251742e-4,5.31578465597704e-4,1.6774855171022932e-4,4.1408415284176884e-7
zooc,CESM2,historical,r4i1p1f1,1867,5.179122261726836e-4,5.219793529249728e-4,1.7327389088263285e-4,4.277233489304504e-7
zooc,CESM2,historical,r4i1p1f1,1868,5.244578821839744e-4,5.198469734750688e-4,1.753558641877388e-4,4.3286266097514206e-7
zooc,CESM2,historical,r4i1p1f1,1869,5.239522172177641e-4,5.212824617046863e-4,1.7395666477175038e-4,4.29408763466524e-7
zooc,CESM2,historical,r4i1p1f1,1870,5.340471616922561e-4,5.321845237631351e-4,1.657484543226235e-4,4.09146949963389e-7
zooc,CESM2,historical,r4i1p1f1,1871,5.260705143746633e-4,5.234103591646999e-4,1.598562791134165e-4,3.9460222599990357e-7
zooc,CESM2,historical,r4i1p1f1,1872,5.390245248980288e-4,5.251586844678968e-4,1.6005837345117784e-4,3.9510109208126665e-7
zooc,CESM2,historical,r4i1p1f1,1873,5.283250068147032e-4,5.272557900752872e-4,1.7240357044633148e-4,4.255749792611297e-7
zooc,CESM2,historical,r4i1p1f1,1874,5.255059683074014e-4,5.266131774988025e-4,1.6911428055783398e-4,4.174554288802579e-7
zooc,CESM2,historical,r4i1p1f1,1875,5.253812399722195e-4,5.226217326708138e-4,1.7615567092250882e-4,4.3483696889510843e-7
zooc,CESM2,historical,r4i1p1f1,1876,5.296211905931654e-4,5.33439131686464e-4,1.8008420546817552e-4,4.4453448271962165e-7
zooc,CESM2,historical,r4i1p1f1,1877,5.304432052072396e-4,5.334517336450517e-4,1.6606060631401608e-4,4.099174912979988e-7
zooc,CESM2,historical,r4i1p1f1,1878,5.283500225464578e-4,5.33502665348351e-4,1.775268685220156e-4,4.3822174444507107e-7
zooc,CESM2,historical,r4i1p1f1,1879,5.251398632217446e-4,5.308132385835052e-4,1.7853730751724397e-4,4.40715994148402e-7
zooc,CESM2,historical,r4i1p1f1,1880,5.236092865238576e-4,5.274517461657524e-4,1.8631391773716203e-4,4.5991241058279223e-7
zooc,CESM2,historical,r4i1p1f1,1881,5.296355853377289e-4,5.360616778489202e-4,1.7991118203041965e-4,4.4410737760953596e-7
zooc,CESM2,historical,r4i1p1f1,1882,5.280314457464371e-4,5.326070822775364e-4,1.797213828324082e-4,4.4363886184998186e-7
zooc,CESM2,historical,r4i1p1f1,1883,5.257050551336621e-4,5.282748024910688e-4,1.765763328035767e-4,4.358753648566766e-7
zooc,CESM2,historical,r4i1p1f1,1884,5.345593778636103e-4,5.352113221306354e-4,1.7496893723555746e-4,4.319075390526445e-7
zooc,CESM2,historical,r4i1p1f1,1885,5.227198784778891e-4,5.267286614980549e-4,1.683107616108382e-4,4.154719574340554e-7
zooc,CESM2,historical,r4i1p1f1,1886,5.237537800233416e-4,5.226254288572818e-4,1.8652782045481062e-4,4.6044042542837534e-7
zooc,CESM2,historical,r4i1p1f1,1887,5.34416506482586e-4,5.375209148041904e-4,1.666619118612554e-4,4.1140180276053687e-7
zooc,CESM2,historical,r4i1p1f1,1888,5.326252172499264e-4,5.25434035807848e-4,1.8143779805430084e-4,4.478758006243319e-7
zooc,CESM2,historical,r4i1p1f1,1889,5.249612043432466e-4,5.278403405100107e-4,1.8487197585152835e-4,4.5635300408972697e-7
zooc,CESM2,historical,r4i1p1f1,1890,5.23303274676661e-4,5.309476109687239e-4,1.7487294540520845e-4,4.3167058502028745e-7
zooc,CESM2,historical,r4i1p1f1,1891,5.269828725973347e-4,5.276900483295321e-4,1.7943541365681302e-4,4.429329523049639e-7
zooc,CESM2,historical,r4i1p1f1,1892,5.314963590941357e-4,5.33924117917195e-4,1.7040925866777118e-4,4.206520580501375e-7
zooc,CESM2,historical,r4i1p1f1,1893,5.230280969093893e-4,5.232657131273299e-4,1.8873026259398303e-4,4.6587711252989867e-7
zooc,CESM2,historical,r4i1p1f1,1894,5.272739842543778e-4,5.292933201417327e-4,1.8008640656932035e-4,4.445399160965038e-7
zooc,CESM2,historical,r4i1p1f1,1895,5.233140685366328e-4,5.319277115631849e-4,1.7587920605926214e-4,4.341545205668166e-7
zooc,CESM2,historical,r4i1p1f1,1896,5.214681259318525e-4,5.119737179484218e-4,1.7481183967027673e-4,4.315197466599856e-7
zooc,CESM2,historical,r4i1p1f1,1897,5.209803840663399e-4,5.238838202785701e-4,1.7840874019765267e-4,4.4039862813198436e-7
zooc,CESM2,historical,r4i1p1f1,1898,5.237838553991391e-4,5.245840293355286e-4,1.7546531996470436e-4,4.3313285050713115e-7
zooc,CESM2,historical,r4i1p1f1,1899,5.261474832596682e-4,5.308443505782634e-4,1.7452233104266917e-4,4.3080510004407715e-7
zooc,CESM2,historical,r4i1p1f1,1900,5.343317268986216e-4,5.314130976330489e-4,1.7175246719079888e-4,4.2396774308990203e-7
zooc,CESM2,historical,r4i1p1f1,1901,5.177868704041244e-4,5.229643429629505e-4,1.8643406639419583e-4,4.602089952886254e-7
zooc,CESM2,historical,r4i1p1f1,1902,5.231290031432876e-4,5.300429766066372e-4,1.8087983936287453e-4,4.4649849006215746e-7
zooc,CESM2,historical,r4i1p1f1,1903,5.204938879421522e-4,5.227111105341464e-4,1.810914524473604e-4,4.4702085299123317e-7
zooc,CESM2,historical,r4i1p1f1,1904,5.221938538122929e-4,5.241245380602777e-4,1.8652320385396874e-4,4.6042902943580716e-7
zooc,CESM2,historical,r4i1p1f1,1905,5.253803717999597e-4,5.249090027064085e-4,1.8196093716715673e-4,4.4916715971003967e-7
zooc,CESM2,historical,r4i1p1f1,1906,5.249188039872634e-4,5.225160566624254e-4,1.728191359247648e-4,4.2660079484840577e-7
zooc,CESM2,historical,r4i1p1f1,1907,5.309581153265879e-4,5.357205227483064e-4,1.710184464531797e-4,4.221558266697211e-7
zooc,CESM2,historical,r4i1p1f1,1908,5.247383032720385e-4,5.205942434258759e-4,1.7707550990953897e-4,4.371075741779079e-7
zooc,CESM2,historical,r4i1p1f1,1909,5.151945225892469e-4,5.175097612664104e-4,1.809940882578564e-4,4.4678051131604814e-7
zooc,CESM2,historical,r4i1p1f1,1910,5.17954451146277e-4,5.24686009157449e-4,1.7857619486496561e-4,4.4081198683670486e-7
zooc,CESM2,historical,r4i1p1f1,1911,5.207261126155365e-4,5.281409248709679e-4,1.7682757911320556e-4,4.3649556165847676e-7
zooc,CESM2,historical,r4i1p1f1,1912,5.27246308047711e-4,5.300463817548007e-4,1.780805511182532e-4,4.395884995464941e-7
zooc,CESM2,historical,r4i1p1f1,1913,5.264775427277265e-4,5.280177865643054e-4,1.7955054504720865e-4,4.432171519822274e-7
zooc,CESM2,historical,r4i1p1f1,1914,5.24523343358881e-4,5.315973539836705e-4,1.741381043228474e-4,4.2985664359450136e-7
zooc,CESM2,historical,r4i1p1f1,1915,5.310765301645235e-4,5.195061094127595e-4,1.6771843001724598e-4,4.1400979800773896e-7
zooc,CESM2,historical,r4i1p1f1,1916,5.283463913554324e-4,5.301123310346156e-4,1.7397406108205315e-4,4.2945170593214204e-7
zooc,CESM2,historical,r4i1p1f1,1917,5.150457745962349e-4,5.188891373109072e-4,1.7953553677787807e-4,4.4318010435094823e-7
zooc,CESM2,historical,r4i1p1f1,1918,5.316359620155352e-4,5.335327878128737e-4,1.7559785403791522e-4,4.3346000838044013e-7
zooc,CESM2,historical,r4i1p1f1,1919,5.326425531641193e-4,5.279741890262812e-4,1.638814661865985e-4,4.045383247753338e-7
zooc,CESM2,historical,r4i1p1f1,1920,5.394216810335469e-4,5.332581058610231e-4,1.7176612477588663e-4,4.240014565824673e-7
zooc,CESM2,historical,r4i1p1f1,1921,5.329391787822814e-4,5.40890236152336e-4,1.6849010932841422e-4,4.1591467391023016e-7
zooc,CESM2,historical,r4i1p1f1,1922,5.293697438089792e-4,5.195114354137331e-4,1.6527214433895764e-4,4.0797118770454664e-7
zooc,CESM2,historical,r4i1p1f1,1923,5.237747551633028e-4,5.190278752706945e-4,1.8366807266582383e-4,4.5338119166170016e-7
zooc,CESM2,historical,r4i1p1f1,1924,5.28174239763283e-4,5.311481945682317e-4,1.7281766713543999e-4,4.2659716916951276e-7
zooc,CESM2,historical,r4i1p1f1,1925,5.215703590143183e-4,5.181955639272928e-4,1.669775452418687e-4,4.121809378391253e-7
zooc,CESM2,historical,r4i1p1f1,1926,5.260473922834156e-4,5.20123285241425e-4,1.654367122724381e-4,4.083774205609584e-7
zooc,CESM2,historical,r4i1p1f1,1927,5.341757182121764e-4,5.316530005075037e-4,1.5775082663695234e-4,3.8940495606119624e-7
zooc,CESM2,historical,r4i1p1f1,1928,5.280979429799007e-4,5.158314306754619e-4,1.5707271562778567e-4,3.877310517568031e-7
zooc,CESM2,historical,r4i1p1f1,1929,5.355423042549639e-4,5.327457038220018e-4,1.7024651873932982e-4,4.2025033758987044e-7
zooc,CESM2,historical,r4i1p1f1,1930,5.338401466258091e-4,5.229371308814734e-4,1.6375387025354372e-4,4.042233566083578e-7
zooc,CESM2,historical,r4i1p1f1,1931,5.4554194941131e-4,5.40230015758425e-4,1.475277200248831e-4,3.6416940918039635e-7
zooc,CESM2,historical,r4i1p1f1,1932,5.383745619939411e-4,5.21750858752057e-4,1.6007260886709615e-4,3.951362319383968e-7
zooc,CESM2,historical,r4i1p1f1,1933,5.302798960926507e-4,5.240890895947814e-4,1.5127652966172197e-4,3.73423275439206e-7
zooc,CESM2,historical,r4i1p1f1,1934,5.403675553548813e-4,5.339003109838814e-4,1.5636951190132337e-4,3.859952065505189e-7
zooc,CESM2,historical,r4i1p1f1,1935,5.346844380278525e-4,5.258054006844759e-4,1.526326571020258e-4,3.7677085058390064e-7
zooc,CESM2,historical,r4i1p1f1,1936,5.369896093966565e-4,5.286107771098614e-4,1.692972058262465e-4,4.1790697647355574e-7
zooc,CESM2,historical,r4i1p1f1,1937,5.338506809885309e-4,5.262945778667927e-4,1.527887910440914e-4,3.771562642907311e-7
zooc,CESM2,historical,r4i1p1f1,1938,5.325014000326547e-4,5.275168805383146e-4,1.5921436525743663e-4,3.9301767368907357e-7
zooc,CESM2,historical,r4i1p1f1,1939,5.428829349816837e-4,5.338197806850076e-4,1.4954259464032972e-4,3.6914308936847227e-7
zooc,CESM2,historical,r4i1p1f1,1940,5.332092486802012e-4,5.25601179106161e-4,1.473159381445177e-4,3.636466295818587e-7
zooc,CESM2,historical,r4i1p1f1,1941,5.374675250682332e-4,5.338365444913507e-4,1.622325314014706e-4,4.0046796019316745e-7
zooc,CESM2,historical,r4i1p1f1,1942,5.405403915307223e-4,5.348082631826401e-4,1.5146221159894672e-4,3.738816278177502e-7
zooc,CESM2,historical,r4i1p1f1,1943,5.354127310223277e-4,5.218770820647478e-4,1.5429944991326655e-4,3.8088529736850015e-7
zooc,CESM2,historical,r4i1p1f1,1944,5.438104076393048e-4,5.374359316192567e-4,1.5977821772490865e-4,3.944095329268464e-7
zooc,CESM2,historical,r4i1p1f1,1945,5.310484934278348e-4,5.260094767436385e-4,1.564825166058231e-4,3.8627415654354625e-7
zooc,CESM2,historical,r4i1p1f1,1946,5.24973276442247e-4,5.255907890386879e-4,1.6963595335515438e-4,4.187431683935752e-7
zooc,CESM2,historical,r4i1p1f1,1947,5.41031947723245e-4,5.413218168541789e-4,1.625357878423686e-4,4.0121654302826686e-7
zooc,CESM2,historical,r4i1p1f1,1948,5.265537243108478e-4,5.19057473866269e-4,1.6969425202557632e-4,4.188870775677967e-7
zooc,CESM2,historical,r4i1p1f1,1949,5.350100749431687e-4,5.303242360241711e-4,1.590249371876668e-4,3.9255007405262135e-7
zooc,CESM2,historical,r4i1p1f1,1950,5.453638968433645e-4,5.41801011422649e-4,1.5000415721125036e-4,3.702824479156226e-7
zooc,CESM2,historical,r4i1p1f1,1951,5.317090788799792e-4,5.284584476612508e-4,1.737190803784493e-4,4.288222908488739e-7
zooc,CESM2,historical,r4i1p1f1,1952,5.347828833554003e-4,5.323454388417304e-4,1.6911245853913813e-4,4.1745093126128924e-7
zooc,CESM2,historical,r4i1p1f1,1953,5.327678139596539e-4,5.301860510371625e-4,1.608384266676325e-4,3.9702663881185835e-7
zooc,CESM2,historical,r4i1p1f1,1954,5.35813783329354e-4,5.277802119962871e-4,1.688937447671583e-4,4.169110404183475e-7
zooc,CESM2,historical,r4i1p1f1,1955,5.288711789822392e-4,5.254054558463395e-4,1.6815939002918468e-4,4.150982995245577e-7
zooc,CESM2,historical,r4i1p1f1,1956,5.294354692206786e-4,5.274255236145109e-4,1.7673372247792627e-4,4.362638783150918e-7
zooc,CESM2,historical,r4i1p1f1,1957,5.338716173773143e-4,5.311529675964266e-4,1.6724999620843257e-4,4.1285347793875847e-7
zooc,CESM2,historical,r4i1p1f1,1958,5.324281216083502e-4,5.213086551520973e-4,1.5692394931476794e-4,3.873638249040566e-7
zooc,CESM2,historical,r4i1p1f1,1959,5.428043444607118e-4,5.375242326408625e-4,1.636582779468626e-4,4.0398738879267964e-7
zooc,CESM2,historical,r4i1p1f1,1960,5.225270010619587e-4,5.202331230975688e-4,1.7428963130687247e-4,4.3023068511183784e-7
zooc,CESM2,historical,r4i1p1f1,1961,5.258823688047481e-4,5.301454802975059e-4,1.7993814687119173e-4,4.441739398131066e-7
zooc,CESM2,historical,r4i1p1f1,1962,5.339581841034063e-4,5.337062175385654e-4,1.622016437469574e-4,4.00391714597471e-7
zooc,CESM2,historical,r4i1p1f1,1963,5.331454256721539e-4,5.26174990227446e-4,1.6454841598283453e-4,4.0618467783499807e-7
zooc,CESM2,historical,r4i1p1f1,1964,5.282768851279039e-4,5.233246483840048e-4,1.7937267974719158e-4,4.4277809482598594e-7
zooc,CESM2,historical,r4i1p1f1,1965,5.297104001793752e-4,5.306454258970916e-4,1.6957213379342328e-4,4.1858563100273197e-7
zooc,CESM2,historical,r4i1p1f1,1966,5.384403524695862e-4,5.460827669594437e-4,1.7081513447478577e-4,4.216539548653e-7
zooc,CESM2,historical,r4i1p1f1,1967,5.239556720665674e-4,5.241639737505466e-4,1.7685449398759727e-4,4.3656200052097486e-7
zooc,CESM2,historical,r4i1p1f1,1968,5.428132089313159e-4,5.404816765803844e-4,1.635840990043396e-4,4.038042794646993e-7
zooc,CESM2,historical,r4i1p1f1,1969,5.392571596626616e-4,5.3315149853006e-4,1.5602150253373457e-4,3.851361519554728e-7
zooc,CESM2,historical,r4i1p1f1,1970,5.341921001956133e-4,5.17468259204179e-4,1.6996747176056627e-4,4.1956151535786715e-7
zooc,CESM2,historical,r4i1p1f1,1971,5.352283928695394e-4,5.325334495864809e-4,1.578575417543811e-4,3.896683803265349e-7
zooc,CESM2,historical,r4i1p1f1,1972,5.331692890613968e-4,5.370560684241354e-4,1.5706915615088204e-4,3.8772226525484425e-7
zooc,CESM2,historical,r4i1p1f1,1973,5.354160317775006e-4,5.30393241206184e-4,1.6983390675383853e-4,4.192318126445126e-7
zooc,CESM2,historical,r4i1p1f1,1974,5.39729553865311e-4,5.300068587530404e-4,1.5769556699364934e-4,3.89268548668404e-7
zooc,CESM2,historical,r4i1p1f1,1975,5.348136685701913e-4,5.316741298884153e-4,1.514445063248207e-4,3.738379226807308e-7
zooc,CESM2,historical,r4i1p1f1,1976,5.474686146890622e-4,5.268125969450921e-4,1.5376843151734205e-4,3.795744884203572e-7
zooc,CESM2,historical,r4i1p1f1,1977,5.371134882155613e-4,5.274324503261596e-4,1.5895702443062768e-4,3.923824326859509e-7
zooc,CESM2,historical,r4i1p1f1,1978,5.25931526400725e-4,5.239180754870176e-4,1.5497426297450358e-4,3.825510607503002e-7
zooc,CESM2,historical,r4i1p1f1,1979,5.452312119546623e-4,5.258934979792684e-4,1.6384527656413198e-4,4.0444899137121234e-7
zooc,CESM2,historical,r4i1p1f1,1980,5.275909818030908e-4,5.24414557730779e-4,1.7252506512552878e-4,4.258748865974213e-7
zooc,CESM2,historical,r4i1p1f1,1981,5.339545889842028e-4,5.246878426987678e-4,1.4125910052443646e-4,3.486954395462874e-7
zooc,CESM2,historical,r4i1p1f1,1982,5.400085203805428e-4,5.279736069496721e-4,1.5691867062321877e-4,3.873507945529986e-7
zooc,CESM2,historical,r4i1p1f1,1983,5.359667894897183e-4,5.315300077199936e-4,1.5858140050116265e-4,3.914552120629776e-7
zooc,CESM2,historical,r4i1p1f1,1984,5.410289081166254e-4,5.338596238289028e-4,1.5229152527162373e-4,3.759287730603736e-7
zooc,CESM2,historical,r4i1p1f1,1985,5.346155719985948e-4,5.210236413404346e-4,1.4941430714556135e-4,3.6882641409438034e-7
zooc,CESM2,historical,r4i1p1f1,1986,5.337907244038032e-4,5.274559953249991e-4,1.470577596788398e-4,3.6300932088290256e-7
zooc,CESM2,historical,r4i1p1f1,1987,5.460995176751499e-4,5.261101468931884e-4,1.5245915990888577e-4,3.763425760175371e-7
zooc,CESM2,historical,r4i1p1f1,1988,5.482444496578124e-4,5.399400251917541e-4,1.6131538770706815e-4,3.9820400818965426e-7
zooc,CESM2,historical,r4i1p1f1,1989,5.405943248238742e-4,5.326555983629078e-4,1.4708161787601502e-4,3.630682143950367e-7
zooc,CESM2,historical,r4i1p1f1,1990,5.396514170832329e-4,5.264885840006173e-4,1.5640980481194437e-4,3.8609466884446975e-7
zooc,CESM2,historical,r4i1p1f1,1991,5.363670234143182e-4,5.21190493600443e-4,1.6447374123714672e-4,4.060003446262069e-7
zooc,CESM2,historical,r4i1p1f1,1992,5.535755680103288e-4,5.454703932628036e-4,1.522732989789976e-4,3.758837817989612e-7
zooc,CESM2,historical,r4i1p1f1,1993,5.420524529861563e-4,5.319792835507542e-4,1.4135522826375928e-4,3.489327290673966e-7
zooc,CESM2,historical,r4i1p1f1,1994,5.373137694142121e-4,5.202954635024071e-4,1.614274588760765e-4,3.984806537678347e-7
zooc,CESM2,historical,r4i1p1f1,1995,5.470081578965265e-4,5.359533533919603e-4,1.5181040079598806e-4,3.7474112631842625e-7
zooc,CESM2,historical,r4i1p1f1,1996,5.383530486835365e-4,5.301962373778224e-4,1.428825519893199e-4,3.5270289903051135e-7
zooc,CESM2,historical,r4i1p1f1,1997,5.437872112056526e-4,5.219628219492733e-4,1.549217932300982e-4,3.8242154017059676e-7
zooc,CESM2,historical,r4i1p1f1,1998,5.440421615053097e-4,5.281537887640297e-4,1.484405514113156e-4,3.6642271633258693e-7
zooc,CESM2,historical,r4i1p1f1,1999,5.487056138077514e-4,5.349200509954244e-4,1.396065699537725e-4,3.4461619883498427e-7
zooc,CESM2,historical,r4i1p1f1,2000,5.439480409615315e-4,5.297237657941878e-4,1.3227289114032078e-4,3.2651315026781977e-7
zooc,CESM2,historical,r4i1p1f1,2001,5.419963951467635e-4,5.242952320259064e-4,1.4887932886956782e-4,3.675058302565765e-7
zooc,CESM2,historical,r4i1p1f1,2002,5.427771592239637e-4,5.226928042247891e-4,1.4880900695876794e-4,3.673322419390447e-7
zooc,CESM2,historical,r4i1p1f1,2003,5.410740262301476e-4,5.335650639608502e-4,1.408961205100936e-4,3.477994301905864e-7
zooc,CESM2,historical,r4i1p1f1,2004,5.427985997739521e-4,5.279549222905189e-4,1.3994087463135282e-4,3.45441423659852e-7
zooc,CESM2,historical,r4i1p1f1,2005,5.365541095093533e-4,5.171867669560015e-4,1.4887574291315444e-4,3.674969783904446e-7
zooc,CESM2,historical,r4i1p1f1,2006,5.502908151125075e-4,5.302919598761946e-4,1.4677349436503282e-4,3.6230761728874337e-7
zooc,CESM2,historical,r4i1p1f1,2007,5.485828929236486e-4,5.318504408933222e-4,1.3911203600420409e-4,3.43395451058203e-7
zooc,CESM2,historical,r4i1p1f1,2008,5.421544570983304e-4,5.300409975461662e-4,1.3630538930339774e-4,3.3646729633149564e-7
zooc,CESM2,historical,r4i1p1f1,2009,5.419918612809388e-4,5.218610458541662e-4,1.4713363337197613e-4,3.6319661367097743e-7
zooc,CESM2,historical,r4i1p1f1,2010,5.499145053410931e-4,5.303245270624757e-4,1.4295737061575034e-4,3.5288758740621637e-7
zooc,CESM2,historical,r4i1p1f1,2011,5.48858230433644e-4,5.292932037264109e-4,1.3840065784927676e-4,3.416394274286097e-7
zooc,CESM2,historical,r4i1p1f1,2012,5.508851616276753e-4,5.325005331542343e-4,1.3493758732894341e-4,3.3309090281827117e-7
zooc,CESM2,historical,r4i1p1f1,2013,5.525559225422965e-4,5.314152222126722e-4,1.4199854710619697e-4,3.505207495609393e-7
zooc,CESM2,ssp126,r4i1p1f1,2014,5.419415588188005e-4,5.243020423222333e-4,1.4514837518770705e-4,3.582960410876428e-7
zooc,CESM2,ssp126,r4i1p1f1,2015,5.544929520634506e-4,5.365678807720542e-4,1.430099577716119e-4,3.530173978138967e-7
zooc,CESM2,ssp126,r4i1p1f1,2016,5.410473196878561e-4,5.294955044519156e-4,1.404685142123198e-4,3.467438920666607e-7
zooc,CESM2,ssp126,r4i1p1f1,2017,5.508060812506143e-4,5.375001055654138e-4,1.3607208653226957e-4,3.358913928178538e-7
zooc,CESM2,ssp126,r4i1p1f1,2018,5.578496714847298e-4,5.391046579461545e-4,1.375185143033934e-4,3.394618726350939e-7
zooc,CESM2,ssp126,r4i1p1f1,2019,5.467266588667445e-4,5.24675939232111e-4,1.5119689092437188e-4,3.7322668871012375e-7
zooc,CESM2,ssp126,r4i1p1f1,2020,5.515769039917714e-4,5.312846333254129e-4,1.475773213201876e-4,3.64291849047308e-7
zooc,CESM2,ssp126,r4i1p1f1,2021,5.448694392489765e-4,5.327870312612504e-4,1.3781875510797132e-4,3.402030114285121e-7
zooc,CESM2,ssp126,r4i1p1f1,2022,5.448304332731308e-4,5.313590518198907e-4,1.4194220389735304e-4,3.5038166740693766e-7
zooc,CESM2,ssp126,r4i1p1f1,2023,5.502450055188899e-4,5.245986394584179e-4,1.379362984890279e-4,3.404931650594719e-7
zooc,CESM2,ssp126,r4i1p1f1,2024,5.440974200427757e-4,5.211240495555103e-4,1.4462052208450075e-4,3.56993045605192e-7
zooc,CESM2,ssp126,r4i1p1f1,2025,5.452655964156173e-4,5.290464905556291e-4,1.2948407825447554e-4,3.196290179787717e-7
zooc,CESM2,ssp126,r4i1p1f1,2026,5.513520102796296e-4,5.314421141520143e-4,1.4576356666337817e-4,3.598146297040071e-7
zooc,CESM2,ssp126,r4i1p1f1,2027,5.555415784724837e-4,5.457385268528014e-4,1.2932841196984708e-4,3.1924475867555133e-7
zooc,CESM2,ssp126,r4i1p1f1,2028,5.494402353662415e-4,5.259799945633858e-4,1.3106311748721012e-4,3.2352684670113404e-7
zooc,CESM2,ssp126,r4i1p1f1,2029,5.498277159368687e-4,5.228652444202453e-4,1.4413653365192113e-4,3.55798329239258e-7
zooc,CESM2,ssp126,r4i1p1f1,2030,5.444976107992426e-4,5.261240585241467e-4,1.4181752808117967e-4,3.5007390749370045e-7
zooc,CESM2,ssp126,r4i1p1f1,2031,5.456719045223367e-4,5.283115897327662e-4,1.3160202357078216e-4,3.248571262582576e-7
zooc,CESM2,ssp126,r4i1p1f1,2032,5.454464204429793e-4,5.21915644640103e-4,1.396568599768931e-4,3.4474033881358897e-7
zooc,CESM2,ssp126,r4i1p1f1,2033,5.471756450725805e-4,5.237798613961786e-4,1.451235322865123e-4,3.5823471685210996e-7
zooc,CESM2,ssp126,r4i1p1f1,2034,5.401799219465307e-4,5.184256006032228e-4,1.3170339869740194e-4,3.251073688564655e-7
zooc,CESM2,ssp126,r4i1p1f1,2035,5.446038853479351e-4,5.252266128081828e-4,1.4346587124716462e-4,3.5414281167511146e-7
zooc,CESM2,ssp126,r4i1p1f1,2036,5.518735183878902e-4,5.351435393095016e-4,1.3676186425919703e-4,3.375940961961654e-7
zooc,CESM2,ssp126,r4i1p1f1,2037,5.41663046858863e-4,5.273806455079466e-4,1.3565429356188154e-4,3.348600787084765e-7
zooc,CESM2,ssp126,r4i1p1f1,2038,5.434728746964403e-4,5.193866381887347e-4,1.3799311022204595e-4,3.406334037566077e-7
zooc,CESM2,ssp126,r4i1p1f1,2039,5.523826358224466e-4,5.32234349520877e-4,1.3882706442939306e-4,3.426920040720052e-7
zooc,CESM2,ssp126,r4i1p1f1,2040,5.531213798509239e-4,5.324467783793807e-4,1.3193624672435883e-4,3.256821498426518e-7
zooc,CESM2,ssp126,r4i1p1f1,2041,5.408943886798344e-4,5.203499749768525e-4,1.376905162687211e-4,3.39886456259654e-7
zooc,CESM2,ssp126,r4i1p1f1,2042,5.549878357752915e-4,5.376121553126723e-4,1.4007287378271742e-4,3.457672610886189e-7
zooc,CESM2,ssp126,r4i1p1f1,2043,5.39415117568009e-4,5.208053335081786e-4,1.38498049120176e-4,3.4187983595371074e-7
zooc,CESM2,ssp126,r4i1p1f1,2044,5.487691229341072e-4,5.270297697279602e-4,1.3620806343632314e-4,3.362270492545087e-7
zooc,CESM2,ssp126,r4i1p1f1,2045,5.471477732163202e-4,5.218405276536942e-4,1.4224511074309857e-4,3.5112938727296176e-7
zooc,CESM2,ssp126,r4i1p1f1,2046,5.33919969095641e-4,5.157127743586898e-4,1.3392283579238007e-4,3.3058600768756054e-7
zooc,CESM2,ssp126,r4i1p1f1,2047,5.412332203975393e-4,5.163225869182497e-4,1.342961709968702e-4,3.31507578635871e-7
zooc,CESM2,ssp126,r4i1p1f1,2048,5.459351892104675e-4,5.254106363281608e-4,1.3375046028170817e-4,3.301605019733262e-7
zooc,CESM2,ssp126,r4i1p1f1,2049,5.362644173673413e-4,5.123744194861501e-4,1.442744266456854e-4,3.561387155074168e-7
zooc,CESM2,ssp126,r4i1p1f1,2050,5.461173709748377e-4,5.269220855552703e-4,1.3529530293422112e-4,3.33973917078958e-7
zooc,CESM2,ssp126,r4i1p1f1,2051,5.355568935199929e-4,5.116020329296589e-4,1.2995611944048195e-4,3.207942427906767e-7
zooc,CESM2,ssp126,r4i1p1f1,2052,5.411467980639084e-4,5.195238336455077e-4,1.4069401255983446e-4,3.4730053050702784e-7
zooc,CESM2,ssp126,r4i1p1f1,2053,5.335662625649059e-4,5.123387672938406e-4,1.372609069680552e-4,3.388259737606666e-7
zooc,CESM2,ssp126,r4i1p1f1,2054,5.415256366851881e-4,5.197573336772621e-4,1.4497395790119417e-4,3.578654952880498e-7
zooc,CESM2,ssp126,r4i1p1f1,2055,5.400141526702026e-4,5.195123958401382e-4,1.3375113772756477e-4,3.3016217423571395e-7
zooc,CESM2,ssp126,r4i1p1f1,2056,5.344109245596185e-4,5.107703909743577e-4,1.449755992554036e-4,3.57869546940123e-7
zooc,CESM2,ssp126,r4i1p1f1,2057,5.386770133233949e-4,5.221571773290634e-4,1.3634190090530004e-4,3.365574245358138e-7
zooc,CESM2,ssp126,r4i1p1f1,2058,5.344114867378582e-4,5.150625947862864e-4,1.3847748415481883e-4,3.418290717225366e-7
zooc,CESM2,ssp126,r4i1p1f1,2059,5.372755123532813e-4,5.236363795120269e-4,1.3268540885543907e-4,3.2753144250853043e-7
zooc,CESM2,ssp126,r4i1p1f1,2060,5.354529230251284e-4,5.124394956510514e-4,1.5170349369732724e-4,3.744772281510179e-7
zooc,CESM2,ssp126,r4i1p1f1,2061,5.372777384052486e-4,5.228609370533377e-4,1.4082568171380338e-4,3.476255533434145e-7
zooc,CESM2,ssp126,r4i1p1f1,2062,5.40386833080847e-4,5.191068630665541e-4,1.3529691332403497e-4,3.3397789229600176e-7
zooc,CESM2,ssp126,r4i1p1f1,2063,5.422417021139455e-4,5.210900853853673e-4,1.3431206886549272e-4,3.3154682222631295e-7
zooc,CESM2,ssp126,r4i1p1f1,2064,5.347546549557685e-4,5.163401074241847e-4,1.399276852838744e-4,3.454088660030409e-7
zooc,CESM2,ssp126,r4i1p1f1,2065,5.397641856401135e-4,5.173207609914243e-4,1.4309111999479148e-4,3.532177452391676e-7
zooc,CESM2,ssp126,r4i1p1f1,2066,5.420772463286654e-4,5.19438850460574e-4,1.3680588932748661e-4,3.377027712513038e-7
zooc,CESM2,ssp126,r4i1p1f1,2067,5.418264547863578e-4,5.208660732023418e-4,1.419989002525724e-4,3.505216212961419e-7
zooc,CESM2,ssp126,r4i1p1f1,2068,5.303419565300023e-4,5.098213441669941e-4,1.3807145679413702e-4,3.408268007999898e-7
zooc,CESM2,ssp126,r4i1p1f1,2069,5.452684663600025e-4,5.294901202432811e-4,1.4465489886862463e-4,3.570779040518745e-7
zooc,CESM2,ssp126,r4i1p1f1,2070,5.423243682253068e-4,5.258697201497853e-4,1.3835522147590248e-4,3.415272685933466e-7
zooc,CESM2,ssp126,r4i1p1f1,2071,5.369599179691294e-4,5.183971952646971e-4,1.4034332593304655e-4,3.4643486714787553e-7
zooc,CESM2,ssp126,r4i1p1f1,2072,5.380826325261144e-4,5.246420041657984e-4,1.3967213831751825e-4,3.447780531107921e-7
zooc,CESM2,ssp126,r4i1p1f1,2073,5.322010810865165e-4,5.086486926302314e-4,1.3662991203073016e-4,3.372683745956912e-7
zooc,CESM2,ssp126,r4i1p1f1,2074,5.383388489321177e-4,5.177754210308194e-4,1.4484465836395725e-4,3.5754632180611074e-7
zooc,CESM2,ssp126,r4i1p1f1,2075,5.287464069397774e-4,5.090409540571272e-4,1.4159348576960843e-4,3.495208632507436e-7
zooc,CESM2,ssp126,r4i1p1f1,2076,5.374995399465985e-4,5.209809169173241e-4,1.4285279684227853e-4,3.526294490082626e-7
zooc,CESM2,ssp126,r4i1p1f1,2077,5.32188329156706e-4,5.132648511789739e-4,1.4237866871923526e-4,3.514590726314342e-7
zooc,CESM2,ssp126,r4i1p1f1,2078,5.418374266164468e-4,5.22913847817108e-4,1.4623634400303336e-4,3.609816716973834e-7
zooc,CESM2,ssp126,r4i1p1f1,2079,5.267127764432262e-4,5.163093446753919e-4,1.3751830182780168e-4,3.394613481430819e-7
zooc,CESM2,ssp126,r4i1p1f1,2080,5.366340898365756e-4,5.1850825548172e-4,1.4473083695127443e-4,3.572653557842554e-7
zooc,CESM2,ssp126,r4i1p1f1,2081,5.316523133605322e-4,5.158470885362476e-4,1.416591966973305e-4,3.4968306944305245e-7
zooc,CESM2,ssp126,r4i1p1f1,2082,5.406377169220591e-4,5.284869694150984e-4,1.3471927423626908e-4,3.325520010446781e-7
zooc,CESM2,ssp126,r4i1p1f1,2083,5.451993704647174e-4,5.338108749128878e-4,1.4319775867443224e-4,3.5348098081926066e-7
zooc,CESM2,ssp126,r4i1p1f1,2084,5.381302770169494e-4,5.212033865973353e-4,1.4133593836291558e-4,3.4888511230905305e-7
zooc,CESM2,ssp126,r4i1p1f1,2085,5.385155312217591e-4,5.200989253353328e-4,1.397737532717978e-4,3.450288877190788e-7
zooc,CESM2,ssp126,r4i1p1f1,2086,5.314838355453929e-4,5.135111568961293e-4,1.437861956098663e-4,3.5493352635497964e-7
zooc,CESM2,ssp126,r4i1p1f1,2087,5.321548205930553e-4,5.198623694013804e-4,1.4007742703532966e-4,3.457785007072707e-7
zooc,CESM2,ssp126,r4i1p1f1,2088,5.355711759071906e-4,5.169454962015152e-4,1.3898338315243634e-4,3.4307787390721245e-7
zooc,CESM2,ssp126,r4i1p1f1,2089,5.411158417846925e-4,5.254866555333138e-4,1.4206398433845655e-4,3.506822801411337e-7
zooc,CESM2,ssp126,r4i1p1f1,2090,5.355826085200962e-4,5.186584603507072e-4,1.495339123002385e-4,3.6912165717484257e-7
zooc,CESM2,ssp126,r4i1p1f1,2091,5.367884533959769e-4,5.25330746313557e-4,1.3755302031884985e-4,3.395470500868963e-7
zooc,CESM2,ssp126,r4i1p1f1,2092,5.286552232995603e-4,5.078337271697819e-4,1.4955033164140813e-4,3.6916218801048394e-7
zooc,CESM2,ssp126,r4i1p1f1,2093,5.271331650052679e-4,5.142636364325881e-4,0.00013335907289682562,3.2919436955638584e-7
zooc,CESM2,ssp126,r4i1p1f1,2094,5.364108384913976e-4,5.171961092855781e-4,1.4320146953691567e-4,3.534901410136832e-7
zooc,CESM2,ssp126,r4i1p1f1,2095,5.254119494846614e-4,5.058565002400428e-4,1.4199168642196173e-4,3.5050381409061483e-7
zooc,CESM2,ssp126,r4i1p1f1,2096,5.300904976051821e-4,5.195624835323542e-4,1.3523061407831862e-4,3.338142338517612e-7
zooc,CESM2,ssp126,r4i1p1f1,2097,5.31419302128056e-4,5.151870718691498e-4,1.3973486273487145e-4,3.44932887158284e-7
zooc,CESM2,ssp126,r4i1p1f1,2098,5.27974531631242e-4,5.042795673944056e-4,1.4975043170433017e-4,3.6965613126181993e-7
zooc,CESM2,ssp126,r4i1p1f1,2099,5.305830403514315e-4,5.20240020705387e-4,1.3524384871390748e-4,3.3384690330142327e-7
zooc,CESM2,ssp245,r4i1p1f1,2014,5.528072919375312e-4,5.350819556042552e-4,1.3699293713551267e-4,3.381644952562965e-7
zooc,CESM2,ssp245,r4i1p1f1,2015,5.441187543857434e-4,5.289108084980398e-4,1.4213283405330865e-4,3.5085223437058766e-7
zooc,CESM2,ssp245,r4i1p1f1,2016,5.50536092593617e-4,5.426791904028505e-4,1.4786387036541315e-4,3.649991899896298e-7
zooc,CESM2,ssp245,r4i1p1f1,2017,5.39150493888645e-4,5.327945691533387e-4,1.539219755186915e-4,3.7995350890711853e-7
zooc,CESM2,ssp245,r4i1p1f1,2018,5.456413497151278e-4,5.282654892653227e-4,1.611452587726676e-4,3.977840481067987e-7
zooc,CESM2,ssp245,r4i1p1f1,2019,5.371459558571148e-4,5.287805397529155e-4,1.510267736178169e-4,3.7280675733038685e-7
zooc,CESM2,ssp245,r4i1p1f1,2020,5.492507559120607e-4,5.399124638643116e-4,1.4593199641478737e-4,3.602303953855261e-7
zooc,CESM2,ssp245,r4i1p1f1,2021,5.413248141778897e-4,5.270079418551177e-4,1.4210912591963222e-4,3.50793711287385e-7
zooc,CESM2,ssp245,r4i1p1f1,2022,5.526510643789645e-4,5.354324239306152e-4,1.3564201534798493e-4,3.348297701678188e-7
zooc,CESM2,ssp245,r4i1p1f1,2023,5.456319152274108e-4,5.233619012869895e-4,1.4446091569895873e-4,3.5659906023678497e-7
zooc,CESM2,ssp245,r4i1p1f1,2024,5.483844136635617e-4,5.283475329633802e-4,1.4753328110507028e-4,3.6418313660250943e-7
zooc,CESM2,ssp245,r4i1p1f1,2025,5.442367802177682e-4,5.303867219481617e-4,1.4015849300331675e-4,3.459786105284048e-7
zooc,CESM2,ssp245,r4i1p1f1,2026,5.515639831482088e-4,5.355529137887061e-4,1.3307838796033193e-4,3.2850150405645465e-7
zooc,CESM2,ssp245,r4i1p1f1,2027,5.59019898140576e-4,5.321836797520518e-4,1.3713475411399742e-4,3.3851456780712174e-7
zooc,CESM2,ssp245,r4i1p1f1,2028,5.453383891294456e-4,5.295804876368493e-4,1.30475607952293e-4,3.2207659043619253e-7
zooc,CESM2,ssp245,r4i1p1f1,2029,5.444958080619819e-4,5.251927941571921e-4,1.366132018960296e-4,3.3722712594167417e-7
zooc,CESM2,ssp245,r4i1p1f1,2030,5.447498560916609e-4,5.265770596452057e-4,1.4462394182283538e-4,3.570014871651149e-7
zooc,CESM2,ssp245,r4i1p1f1,2031,5.440812609795368e-4,5.284574290271848e-4,1.331166161582263e-4,3.285958696457749e-7
zooc,CESM2,ssp245,r4i1p1f1,2032,5.415926045749125e-4,5.26008108863607e-4,1.3070964581760804e-4,3.2265430851604387e-7
zooc,CESM2,ssp245,r4i1p1f1,2033,5.438056785528469e-4,5.222670151852071e-4,1.4130275696451857e-4,3.488032046496113e-7
zooc,CESM2,ssp245,r4i1p1f1,2034,5.455937776200787e-4,5.306873645167798e-4,1.350680258835366e-4,3.3341288794318554e-7
zooc,CESM2,ssp245,r4i1p1f1,2035,5.445579160530334e-4,5.244406056590378e-4,1.3149538900820277e-4,3.245939008410533e-7
zooc,CESM2,ssp245,r4i1p1f1,2036,5.439697143866223e-4,5.192039243411273e-4,1.3282894003423227e-4,3.278857465306577e-7
zooc,CESM2,ssp245,r4i1p1f1,2037,5.471874107438301e-4,5.192888202145696e-4,1.43710034248575e-4,3.5474552346346105e-7
zooc,CESM2,ssp245,r4i1p1f1,2038,5.518860765010887e-4,5.356902838684618e-4,1.3750839733800505e-4,3.3943689909583257e-7
zooc,CESM2,ssp245,r4i1p1f1,2039,5.43402617429827e-4,5.266201042104512e-4,1.281714310935962e-4,3.1638877308812254e-7
zooc,CESM2,ssp245,r4i1p1f1,2040,5.43275877255032e-4,5.198891158215702e-4,1.4303727320039066e-4,3.5308482543738464e-7
zooc,CESM2,ssp245,r4i1p1f1,2041,5.421350331325208e-4,5.234091076999903e-4,1.369899564023371e-4,3.381571373723728e-7
zooc,CESM2,ssp245,r4i1p1f1,2042,5.376825208675904e-4,5.185166373848915e-4,1.2916528553992223e-4,3.1884208414362323e-7
zooc,CESM2,ssp245,r4i1p1f1,2043,5.471802384867084e-4,5.251351394690573e-4,1.3588142015863593e-4,3.3542073645154505e-7
zooc,CESM2,ssp245,r4i1p1f1,2044,5.438092171658824e-4,5.188639624975622e-4,1.3438674999644606e-4,3.3173117119701227e-7
zooc,CESM2,ssp245,r4i1p1f1,2045,5.475318057155662e-4,5.218021397013217e-4,1.367673923937701e-4,3.376077422926482e-7
zooc,CESM2,ssp245,r4i1p1f1,2046,5.42847768642601e-4,5.179255676921457e-4,1.3755517755205426e-4,3.395523751765905e-7
zooc,CESM2,ssp245,r4i1p1f1,2047,5.424656530926045e-4,5.204574554227293e-4,1.3512187428918715e-4,3.3354581172230826e-7
zooc,CESM2,ssp245,r4i1p1f1,2048,5.375259384829823e-4,5.12784841703251e-4,1.3279991576229394e-4,3.2781410065988924e-7
zooc,CESM2,ssp245,r4i1p1f1,2049,5.493725128968328e-4,5.271430709399283e-4,1.3438178922241313e-4,3.317189256193788e-7
zooc,CESM2,ssp245,r4i1p1f1,2050,5.442829191146152e-4,5.256507429294288e-4,1.2644393702733025e-4,3.121244863942822e-7
zooc,CESM2,ssp245,r4i1p1f1,2051,5.436182865488283e-4,5.17905835295096e-4,1.449091459886086e-4,3.577055082977394e-7
zooc,CESM2,ssp245,r4i1p1f1,2052,5.365049939281361e-4,5.190510128159076e-4,1.3267422205468624e-4,3.275038281007426e-7
zooc,CESM2,ssp245,r4i1p1f1,2053,5.474308094705097e-4,5.223317130003124e-4,1.362706902567043e-4,3.3638164238570606e-7
zooc,CESM2,ssp245,r4i1p1f1,2054,5.443673727380113e-4,5.204964836593717e-4,1.3706815503792118e-4,3.3835016923726276e-7
zooc,CESM2,ssp245,r4i1p1f1,2055,5.458195591611706e-4,5.268978129606694e-4,1.3724291534347169e-4,3.3878156177291494e-7
zooc,CESM2,ssp245,r4i1p1f1,2056,5.439223049078388e-4,5.212904943618923e-4,1.396128866124614e-4,3.4463179138845383e-7
zooc,CESM2,ssp245,r4i1p1f1,2057,5.453153151503468e-4,5.251170077826828e-4,1.3145091312825164e-4,3.244841129657859e-7
zooc,CESM2,ssp245,r4i1p1f1,2058,5.427191934512987e-4,5.203633918426931e-4,1.4029721075236955e-4,3.463210326895205e-7
zooc,CESM2,ssp245,r4i1p1f1,2059,5.383495483362101e-4,5.148145719431341e-4,1.4431094227309913e-4,3.5622885364863435e-7
zooc,CESM2,ssp245,r4i1p1f1,2060,5.431226674600402e-4,5.310512788128108e-4,1.3082817637473845e-4,3.22946898972622e-7
zooc,CESM2,ssp245,r4i1p1f1,2061,5.398472590966765e-4,5.185309564694762e-4,1.326737346862484e-4,3.2750262504089706e-7
zooc,CESM2,ssp245,r4i1p1f1,2062,5.497023283364666e-4,5.290091794449836e-4,1.419612230608586e-4,3.5042861585524117e-7
zooc,CESM2,ssp245,r4i1p1f1,2063,5.399292912026422e-4,5.205016059335321e-4,0.00013484588844823723,3.3286454585156934e-7
zooc,CESM2,ssp245,r4i1p1f1,2064,5.450608320047612e-4,5.271252302918583e-4,1.3744398946491956e-4,3.392779094694481e-7
zooc,CESM2,ssp245,r4i1p1f1,2065,5.493912345091165e-4,5.331356660462916e-4,1.3806162303570737e-4,3.408025263517929e-7
zooc,CESM2,ssp245,r4i1p1f1,2066,5.455170341775087e-4,5.26201882166788e-4,1.3882893941491632e-4,3.4269663243859364e-7
zooc,CESM2,ssp245,r4i1p1f1,2067,5.403080082763372e-4,5.173329846002162e-4,1.3331330674570997e-4,3.29081396670955e-7
zooc,CESM2,ssp245,r4i1p1f1,2068,5.430801341397761e-4,5.249470996204764e-4,1.3631080573618017e-4,3.3648066669420384e-7
zooc,CESM2,ssp245,r4i1p1f1,2069,5.401813163747101e-4,5.193338438402861e-4,1.342499954723886e-4,3.313935952199664e-7
zooc,CESM2,ssp245,r4i1p1f1,2070,5.290964934280136e-4,5.077164387330413e-4,1.4017512412127877e-4,3.460196641310851e-7
zooc,CESM2,ssp245,r4i1p1f1,2071,5.34481208092607e-4,5.090592021588236e-4,1.4599585610907732e-4,3.603880318428379e-7
zooc,CESM2,ssp245,r4i1p1f1,2072,5.334863766955282e-4,5.208982620388269e-4,1.3532016450796844e-4,3.3403528740733655e-7
zooc,CESM2,ssp245,r4i1p1f1,2073,5.339052348777432e-4,5.146957118995488e-4,1.4740576188280175e-4,3.6386835779467023e-7
zooc,CESM2,ssp245,r4i1p1f1,2074,5.34014137121083e-4,5.161110602784902e-4,1.4104985062743716e-4,3.4817891010118756e-7
zooc,CESM2,ssp245,r4i1p1f1,2075,5.344382755232511e-4,5.166302144061774e-4,1.2674814912387328e-4,3.128754282474127e-7
zooc,CESM2,ssp245,r4i1p1f1,2076,5.366546095819122e-4,5.123256414663047e-4,1.4584851625211033e-4,3.600243261700915e-7
zooc,CESM2,ssp245,r4i1p1f1,2077,5.359445640741666e-4,5.216695717535913e-4,1.3673516329521906e-4,3.375281853675105e-7
zooc,CESM2,ssp245,r4i1p1f1,2078,5.319666237663035e-4,5.155143735464662e-4,1.2691493944640383e-4,3.132871470295013e-7
zooc,CESM2,ssp245,r4i1p1f1,2079,5.481843215556633e-4,5.277234595268965e-4,1.444760291856321e-4,3.566363675951009e-7
zooc,CESM2,ssp245,r4i1p1f1,2080,5.37258621456592e-4,5.183128814678639e-4,1.3435550490865418e-4,3.3165404328397297e-7
zooc,CESM2,ssp245,r4i1p1f1,2081,5.353340692511938e-4,5.160893488209695e-4,1.3139721312047952e-4,3.2435155550404204e-7
zooc,CESM2,ssp245,r4i1p1f1,2082,5.365759147345782e-4,5.205721827223897e-4,1.4945575942835763e-4,3.6892873827679537e-7
zooc,CESM2,ssp245,r4i1p1f1,2083,5.240906370335785e-4,5.069980397820473e-4,1.3582715085156048e-4,3.352867736851513e-7
zooc,CESM2,ssp245,r4i1p1f1,2084,5.370091029210905e-4,5.154653626959771e-4,1.4233328076825963e-4,3.5134703332595375e-7
zooc,CESM2,ssp245,r4i1p1f1,2085,5.301268026688741e-4,5.148605268914253e-4,1.3860942645813748e-4,3.4215476882296865e-7
zooc,CESM2,ssp245,r4i1p1f1,2086,5.262649672668865e-4,5.073482170701027e-4,1.351916231416841e-4,3.337179854561702e-7
zooc,CESM2,ssp245,r4i1p1f1,2087,5.361536337776633e-4,5.228626832831651e-4,1.4090272960784329e-4,3.478157446243912e-7
zooc,CESM2,ssp245,r4i1p1f1,2088,5.354045489592739e-4,5.175514670554549e-4,1.3810763045604625e-4,3.4091609480577496e-7
zooc,CESM2,ssp245,r4i1p1f1,2089,5.363791610764447e-4,5.264307546894997e-4,1.3577462993706813e-4,3.3515712679304814e-7
zooc,CESM2,ssp245,r4i1p1f1,2090,5.345238970403227e-4,5.180885491427034e-4,1.4157449294543772e-4,3.4947397982059403e-7
zooc,CESM2,ssp245,r4i1p1f1,2091,5.243062076911994e-4,5.18336717505008e-4,1.4001697768826747e-4,3.4562928262811066e-7
zooc,CESM2,ssp245,r4i1p1f1,2092,5.290234075405302e-4,5.14015177031979e-4,1.4535635261688675e-4,3.588094294698021e-7
zooc,CESM2,ssp245,r4i1p1f1,2093,5.312063484960583e-4,5.206949717830867e-4,1.4118144316082972e-4,3.4850374380111895e-7
zooc,CESM2,ssp245,r4i1p1f1,2094,5.188050616505499e-4,5.050449981354177e-4,1.3475211613634135e-4,3.3263307065887437e-7
zooc,CESM2,ssp245,r4i1p1f1,2095,5.309174193415859e-4,5.162911547813565e-4,1.422023959341313e-4,3.5102394656837933e-7
zooc,CESM2,ssp245,r4i1p1f1,2096,5.269281698048271e-4,5.132807418704033e-4,1.3704776187910584e-4,3.3829982910731396e-7
zooc,CESM2,ssp245,r4i1p1f1,2097,5.259659633401962e-4,5.085122829768807e-4,1.483115676932927e-4,3.661043224444528e-7
zooc,CESM2,ssp245,r4i1p1f1,2098,5.262681003761323e-4,5.176668055355549e-4,1.3637199347585167e-4,3.3663170748166737e-7
zooc,CESM2,ssp245,r4i1p1f1,2099,5.252619132269384e-4,5.070447223260999e-4,1.380338279797059e-4,3.407339147775038e-7
zooc,CESM2,ssp370,r4i1p1f1,2014,5.445986191258715e-4,5.235077405814081e-4,1.417064795518411e-4,3.4979978628235953e-7
zooc,CESM2,ssp370,r4i1p1f1,2015,5.513365040759687e-4,5.291988200042397e-4,1.4369681183149514e-4,3.547128841749592e-7
zooc,CESM2,ssp370,r4i1p1f1,2016,5.400144558742243e-4,5.257745797280222e-4,1.3572442236359035e-4,3.3503319033983987e-7
zooc,CESM2,ssp370,r4i1p1f1,2017,5.416840561988266e-4,5.152817175257951e-4,1.4541914963585664e-4,3.5896444273302274e-7
zooc,CESM2,ssp370,r4i1p1f1,2018,5.425494794105019e-4,5.259893368929625e-4,1.497572450048247e-4,3.696729497662694e-7
zooc,CESM2,ssp370,r4i1p1f1,2019,5.336007221423344e-4,5.23344351677224e-4,1.5076376123082663e-4,3.7215751618735814e-7
zooc,CESM2,ssp370,r4i1p1f1,2020,5.43827634518035e-4,5.367919511627406e-4,1.4025887613663667e-4,3.462264044097623e-7
zooc,CESM2,ssp370,r4i1p1f1,2021,5.53742204311245e-4,5.360329814720899e-4,1.395418874468851e-4,3.44456531280212e-7
zooc,CESM2,ssp370,r4i1p1f1,2022,5.43226141054128e-4,5.270686815492809e-4,1.3494572883001482e-4,3.331109999609269e-7
zooc,CESM2,ssp370,r4i1p1f1,2023,5.514125766896432e-4,5.335865716915578e-4,1.4120270424105005e-4,3.485562263787733e-7
zooc,CESM2,ssp370,r4i1p1f1,2024,5.464887214258002e-4,5.286069645080715e-4,1.5276769869818966e-4,3.7710419823057665e-7
zooc,CESM2,ssp370,r4i1p1f1,2025,5.425603461194664e-4,5.30305493157357e-4,1.4107042459124696e-4,3.482296965448732e-7
zooc,CESM2,ssp370,r4i1p1f1,2026,5.368227165700734e-4,5.23721391800791e-4,1.4383256720146227e-4,3.550479937588778e-7
zooc,CESM2,ssp370,r4i1p1f1,2027,5.568521931103454e-4,5.395958141889423e-4,1.444665194466862e-4,3.566128929829209e-7
zooc,CESM2,ssp370,r4i1p1f1,2028,5.475928520212742e-4,5.290280969347805e-4,1.4255198621770934e-4,3.5188690362488606e-7
zooc,CESM2,ssp370,r4i1p1f1,2029,5.518990595994479e-4,5.346738616935909e-4,1.3564857474810023e-4,3.348459619239454e-7
zooc,CESM2,ssp370,r4i1p1f1,2030,5.457503733502291e-4,5.228605004958808e-4,1.4022955184818544e-4,3.461540179538602e-7
zooc,CESM2,ssp370,r4i1p1f1,2031,5.424222898091989e-4,5.225637287367135e-4,1.439941970264338e-4,3.554469739495557e-7
zooc,CESM2,ssp370,r4i1p1f1,2032,5.50713460305044e-4,5.293667200021446e-4,1.4151585755661487e-4,3.493292394633169e-7
zooc,CESM2,ssp370,r4i1p1f1,2033,5.516458880634239e-4,5.349026178009808e-4,1.4149954480097412e-4,3.4928897173205394e-7
zooc,CESM2,ssp370,r4i1p1f1,2034,5.377092545241205e-4,5.210022791288793e-4,1.3446042975701042e-4,3.319130483036926e-7
zooc,CESM2,ssp370,r4i1p1f1,2035,5.429422539791264e-4,5.219414597377181e-4,1.342486032199087e-4,3.313901584708392e-7
zooc,CESM2,ssp370,r4i1p1f1,2036,5.454134715404829e-4,5.222242616582662e-4,1.2904591215230797e-4,3.185474131758077e-7
zooc,CESM2,ssp370,r4i1p1f1,2037,5.461763204779249e-4,5.173642421141267e-4,1.4290563102977648e-4,3.5275986920890293e-7
zooc,CESM2,ssp370,r4i1p1f1,2038,5.459871004538251e-4,5.285322840791196e-4,1.3407088867223275e-4,3.3095147344392354e-7
zooc,CESM2,ssp370,r4i1p1f1,2039,5.490980991084081e-4,5.330193089321256e-4,1.3072632303027008e-4,3.2269547590262647e-7
zooc,CESM2,ssp370,r4i1p1f1,2040,5.471126735902221e-4,5.20596164278686e-4,1.455198139410024e-4,3.592129306817574e-7
zooc,CESM2,ssp370,r4i1p1f1,2041,5.44954197246516e-4,5.242996849119663e-4,1.3791631743888345e-4,3.404438422120458e-7
zooc,CESM2,ssp370,r4i1p1f1,2042,5.441297437369858e-4,5.240637401584536e-4,1.3170320279693034e-4,3.2510688527982655e-7
zooc,CESM2,ssp370,r4i1p1f1,2043,5.432138548341492e-4,5.215428536757827e-4,1.3038568616106536e-4,3.2185462018152934e-7
zooc,CESM2,ssp370,r4i1p1f1,2044,5.387316999390921e-4,5.175287078600377e-4,1.277942541771514e-4,3.1545771894592455e-7
zooc,CESM2,ssp370,r4i1p1f1,2045,5.460700488037238e-4,5.200706655159593e-4,1.4307713670351277e-4,3.5318322774698035e-7
zooc,CESM2,ssp370,r4i1p1f1,2046,5.525830432863806e-4,5.345679528545588e-4,1.425314730360234e-4,3.5183626722073283e-7
zooc,CESM2,ssp370,r4i1p1f1,2047,5.494499822418646e-4,5.341022624634206e-4,1.3053097474603127e-4,3.2221326232782404e-7
zooc,CESM2,ssp370,r4i1p1f1,2048,5.417257904009329e-4,5.229217931628227e-4,1.2852847927751482e-4,3.172701398317057e-7
zooc,CESM2,ssp370,r4i1p1f1,2049,5.511549521769472e-4,5.287825188133866e-4,1.3041776226711593e-4,3.219337994475498e-7
zooc,CESM2,ssp370,r4i1p1f1,2050,5.47509583029881e-4,5.227868678048253e-4,1.4482085603621632e-4,3.57487566206627e-7
zooc,CESM2,ssp370,r4i1p1f1,2051,5.474426924371407e-4,5.310447595547885e-4,1.300521379377452e-4,3.210312626498113e-7
zooc,CESM2,ssp370,r4i1p1f1,2052,5.49132679682763e-4,5.271360569167882e-4,1.381823818039997e-4,3.411006171058217e-7
zooc,CESM2,ssp370,r4i1p1f1,2053,5.555819100464374e-4,5.446290015242994e-4,1.3318003801539416e-4,3.2875242531036493e-7
zooc,CESM2,ssp370,r4i1p1f1,2054,5.470816766268151e-4,5.291415727697313e-4,1.3171051349300406e-4,3.2512493159593187e-7
zooc,CESM2,ssp370,r4i1p1f1,2055,5.427681653067389e-4,5.270872206892818e-4,1.3007844596542474e-4,3.210962035225852e-7
zooc,CESM2,ssp370,r4i1p1f1,2056,5.493652671997623e-4,5.274761642795056e-4,1.507762602911052e-4,3.7218836988316654e-7
zooc,CESM2,ssp370,r4i1p1f1,2057,5.396609457879003e-4,5.227032524999231e-4,1.3771675150731527e-4,3.399512174539362e-7
zooc,CESM2,ssp370,r4i1p1f1,2058,5.404907408939028e-4,5.257486191112548e-4,1.2620499044789732e-4,3.11534651245721e-7
zooc,CESM2,ssp370,r4i1p1f1,2059,5.378873406561594e-4,5.114591622259468e-4,1.412215961344936e-4,3.486028606633164e-7
zooc,CESM2,ssp370,r4i1p1f1,2060,5.411699297255678e-4,5.25856128660962e-4,1.3406391168839177e-4,3.309342508902041e-7
zooc,CESM2,ssp370,r4i1p1f1,2061,5.401991271485428e-4,5.228248191997409e-4,1.2500795592471393e-4,3.085797939822677e-7
zooc,CESM2,ssp370,r4i1p1f1,2062,5.426692456161716e-4,5.15699532115832e-4,1.4435818435602093e-4,3.5634546984403944e-7
zooc,CESM2,ssp370,r4i1p1f1,2063,5.41226025945461e-4,5.256110162008554e-4,1.3870133116845087e-4,3.423816338761944e-7
zooc,CESM2,ssp370,r4i1p1f1,2064,5.450084387920647e-4,5.308048275765032e-4,1.258721158467875e-4,3.107129565377917e-7
zooc,CESM2,ssp370,r4i1p1f1,2065,5.492122849207922e-4,5.254050774965435e-4,1.396501857059297e-4,3.4472386350092884e-7
zooc,CESM2,ssp370,r4i1p1f1,2066,5.414977967888413e-4,5.288415995892137e-4,1.2712461496814525e-4,3.138047271212921e-7
zooc,CESM2,ssp370,r4i1p1f1,2067,5.43069546548558e-4,5.171437805984169e-4,1.4441304973305914e-4,3.5648090399795364e-7
zooc,CESM2,ssp370,r4i1p1f1,2068,5.428013448235108e-4,5.245714564807713e-4,1.3453913390780437e-4,3.321073280233944e-7
zooc,CESM2,ssp370,r4i1p1f1,2069,5.449217837387207e-4,5.230884999036789e-4,1.3780579394678767e-4,3.401710170452888e-7
zooc,CESM2,ssp370,r4i1p1f1,2070,5.394129490323353e-4,5.179956206120551e-4,1.3221725840914034e-4,3.263758219146014e-7
zooc,CESM2,ssp370,r4i1p1f1,2071,5.380726638309299e-4,5.16895845066756e-4,1.3962391892813437e-4,3.4465902445272023e-7
zooc,CESM2,ssp370,r4i1p1f1,2072,5.397287191719962e-4,5.234167911112309e-4,1.3162979833535079e-4,3.249256877435254e-7
zooc,CESM2,ssp370,r4i1p1f1,2073,5.347734462867631e-4,5.193986289668828e-4,1.252550189766477e-4,3.0918966449092773e-07
zooc,CESM2,ssp370,r4i1p1f1,2074,5.357174747185573e-4,5.139278655406088e-4,1.4819010279436856e-4,3.658044886202067e-7
zooc,CESM2,ssp370,r4i1p1f1,2075,5.414208650102578e-4,5.276657757349312e-4,1.3419441477008598e-4,3.3125639529905686e-7
zooc,CESM2,ssp370,r4i1p1f1,2076,5.366546163469541e-4,5.22064307006076e-4,1.2676548024174097e-4,3.129182097867278e-7
zooc,CESM2,ssp370,r4i1p1f1,2077,5.334054412419575e-4,5.165902839507908e-4,1.3495738200469166e-4,3.331397656039967e-7
zooc,CESM2,ssp370,r4i1p1f1,2078,5.332092758009143e-4,5.14248211402446e-4,1.3420368275752576e-4,3.312792731521794e-7
zooc,CESM2,ssp370,r4i1p1f1,2079,5.333713141872185e-4,5.132431397214532e-4,1.321215258994624e-4,3.261395080104559e-7
zooc,CESM2,ssp370,r4i1p1f1,2080,5.374153179552514e-4,5.209364753682166e-4,1.3284313016559909e-4,3.2792077460372203e-7
zooc,CESM2,ssp370,r4i1p1f1,2081,5.346704355636724e-4,5.177205894142389e-4,1.4364520014573774e-4,3.5458548169693063e-7
zooc,CESM2,ssp370,r4i1p1f1,2082,5.362272963874615e-4,5.212915129959583e-4,1.3286498390702048e-4,3.279747201544326e-7
zooc,CESM2,ssp370,r4i1p1f1,2083,5.293727054562167e-4,5.125788738951087e-4,1.3191979590432339e-4,3.256415413020207e-7
zooc,CESM2,ssp370,r4i1p1f1,2084,5.358867296364571e-4,5.15409221407026e-4,1.3541592029455197e-4,3.3427165877008685e-7
zooc,CESM2,ssp370,r4i1p1f1,2085,5.241380116587271e-4,5.104411975480616e-4,1.3199950082332644e-4,3.2583829139927164e-7
zooc,CESM2,ssp370,r4i1p1f1,2086,5.341625298410739e-4,5.167937488295138e-4,1.3972718766049923e-4,3.4491394138118477e-7
zooc,CESM2,ssp370,r4i1p1f1,2087,5.342227685584878e-4,5.20386325661093e-4,1.3686999453242296e-4,3.3786101374704034e-7
zooc,CESM2,ssp370,r4i1p1f1,2088,5.27249992460372e-4,5.150784854777157e-4,1.371137565266267e-4,3.3846273565662343e-7
zooc,CESM2,ssp370,r4i1p1f1,2089,5.299845169424772e-4,5.164359754417092e-4,1.4584918164237479e-4,3.600259686734762e-7
zooc,CESM2,ssp370,r4i1p1f1,2090,5.264849453758025e-4,5.137435218784958e-4,1.383223516903108e-4,3.4144613014426874e-7
zooc,CESM2,ssp370,r4i1p1f1,2091,5.155614017716705e-4,5.047749727964401e-4,1.3145981706245017e-4,3.2450609216031226e-7
zooc,CESM2,ssp370,r4i1p1f1,2092,5.178527904305349e-4,5.01389557030052e-4,1.354493708348507e-4,3.3435423080126375e-7
zooc,CESM2,ssp370,r4i1p1f1,2093,5.227434613454203e-4,5.040325049776584e-4,1.4849781509966036e-4,3.6656407067296774e-7
zooc,CESM2,ssp370,r4i1p1f1,2094,5.245760060817537e-4,5.159684806130826e-4,1.3597089063436909e-4,3.356415926423771e-7
zooc,CESM2,ssp370,r4i1p1f1,2095,5.212764340008549e-4,5.056434019934386e-4,1.3565690828810372e-4,3.3486653311110224e-7
zooc,CESM2,ssp370,r4i1p1f1,2096,5.269692561669412e-4,5.158618150744587e-4,1.3871575796090124e-4,3.424172461427036e-7
zooc,CESM2,ssp370,r4i1p1f1,2097,5.249137756992309e-4,5.121951398905367e-4,1.45758986326485e-4,3.598033232283159e-7
zooc,CESM2,ssp370,r4i1p1f1,2098,5.252831396861133e-4,5.094977095723152e-4,1.4669696139652286e-4,3.621186970917771e-7
zooc,CESM2,ssp370,r4i1p1f1,2099,5.165882261594559e-4,5.076669913250953e-4,1.3284428829678859e-4,3.2792363342883614e-7
zooc,CESM2,ssp585,r4i1p1f1,2014,5.548637402345794e-4,5.334016750566661e-4,1.404033038318084e-4,3.4658292146575084e-7
zooc,CESM2,ssp585,r4i1p1f1,2015,5.508246338762384e-4,5.304177175275981e-4,1.3633013374493452e-4,3.365283775212099e-7
zooc,CESM2,ssp585,r4i1p1f1,2016,5.597199987182072e-4,5.390550941228867e-4,1.3761367972130347e-4,3.396967866838494e-7
zooc,CESM2,ssp585,r4i1p1f1,2017,5.518010233613833e-4,5.326390091795474e-4,1.4236696107721607e-4,3.514301725367516e-7
zooc,CESM2,ssp585,r4i1p1f1,2018,5.450549912459329e-4,5.262620106805116e-4,1.398142392852023e-4,3.45128826683628e-7
zooc,CESM2,ssp585,r4i1p1f1,2019,5.492679576685859e-4,5.355374305509031e-4,1.3980542171303202e-4,3.4510706067214815e-7
zooc,CESM2,ssp585,r4i1p1f1,2020,5.444531446430041e-4,5.307983374223113e-4,1.3140228513492067e-4,3.243640756765362e-7
zooc,CESM2,ssp585,r4i1p1f1,2021,5.433920473417749e-4,5.268317472655326e-4,1.4178843560787944e-4,3.500020932691496e-7
zooc,CESM2,ssp585,r4i1p1f1,2022,5.43674975028013e-4,5.263169587124139e-4,1.4913492998932978e-4,3.681367768254916e-7
zooc,CESM2,ssp585,r4i1p1f1,2023,5.468768203017296e-4,5.297777825035155e-4,1.3376893743432318e-4,3.302061124779148e-7
zooc,CESM2,ssp585,r4i1p1f1,2024,5.45571130047279e-4,5.175852274987847e-4,1.4695298176878793e-4,3.6275067857763064e-7
zooc,CESM2,ssp585,r4i1p1f1,2025,5.461861125751678e-4,5.324892699718475e-4,1.4019307912205593e-4,3.460639857136579e-7
zooc,CESM2,ssp585,r4i1p1f1,2026,5.463047450770163e-4,5.25244977325201e-4,1.3858426079605017e-4,3.420926478582278e-7
zooc,CESM2,ssp585,r4i1p1f1,2027,5.55808592136379e-4,5.381004884839058e-4,1.3498348382658544e-4,3.33204197461657e-7
zooc,CESM2,ssp585,r4i1p1f1,2028,5.542528355754079e-4,5.315665912348777e-4,1.3134215200698543e-4,3.242156381783586e-7
zooc,CESM2,ssp585,r4i1p1f1,2029,5.441625885363913e-4,5.245943320915103e-4,1.3317176683609372e-4,3.287320080594337e-7
zooc,CESM2,ssp585,r4i1p1f1,2030,5.450011479332029e-4,5.189103831071407e-4,1.5057941822845544e-4,3.7170246894438083e-7
zooc,CESM2,ssp585,r4i1p1f1,2031,5.426444541568552e-4,5.214018456172198e-4,1.3861047070372096e-4,3.421573465236008e-7
zooc,CESM2,ssp585,r4i1p1f1,2032,5.452540288777502e-4,5.270357360132039e-4,1.28825725234904e-4,3.180038859010235e-7
zooc,CESM2,ssp585,r4i1p1f1,2033,5.508214751307959e-4,5.274461291264743e-4,1.3527621085719334e-4,3.339267886449928e-7
zooc,CESM2,ssp585,r4i1p1f1,2034,5.440143583073739e-4,5.263795028440654e-4,1.4171802176345339e-4,3.4982827801518625e-7
zooc,CESM2,ssp585,r4i1p1f1,2035,5.461517846729348e-4,5.326025711838156e-4,1.2951466968283561e-4,3.1970453234576654e-7
zooc,CESM2,ssp585,r4i1p1f1,2036,5.521152775587424e-4,5.257691373117268e-4,1.3882999212491045e-4,3.426992310334647e-7
zooc,CESM2,ssp585,r4i1p1f1,2037,5.476266228649158e-4,5.275742732919753e-4,1.3434477651838307e-4,3.3162756045385926e-7
zooc,CESM2,ssp585,r4i1p1f1,2038,5.511793930152529e-4,5.272936541587114e-4,1.290871675173265e-4,3.186492512703826e-7
zooc,CESM2,ssp585,r4i1p1f1,2039,5.384157736808086e-4,5.133833910804242e-4,1.413926928345016e-4,3.4902520965741814e-7
zooc,CESM2,ssp585,r4i1p1f1,2040,5.40891984113562e-4,5.201745661906898e-4,1.51302168279676e-4,3.7348656388663096e-7
zooc,CESM2,ssp585,r4i1p1f1,2041,5.45618405303618e-4,5.26614865520969e-4,1.3976288928554517e-4,3.4500207017282857e-7
zooc,CESM2,ssp585,r4i1p1f1,2042,5.523304803604619e-4,5.357427580747753e-4,1.2234075646903162e-4,3.019958621640421e-7
zooc,CESM2,ssp585,r4i1p1f1,2043,5.489717770833068e-4,5.217381403781474e-4,1.4743502033371078e-4,3.639405817318345e-7
zooc,CESM2,ssp585,r4i1p1f1,2044,5.450866025879277e-4,5.243588238954544e-4,1.3649908478031381e-4,3.3694542998242947e-7
zooc,CESM2,ssp585,r4i1p1f1,2045,5.457644125032419e-4,5.312036082614213e-4,1.2865071490057552e-4,3.175718761740236e-7
zooc,CESM2,ssp585,r4i1p1f1,2046,5.403059353002881e-4,5.143786547705531e-4,1.346696973361789e-4,3.324296213968953e-7
zooc,CESM2,ssp585,r4i1p1f1,2047,5.425379542759513e-4,5.197688878979534e-4,1.412766503633698e-4,3.487387609944497e-7
zooc,CESM2,ssp585,r4i1p1f1,2048,5.395715571360244e-4,5.201159219723195e-4,1.3456701749779807e-4,3.3217615814218236e-7
zooc,CESM2,ssp585,r4i1p1f1,2049,5.39200010395625e-4,5.167160416021943e-4,1.3779928338668977e-4,3.4015494584982877e-7
zooc,CESM2,ssp585,r4i1p1f1,2050,5.47807109503986e-4,5.337135517038405e-4,1.3199588105519355e-4,3.2582935606954447e-7
zooc,CESM2,ssp585,r4i1p1f1,2051,5.391265193578254e-4,5.142857553437352e-4,1.3183548340235936e-4,3.254334174726713e-7
zooc,CESM2,ssp585,r4i1p1f1,2052,5.408966055227525e-4,5.181018204893917e-4,1.2697181624466856e-4,3.1342754633897783e-7
zooc,CESM2,ssp585,r4i1p1f1,2053,5.372998878117296e-4,5.130658682901412e-4,1.451182376654582e-4,3.5822164717936794e-7
zooc,CESM2,ssp585,r4i1p1f1,2054,5.359106357689032e-4,5.222745821811259e-4,1.3147635049202337e-4,3.245469046210375e-7
zooc,CESM2,ssp585,r4i1p1f1,2055,5.377722964236769e-4,5.13220758875832e-4,1.3653994276482145e-4,3.3704628715066836e-7
zooc,CESM2,ssp585,r4i1p1f1,2056,5.36609364475999e-4,5.145690229255706e-4,1.292617555784233e-4,3.190802186238322e-7
zooc,CESM2,ssp585,r4i1p1f1,2057,5.395119861986696e-4,5.161493900232017e-4,1.4511039058020506e-4,3.582022767966362e-7
zooc,CESM2,ssp585,r4i1p1f1,2058,5.343581112745697e-4,5.16707164933905e-4,1.3408399164346923e-4,3.3098381788260186e-7
zooc,CESM2,ssp585,r4i1p1f1,2059,5.313269357613404e-4,5.152412049937993e-4,1.370006689738243e-4,3.3818358115411526e-7
zooc,CESM2,ssp585,r4i1p1f1,2060,5.358113064430451e-4,5.155889375600964e-4,1.27513966352837e-4,3.147658337099579e-7
zooc,CESM2,ssp585,r4i1p1f1,2061,5.348903266155977e-4,5.150216456968337e-4,1.3333816507524085e-4,3.29142758991046e-7
zooc,CESM2,ssp585,r4i1p1f1,2062,5.389312829886973e-4,5.115668755024672e-4,1.4371057968547352e-4,3.5474686986421236e-7
zooc,CESM2,ssp585,r4i1p1f1,2063,5.31232994498675e-4,5.130174104124308e-4,1.306604244259838e-4,3.2253280643423984e-7
zooc,CESM2,ssp585,r4i1p1f1,2064,5.302670104368336e-4,5.125224706716835e-4,1.318996329691235e-4,3.255917694747475e-7
zooc,CESM2,ssp585,r4i1p1f1,2065,5.37430689225221e-4,5.199842562433332e-4,1.3634115828122182e-4,3.3655559138220873e-07
zooc,CESM2,ssp585,r4i1p1f1,2066,5.352404571418497e-4,5.207345529925078e-4,1.3496456819215221e-4,3.331575045729263e-7
zooc,CESM2,ssp585,r4i1p1f1,2067,5.338479544775477e-4,5.144249880686402e-4,1.336571171821405e-4,3.299300862832112e-7
zooc,CESM2,ssp585,r4i1p1f1,2068,5.289245283575805e-4,5.118826811667532e-4,1.3938902400715278e-4,3.4407919074703485e-7
zooc,CESM2,ssp585,r4i1p1f1,2069,5.276390328263727e-4,5.066992889624089e-4,1.3564528787559299e-4,3.348378483408248e-7
zooc,CESM2,ssp585,r4i1p1f1,2070,5.277447321755388e-4,5.064000724814832e-4,1.3952389990684046e-4,3.44412129375068e-7
zooc,CESM2,ssp585,r4i1p1f1,2071,5.296504802359192e-4,5.198760773055255e-4,1.3404483621584458e-4,3.308871634440878e-7
zooc,CESM2,ssp585,r4i1p1f1,2072,5.29148360872112e-4,5.109429184813052e-4,1.4474300745201187e-4,3.572953984370005e-7
zooc,CESM2,ssp585,r4i1p1f1,2073,5.301294334738581e-4,5.126617616042495e-4,1.3508383807239144e-4,3.334519200347284e-7
zooc,CESM2,ssp585,r4i1p1f1,2074,5.282011710011567e-4,5.089559417683631e-4,1.3735158065731208e-4,3.3904980006150896e-7
zooc,CESM2,ssp585,r4i1p1f1,2075,5.277175718835237e-4,5.102570576127619e-4,1.36226980268009e-4,3.362737450986351e-7
zooc,CESM2,ssp585,r4i1p1f1,2076,5.243242568162581e-4,5.077701644040644e-4,1.399853166480257e-4,3.455511279442523e-7
zooc,CESM2,ssp585,r4i1p1f1,2077,5.224131005148469e-4,5.084410367999226e-4,1.433147519363567e-4,3.537697764914634e-7
zooc,CESM2,ssp585,r4i1p1f1,2078,5.198513082848183e-4,5.064902943558991e-4,1.3921674772524156e-4,3.4365392997713466e-7
zooc,CESM2,ssp585,r4i1p1f1,2079,5.156881158902318e-4,4.981897072866559e-4,1.4119977593201227e-4,3.485489979028502e-7
zooc,CESM2,ssp585,r4i1p1f1,2080,5.157339441056034e-4,5.020126409363002e-4,1.370348845907232e-4,3.3826804176252644e-7
zooc,CESM2,ssp585,r4i1p1f1,2081,5.254135181925362e-4,5.088075995445251e-4,1.408555319251669e-4,3.47699238030159e-7
zooc,CESM2,ssp585,r4i1p1f1,2082,5.167150906780298e-4,5.067932361271232e-4,1.3249380708084437e-4,3.270584771224979e-7
zooc,CESM2,ssp585,r4i1p1f1,2083,5.146601275020006e-4,4.981481761205941e-4,1.446637152918693e-4,3.5709966722725306e-7
zooc,CESM2,ssp585,r4i1p1f1,2084,5.132984986992508e-4,5.067555466666818e-4,1.3524026956414866e-4,3.338380682373904e-7
zooc,CESM2,ssp585,r4i1p1f1,2085,5.159965612271134e-4,4.996520583517849e-4,1.412850925643404e-4,3.487596004091653e-7
zooc,CESM2,ssp585,r4i1p1f1,2086,5.073652727493062e-4,4.954039759468287e-4,1.3139400518743534e-4,3.2434363678150506e-7
zooc,CESM2,ssp585,r4i1p1f1,2087,5.158824845873911e-4,5.004176346119493e-4,1.3681409359650752e-4,3.377230233354653e-7
zooc,CESM2,ssp585,r4i1p1f1,2088,5.056255516637737e-4,4.90163016365841e-4,1.3709809170072204e-4,3.3842406732775846e-7
zooc,CESM2,ssp585,r4i1p1f1,2089,5.083508444946429e-4,4.973810573574156e-4,1.3661551279722767e-4,3.372328303579278e-7
zooc,CESM2,ssp585,r4i1p1f1,2090,5.128922833394182e-4,4.996368079446256e-4,1.4913194227360871e-4,3.681294017052853e-7
zooc,CESM2,ssp585,r4i1p1f1,2091,5.040812318057879e-4,4.980690137017518e-4,1.3303774549902584e-4,3.284011789031955e-7
zooc,CESM2,ssp585,r4i1p1f1,2092,5.049009263796704e-4,4.904586239717901e-4,1.4084590928386086e-4,3.476754847206211e-7
zooc,CESM2,ssp585,r4i1p1f1,2093,5.042142556283743e-4,4.941440711263567e-4,1.4229594765496597e-4,3.51254877236178e-7
zooc,CESM2,ssp585,r4i1p1f1,2094,5.058641194426746e-4,5.005842249374837e-4,1.37641568998785e-4,3.397656308420944e-7
zooc,CESM2,ssp585,r4i1p1f1,2095,5.032594296809425e-4,4.939058271702379e-4,1.4339418076105034e-4,3.5396584505509124e-7
zooc,CESM2,ssp585,r4i1p1f1,2096,4.991328442987181e-4,4.8824823170434684e-4,1.3895019094601151e-4,3.429959395683568e-7
zooc,CESM2,ssp585,r4i1p1f1,2097,5.047838437273945e-4,4.969263391103595e-4,1.4365699865967927e-4,3.5461460610724867e-7
zooc,CESM2,ssp585,r4i1p1f1,2098,5.038047797967649e-4,4.972225870005786e-4,1.3663587779912386e-4,3.3728310098304996e-7
zooc,CESM2,ssp585,r4i1p1f1,2099,5.010428282632749e-4,4.91500657517463e-4,1.433127084141358e-4,3.5376473209519864e-7
zooc,CESM2-WACCM,historical,r1i1p1f1,1849,5.148720461313381e-4,5.222672189120203e-4,1.8910363191258114e-4,4.667987676882447e-7
zooc,CESM2-WACCM,historical,r1i1p1f1,1850,5.147300551157756e-4,5.264455685392022e-4,1.927136192062325e-4,4.7570995359727936e-7
zooc,CESM2-WACCM,historical,r1i1p1f1,1851,5.193604801721036e-4,5.252659611869603e-4,1.8580382140193219e-4,4.586532473489647e-7
zooc,CESM2-WACCM,historical,r1i1p1f1,1852,5.054483389626167e-4,5.210635426919907e-4,1.8449570392754962e-4,4.554241839044534e-7
zooc,CESM2-WACCM,historical,r1i1p1f1,1853,5.167946870223274e-4,5.209316150285304e-4,1.9041541932580174e-4,4.7003689030792764e-7
zooc,CESM2-WACCM,historical,r1i1p1f1,1854,5.1648592319802e-4,5.2599937771447e-4,1.799484500330885e-4,4.441993729749558e-7
zooc,CESM2-WACCM,historical,r1i1p1f1,1855,5.259589046910051e-4,5.326264072209597e-4,1.873064874871231e-4,4.623625503894177e-7
zooc,CESM2-WACCM,historical,r1i1p1f1,1856,5.177480853429714e-4,5.16496947966516e-4,1.7791244241096167e-4,4.3917352635635657e-7
zooc,CESM2-WACCM,historical,r1i1p1f1,1857,5.22459490811591e-4,5.258717574179173e-4,1.7789912671743263e-4,4.391406568166899e-7
zooc,CESM2-WACCM,historical,r1i1p1f1,1858,5.190667539167155e-4,5.278412427287549e-4,1.8324605730289613e-4,4.52339454655553e-7
zooc,CESM2-WACCM,historical,r1i1p1f1,1859,5.281192836699069e-4,5.32674283022061e-4,1.8709540714896295e-4,4.618415025346524e-7
zooc,CESM2-WACCM,historical,r1i1p1f1,1860,5.168722223485042e-4,5.232096009422094e-4,1.8632188471873784e-4,4.599320769273472e-7
zooc,CESM2-WACCM,historical,r1i1p1f1,1861,5.07026777726011e-4,5.221491737756878e-4,1.9390642626031395e-4,4.786543754325642e-7
zooc,CESM2-WACCM,historical,r1i1p1f1,1862,5.179111396833688e-4,5.287219537422061e-4,1.9281911101575708e-4,4.7597035815000654e-7
zooc,CESM2-WACCM,historical,r1i1p1f1,1863,5.182420140501254e-4,5.317463364917785e-4,1.8979247449913943e-4,4.6849916269009873e-7
zooc,CESM2-WACCM,historical,r1i1p1f1,1864,5.218711874633286e-4,5.349230777937919e-4,1.808535845285973e-4,4.4643368049629917e-7
zooc,CESM2-WACCM,historical,r1i1p1f1,1865,5.074989031183401e-4,5.174062680453062e-4,1.8739102877665488e-4,4.625712389765859e-7
zooc,CESM2-WACCM,historical,r1i1p1f1,1866,5.139390088587162e-4,5.229512171354145e-4,1.8495392886293022e-4,4.56555303560889e-7
zooc,CESM2-WACCM,historical,r1i1p1f1,1867,5.08223431967728e-4,5.144237366039306e-4,1.884679452150643e-4,4.6522958700125586e-7
zooc,CESM2-WACCM,historical,r1i1p1f1,1868,5.265029604267734e-4,5.273994174785912e-4,1.783167429696292e-4,4.4017153470052696e-7
zooc,CESM2-WACCM,historical,r1i1p1f1,1869,5.238610036062454e-4,5.291237321216613e-4,1.790365733469466e-4,4.419484224825218e-7
zooc,CESM2-WACCM,historical,r1i1p1f1,1870,5.213687686496758e-4,5.275366420391947e-4,1.8811134737612616e-4,4.643493319258083e-7
zooc,CESM2-WACCM,historical,r1i1p1f1,1871,5.192696180096648e-4,5.260974867269397e-4,1.8236006884234763e-4,4.50152408762319e-7
zooc,CESM2-WACCM,historical,r1i1p1f1,1872,5.152649162076873e-4,5.242842598818243e-4,1.8639281176948005e-4,4.601071590214739e-7
zooc,CESM2-WACCM,historical,r1i1p1f1,1873,5.212855389362182e-4,5.307780811563134e-4,1.871037041683038e-4,4.618619835712387e-7
zooc,CESM2-WACCM,historical,r1i1p1f1,1874,5.220008006726417e-4,5.260446341708302e-4,1.850076946866176e-4,4.5668802348798497e-7
zooc,CESM2-WACCM,historical,r1i1p1f1,1875,5.141475526024715e-4,5.241684557404369e-4,0.00018571996419409201,4.584462474046185e-7
zooc,CESM2-WACCM,historical,r1i1p1f1,1876,5.150616948576906e-4,5.245446809567511e-4,1.9046880057115798e-4,4.7016866091062807e-7
zooc,CESM2-WACCM,historical,r1i1p1f1,1877,5.206283581099941e-4,5.309617263264954e-4,1.8251926239367714e-4,4.505453750572175e-7
zooc,CESM2-WACCM,historical,r1i1p1f1,1878,5.195020372485167e-4,5.264723731670529e-4,1.800751186925543e-4,4.4451205218447354e-7
zooc,CESM2-WACCM,historical,r1i1p1f1,1879,5.225385446297609e-4,5.240972386673093e-4,1.8724577914972402e-4,4.622126929974698e-7
zooc,CESM2-WACCM,historical,r1i1p1f1,1880,5.116950657471504e-4,5.211201787460595e-4,1.8123822377397392e-4,4.47383155257468e-7
zooc,CESM2-WACCM,historical,r1i1p1f1,1881,5.142148375505922e-4,5.217353173065931e-4,1.728769389365106e-4,4.2674348049848407e-7
zooc,CESM2-WACCM,historical,r1i1p1f1,1882,5.238028781341241e-4,5.245557986199856e-4,1.736644205391684e-4,4.286873640610576e-7
zooc,CESM2-WACCM,historical,r1i1p1f1,1883,5.247619055127157e-4,5.371306033339351e-4,1.7913543216533528e-4,4.421924536210686e-7
zooc,CESM2-WACCM,historical,r1i1p1f1,1884,5.202376373929009e-4,5.23588532814756e-4,1.8948903847998308e-4,4.6775013656943755e-7
zooc,CESM2-WACCM,historical,r1i1p1f1,1885,5.16058745662044e-4,5.272600392345339e-4,1.8407140703176092e-4,4.543768149772417e-7
zooc,CESM2-WACCM,historical,r1i1p1f1,1886,5.193759770810576e-4,5.230892274994403e-4,1.876017758147428e-4,4.630914640863757e-7
zooc,CESM2-WACCM,historical,r1i1p1f1,1887,5.089775273312002e-4,5.163857422303408e-4,1.9084895159747394e-4,4.7110705658724704e-7
zooc,CESM2-WACCM,historical,r1i1p1f1,1888,5.173697609867126e-4,5.249438690952957e-4,1.8392662437736744e-4,4.5401942171107347e-7
zooc,CESM2-WACCM,historical,r1i1p1f1,1889,5.196969618306857e-4,5.247372610028833e-4,1.8206008244432933e-4,4.494118979667204e-7
zooc,CESM2-WACCM,historical,r1i1p1f1,1890,5.283340799556659e-4,5.227952788118273e-4,1.785881628995604e-4,4.408415297055752e-7
zooc,CESM2-WACCM,historical,r1i1p1f1,1891,5.160639590678524e-4,5.246615619398654e-4,1.8420917812718912e-4,4.547169003416448e-7
zooc,CESM2-WACCM,historical,r1i1p1f1,1892,5.155440884246749e-4,5.226897483225912e-4,1.869019365649343e-4,4.6136392402759204e-7
zooc,CESM2-WACCM,historical,r1i1p1f1,1893,5.149329912732273e-4,5.260613688733429e-4,1.8916421632634374e-4,4.669483191770208e-7
zooc,CESM2-WACCM,historical,r1i1p1f1,1894,5.211281636616488e-4,5.278938915580511e-4,1.932316172232016e-4,4.769886219842404e-7
zooc,CESM2-WACCM,historical,r1i1p1f1,1895,5.215470672235399e-4,5.29444485437125e-4,1.8058992210370536e-4,4.457828347469053e-7
zooc,CESM2-WACCM,historical,r1i1p1f1,1896,5.357752485495151e-4,5.52195735508576e-4,1.8503078335901913e-4,4.5674501744265194e-7
zooc,CESM2-WACCM,historical,r1i1p1f1,1897,5.227585093121254e-4,5.28486940311268e-4,1.8664166476859158e-4,4.6072144798116185e-7
zooc,CESM2-WACCM,historical,r1i1p1f1,1898,5.279175974412538e-4,5.290482076816261e-4,1.8139053154868937e-4,4.4775912414197557e-7
zooc,CESM2-WACCM,historical,r1i1p1f1,1899,5.256932298996052e-4,5.306758102960885e-4,1.7379190548115535e-4,4.290020582486649e-7
zooc,CESM2-WACCM,historical,r1i1p1f1,1900,5.233777637207367e-4,5.33107842784375e-4,1.91702445976836e-4,4.732138914506791e-7
zooc,CESM2-WACCM,historical,r1i1p1f1,1901,5.169416872258789e-4,5.317506438586861e-4,1.9546063183453153e-4,4.824909027347704e-7
zooc,CESM2-WACCM,historical,r1i1p1f1,1902,5.176977227580594e-4,5.337126785889268e-4,0.00018531194369532969,4.574390564581123e-7
zooc,CESM2-WACCM,historical,r1i1p1f1,1903,5.237716375437068e-4,5.301856435835361e-4,1.9578597792232214e-4,4.832940134488102e-7
zooc,CESM2-WACCM,historical,r1i1p1f1,1904,5.225601001693755e-4,5.337221664376557e-4,1.849786855033373e-4,4.5661641486328575e-7
zooc,CESM2-WACCM,historical,r1i1p1f1,1905,5.141623728699313e-4,5.248011148069054e-4,1.8662239249396715e-4,4.606738747328099e-7
zooc,CESM2-WACCM,historical,r1i1p1f1,1906,5.182794971570516e-4,5.223429179750383e-4,1.892697325913926e-4,4.672087840977509e-7
zooc,CESM2-WACCM,historical,r1i1p1f1,1907,5.178193657034778e-4,5.300517368596047e-4,1.8390719135483185e-4,4.5397145165951854e-7
zooc,CESM2-WACCM,historical,r1i1p1f1,1908,5.139160480960239e-4,5.225950735621154e-4,1.8941009778891896e-4,4.675552729545165e-7
zooc,CESM2-WACCM,historical,r1i1p1f1,1909,5.228066225284701e-4,5.323372024577111e-4,1.879472731265325e-4,4.6394431771880936e-7
zooc,CESM2-WACCM,historical,r1i1p1f1,1910,5.244595956442382e-4,5.369593854993582e-4,1.9512073616845992e-4,4.81651876659702e-7
zooc,CESM2-WACCM,historical,r1i1p1f1,1911,5.231315972802705e-4,5.347385595086962e-4,1.911413024844397e-4,4.7182871926705887e-7
zooc,CESM2-WACCM,historical,r1i1p1f1,1912,5.159526408064694e-4,5.216935533098876e-4,1.83385290250895e-4,4.526831485756017e-7
zooc,CESM2-WACCM,historical,r1i1p1f1,1913,5.192629082725417e-4,5.240842292550951e-4,1.8704489027346642e-4,4.617168025752135e-7
zooc,CESM2-WACCM,historical,r1i1p1f1,1914,5.349986849475261e-4,5.429384182207286e-4,1.8487981943900658e-4,4.5637236583826696e-7
zooc,CESM2-WACCM,historical,r1i1p1f1,1915,5.231432656613318e-4,5.282365309540182e-4,1.8166812237871047e-4,4.4844435189812626e-7
zooc,CESM2-WACCM,historical,r1i1p1f1,1916,5.246489992418822e-4,5.237566365394741e-4,1.7804484430985215e-4,4.3950035795983546e-7
zooc,CESM2-WACCM,historical,r1i1p1f1,1917,5.225649251712412e-4,5.308013060130179e-4,1.8871506147957978e-4,4.658395888641755e-7
zooc,CESM2-WACCM,historical,r1i1p1f1,1918,5.21668660540468e-4,5.316215101629496e-4,1.8644603931628292e-4,4.602385502221788e-7
zooc,CESM2-WACCM,historical,r1i1p1f1,1919,5.160872741950949e-4,5.253256822470576e-4,1.8370768893847937e-4,4.534789836875273e-7
zooc,CESM2-WACCM,historical,r1i1p1f1,1920,5.128817343279521e-4,5.197904829401523e-4,1.771979374549326e-4,4.374097842769041e-7
zooc,CESM2-WACCM,historical,r1i1p1f1,1921,0.00051425699330976825,5.163447640370578e-4,1.9363284294895785e-4,4.779790401610549e-7
zooc,CESM2-WACCM,historical,r1i1p1f1,1922,5.195513281636988e-4,5.304011865518987e-4,1.8071557951319814e-4,4.460930177048362e-7
zooc,CESM2-WACCM,historical,r1i1p1f1,1923,5.159917524333602e-4,5.198097787797451e-4,1.8086997486174103e-4,4.4647413972617287e-7
zooc,CESM2-WACCM,historical,r1i1p1f1,1924,5.224569850361762e-4,5.283218051772565e-4,1.8677586338717038e-4,4.6105271475348384e-7
zooc,CESM2-WACCM,historical,r1i1p1f1,1925,5.255926880307399e-4,5.343585507944226e-4,1.7769638794885422e-4,4.386401999699447e-7
zooc,CESM2-WACCM,historical,r1i1p1f1,1926,5.259970516538186e-4,5.28853212017566e-4,1.7496586005161176e-4,4.318999430818042e-7
zooc,CESM2-WACCM,historical,r1i1p1f1,1927,5.248397920564011e-4,5.18394575919956e-4,1.7326427369948543e-4,4.276996090942746e-7
zooc,CESM2-WACCM,historical,r1i1p1f1,1928,5.23693424734425e-4,5.196612910367548e-4,1.7660898853347738e-4,4.35955974913297e-7
zooc,CESM2-WACCM,historical,r1i1p1f1,1929,5.165824476917322e-4,5.190941737964749e-4,1.7290419993492607e-4,4.268107737616414e-7
zooc,CESM2-WACCM,historical,r1i1p1f1,1930,5.250527811665243e-4,5.261659680400044e-4,1.7012982743576523e-4,4.199622872962142e-7
zooc,CESM2-WACCM,historical,r1i1p1f1,1931,5.384786105440654e-4,5.39988512173295e-4,1.7800666844600745e-4,4.3940612155613494e-7
zooc,CESM2-WACCM,historical,r1i1p1f1,1932,5.242962595862521e-4,5.255230062175542e-4,1.8172123965664742e-4,4.485754709022043e-7
zooc,CESM2-WACCM,historical,r1i1p1f1,1933,5.2121328288381e-4,5.308777326717973e-4,1.7673039425028197e-4,4.3625566264759126e-7
zooc,CESM2-WACCM,historical,r1i1p1f1,1934,5.200405071417271e-4,5.35145285539329e-4,1.7357967525163977e-4,4.284781719086613e-7
zooc,CESM2-WACCM,historical,r1i1p1f1,1935,5.205823772025691e-4,5.169629876036197e-4,1.824164161954509e-4,4.5029150114634716e-7
zooc,CESM2-WACCM,historical,r1i1p1f1,1936,5.213375046969971e-4,5.211275420151651e-4,1.7629642799913857e-4,4.351844250980889e-7
zooc,CESM2-WACCM,historical,r1i1p1f1,1937,5.347865534861004e-4,5.424859700724483e-4,1.699833318213353e-4,4.19600665620332e-7
zooc,CESM2-WACCM,historical,r1i1p1f1,1938,5.211828460806924e-4,5.283864447847009e-4,1.8398162390491327e-4,4.5415518701299904e-7
zooc,CESM2-WACCM,historical,r1i1p1f1,1939,5.146855069467313e-4,5.224509222898632e-4,1.7931595685353593e-4,4.426380754271496e-7
zooc,CESM2-WACCM,historical,r1i1p1f1,1940,5.245598994865703e-4,5.296393646858633e-4,1.7539263869780576e-4,4.329534381633324e-7
zooc,CESM2-WACCM,historical,r1i1p1f1,1941,5.233206619755608e-4,5.291059496812522e-4,1.7636510784107084e-4,4.353539599994272e-7
zooc,CESM2-WACCM,historical,r1i1p1f1,1942,5.262737550036264e-4,5.346609104890376e-4,1.7779728813934706e-4,4.388892701972333e-7
zooc,CESM2-WACCM,historical,r1i1p1f1,1943,5.294320171369058e-4,5.261235346551985e-4,1.7263317087881546e-4,4.261417436212862e-7
zooc,CESM2-WACCM,historical,r1i1p1f1,1944,5.195634326467788e-4,5.246992222964764e-4,1.8158899609697525e-4,4.4824903015611535e-7
zooc,CESM2-WACCM,historical,r1i1p1f1,1945,5.226490435126267e-4,5.282158963382244e-4,1.811031640175522e-4,4.470497627825361e-7
zooc,CESM2-WACCM,historical,r1i1p1f1,1946,5.180003235669898e-4,5.272233102004975e-4,1.8133206070098572e-4,4.476147899513643e-7
zooc,CESM2-WACCM,historical,r1i1p1f1,1947,5.205749585770363e-4,5.272996204439551e-4,1.8145995003282755e-4,4.479304823677418e-7
zooc,CESM2-WACCM,historical,r1i1p1f1,1948,5.205270342453104e-4,5.254090647213161e-4,1.702735915015557e-4,4.203171661955251e-7
zooc,CESM2-WACCM,historical,r1i1p1f1,1949,5.327140540934827e-4,5.350637657102197e-4,1.8146102220146387e-4,4.4793312899590606e-7
zooc,CESM2-WACCM,historical,r1i1p1f1,1950,5.240251339893303e-4,5.326088285073638e-4,1.6930374062708667e-4,4.179231075068332e-7
zooc,CESM2-WACCM,historical,r1i1p1f1,1951,5.186155051900631e-4,5.185925110708922e-4,1.8318312381422424e-4,4.5218410451943324e-7
zooc,CESM2-WACCM,historical,r1i1p1f1,1952,5.347925912453067e-4,5.385021795518696e-4,1.8078423776824758e-4,4.462624993193592e-7
zooc,CESM2-WACCM,historical,r1i1p1f1,1953,5.246311438101232e-4,5.352465668693185e-4,1.8165565385907246e-4,4.484135735913161e-7
zooc,CESM2-WACCM,historical,r1i1p1f1,1954,5.281997585809741e-4,5.273262213449925e-4,1.6784316068787356e-4,4.1431769332816726e-7
zooc,CESM2-WACCM,historical,r1i1p1f1,1955,5.309988797082811e-4,5.29927434399724e-4,1.7080510509225752e-4,4.2162919752268576e-7
zooc,CESM2-WACCM,historical,r1i1p1f1,1956,5.242852295924902e-4,5.230839306022972e-4,1.738695087559298e-4,4.2919362047656556e-7
zooc,CESM2-WACCM,historical,r1i1p1f1,1957,5.230858500887948e-4,5.199270381126553e-4,1.8116695688139524e-4,4.472072342701435e-7
zooc,CESM2-WACCM,historical,r1i1p1f1,1958,5.199757977387812e-4,5.216971039772034e-4,1.7429471799051459e-4,4.302432414949794e-7
zooc,CESM2-WACCM,historical,r1i1p1f1,1959,5.217397280597206e-4,5.317575705703348e-4,1.756848038424887e-4,4.3367464234180373e-7
zooc,CESM2-WACCM,historical,r1i1p1f1,1960,5.26825559684284e-4,5.275487783364952e-4,1.765273614840375e-4,4.3575448007312294e-7
zooc,CESM2-WACCM,historical,r1i1p1f1,1961,5.303692481123342e-4,5.306777602527291e-4,1.7305014000777223e-4,4.271710240935462e-7
zooc,CESM2-WACCM,historical,r1i1p1f1,1962,5.282191886135884e-4,5.396566994022578e-4,1.7213666056965427e-4,4.249161172379278e-7
zooc,CESM2-WACCM,historical,r1i1p1f1,1963,5.338751288244633e-4,5.314117297530174e-4,1.720862817112693e-4,4.247917579711396e-7
zooc,CESM2-WACCM,historical,r1i1p1f1,1964,5.192919819702903e-4,5.266213556751609e-4,1.8671973708268147e-4,4.6091416802381327e-7
zooc,CESM2-WACCM,historical,r1i1p1f1,1965,5.168719957142084e-4,5.350034334696829e-4,1.9047906109368823e-4,4.7019398881800096e-7
zooc,CESM2-WACCM,historical,r1i1p1f1,1966,5.252771351249417e-4,5.288756510708481e-4,1.8193258638463659e-4,4.4909717633526495e-7
zooc,CESM2-WACCM,historical,r1i1p1f1,1967,5.329652826895035e-4,5.398685170803219e-4,1.8541752890851397e-4,4.5769969157602107e-7
zooc,CESM2-WACCM,historical,r1i1p1f1,1968,0.00052451493750470105,5.342890799511224e-4,1.8645379598785795e-4,4.6025769742044236e-7
zooc,CESM2-WACCM,historical,r1i1p1f1,1969,5.281882456876583e-4,5.380391667131335e-4,1.8456430501795142e-4,4.555935244091161e-7
zooc,CESM2-WACCM,historical,r1i1p1f1,1970,5.215519753275779e-4,5.290151166263968e-4,1.8767514239397955e-4,4.6327256811082435e-7
zooc,CESM2-WACCM,historical,r1i1p1f1,1971,5.178507227872377e-4,5.285690713208169e-4,1.8229515983858428e-4,4.4999218210425773e-7
zooc,CESM2-WACCM,historical,r1i1p1f1,1972,5.299351601402721e-4,5.273711867630482e-4,1.7157192504656973e-4,4.235220781939421e-7
zooc,CESM2-WACCM,historical,r1i1p1f1,1973,5.267747126430862e-4,5.274589348118752e-4,1.901667057436274e-4,4.6942294549633364e-7
zooc,CESM2-WACCM,historical,r1i1p1f1,1974,5.265314663604174e-4,5.34340157173574e-4,1.7911411745064523e-4,4.4213983864773193e-7
zooc,CESM2-WACCM,historical,r1i1p1f1,1975,5.262158740820195e-4,5.363679956644773e-4,1.8463912215285465e-4,4.5577820910301417e-7
zooc,CESM2-WACCM,historical,r1i1p1f1,1976,5.242779302032659e-4,5.341769719962031e-4,1.7982486451271112e-4,4.438943044364365e-7
zooc,CESM2-WACCM,historical,r1i1p1f1,1977,5.199505660713651e-4,5.263853818178177e-4,1.8304542948273083e-4,4.5184420864536305e-7
zooc,CESM2-WACCM,historical,r1i1p1f1,1978,5.227081412048018e-4,5.230020324233919e-4,1.9024884686236285e-4,4.6962570930691964e-7
zooc,CESM2-WACCM,historical,r1i1p1f1,1979,5.331088260365537e-4,5.477143276948482e-4,1.8224120781655043e-4,4.4985900255003674e-7
zooc,CESM2-WACCM,historical,r1i1p1f1,1980,5.170454993301307e-4,5.200782034080476e-4,1.772227930092387e-4,4.3747113974640487e-7
zooc,CESM2-WACCM,historical,r1i1p1f1,1981,5.208292641464091e-4,5.222632898949087e-4,1.9195859338122203e-4,4.738461865129401e-7
zooc,CESM2-WACCM,historical,r1i1p1f1,1982,5.159714095657688e-4,5.249566165730357e-4,1.8616367776408692e-4,4.595415460278407e-7
zooc,CESM2-WACCM,historical,r1i1p1f1,1983,5.096174926351283e-4,5.173770769033581e-4,1.8407320985336663e-4,4.5438126520855344e-7
zooc,CESM2-WACCM,historical,r1i1p1f1,1984,5.26817640101836e-4,5.284632206894457e-4,1.8967105796518908e-4,4.681994482538831e-7
zooc,CESM2-WACCM,historical,r1i1p1f1,1985,5.238421121007328e-4,5.294196016620845e-4,1.8756782942827595e-4,4.630076680682352e-7
zooc,CESM2-WACCM,historical,r1i1p1f1,1986,5.314087653985305e-4,5.320389464031905e-4,1.7459706113148748e-4,4.309895698663477e-7
zooc,CESM2-WACCM,historical,r1i1p1f1,1987,5.32377462849244e-4,5.330214335117489e-4,1.6587976461336144e-4,4.0947108695262243e-7
zooc,CESM2-WACCM,historical,r1i1p1f1,1988,5.353032989411907e-4,5.283733480609953e-4,1.7439873409736623e-4,4.305000033033434e-7
zooc,CESM2-WACCM,historical,r1i1p1f1,1989,5.331790099511002e-4,5.320157506503165e-4,1.7296750611527325e-4,4.2696704388016966e-7
zooc,CESM2-WACCM,historical,r1i1p1f1,1990,5.282722624502369e-4,5.271581176202744e-4,1.658499815187479e-4,4.093975679423161e-7
zooc,CESM2-WACCM,historical,r1i1p1f1,1991,5.300123069426339e-4,5.254483839962631e-4,1.568249753203987e-4,3.871195094557626e-7
zooc,CESM2-WACCM,historical,r1i1p1f1,1992,5.33074908950753e-4,5.321516655385494e-4,1.8180042599436592e-4,4.4877094089128325e-7
zooc,CESM2-WACCM,historical,r1i1p1f1,1993,5.291876254309845e-4,5.352239240892231e-4,1.7611510607693187e-4,4.3473683533482047e-7
zooc,CESM2-WACCM,historical,r1i1p1f1,1994,5.246945540136286e-4,5.272730195429176e-4,1.7068380771439017e-4,4.2132977722102564e-7
zooc,CESM2-WACCM,historical,r1i1p1f1,1995,5.343735551829065e-4,5.349225539248437e-4,1.6151306966835543e-4,3.986919824024698e-7
zooc,CESM2-WACCM,historical,r1i1p1f1,1996,5.490125792445995e-4,5.350449646357447e-4,1.506129216847873e-4,3.717851715977928e-7
zooc,CESM2-WACCM,historical,r1i1p1f1,1997,5.371504764510824e-4,5.338456830941141e-4,1.634012404584538e-4,4.033528965747069e-7
zooc,CESM2-WACCM,historical,r1i1p1f1,1998,5.331498496327183e-4,5.327632534317672e-4,1.6274503583633713e-4,4.017330677757709e-7
zooc,CESM2-WACCM,historical,r1i1p1f1,1999,5.29636127364762e-4,5.296266754157841e-4,1.5876130794694742e-4,3.918993102177349e-7
zooc,CESM2-WACCM,historical,r1i1p1f1,2000,5.317087859554048e-4,5.229220550972968e-4,1.5825784376650884e-4,3.9065651833358667e-7
zooc,CESM2-WACCM,historical,r1i1p1f1,2001,5.402297643642839e-4,5.265330546535552e-4,1.523564353072265e-4,3.7608900226551106e-7
zooc,CESM2-WACCM,historical,r1i1p1f1,2002,5.408124575054938e-4,5.290525732561946e-4,1.4404356872467765e-4,3.555688470604305e-7
zooc,CESM2-WACCM,historical,r1i1p1f1,2003,5.350735376261561e-4,5.191027885302901e-4,1.566669587782091e-4,3.8672944858584465e-7
zooc,CESM2-WACCM,historical,r1i1p1f1,2004,5.398268148889425e-4,5.317336181178689e-4,1.519833425448648e-4,3.751680297810463e-7
zooc,CESM2-WACCM,historical,r1i1p1f1,2005,5.440571877836767e-4,5.301775818224996e-4,1.4290221622540575e-4,3.527514398283774e-7
zooc,CESM2-WACCM,historical,r1i1p1f1,2006,5.3619508946925e-4,5.240027676336467e-4,1.4552156694792824e-4,3.592172579464664e-7
zooc,CESM2-WACCM,historical,r1i1p1f1,2007,5.514179900056845e-4,5.355319881346077e-4,1.5011858107549225e-4,3.705649010778492e-7
zooc,CESM2-WACCM,historical,r1i1p1f1,2008,5.339240644920329e-4,5.273348069749773e-4,1.5898801795193786e-4,3.924589396118496e-7
zooc,CESM2-WACCM,historical,r1i1p1f1,2009,5.352927102461544e-4,5.272887356113642e-4,1.5609458644000627e-4,3.8531655820701027e-7
zooc,CESM2-WACCM,historical,r1i1p1f1,2010,5.527836189090802e-4,5.433974438346922e-4,1.378912997924881e-4,3.403820866212637e-7
zooc,CESM2-WACCM,historical,r1i1p1f1,2011,5.481013395741392e-4,5.281224439386278e-4,1.4894987791290825e-4,3.676799792465236e-7
zooc,CESM2-WACCM,historical,r1i1p1f1,2012,5.434237192368813e-4,5.307947285473347e-4,1.4701260260897335e-4,3.6289785150310865e-7
zooc,CESM2-WACCM,historical,r1i1p1f1,2013,5.381823174182504e-4,5.285853112582117e-4,1.529635294924699e-4,3.7758760287236423e-7
zooc,CESM2-WACCM,ssp126,r1i1p1f1,2014,5.443977895514617e-4,5.318670009728521e-4,1.4102301672708355e-4,3.481126711215834e-7
zooc,CESM2-WACCM,ssp126,r1i1p1f1,2015,5.495937906449358e-4,5.381888768170029e-4,1.4071990661832662e-4,3.47364449504629e-7
zooc,CESM2-WACCM,ssp126,r1i1p1f1,2016,5.440758776764804e-4,5.258171004243195e-4,1.4186137724468494e-4,3.501821483311788e-7
zooc,CESM2-WACCM,ssp126,r1i1p1f1,2017,5.367550160077663e-4,5.302559293340892e-4,1.3827636089813088e-4,3.413326027365851e-7
zooc,CESM2-WACCM,ssp126,r1i1p1f1,2018,5.395154242804815e-4,5.177593848202378e-4,1.5860330460988693e-4,3.9150928194443044e-7
zooc,CESM2-WACCM,ssp126,r1i1p1f1,2019,5.383588501103554e-4,5.25038136402145e-4,1.4842944133221204e-4,3.66395291310751e-7
zooc,CESM2-WACCM,ssp126,r1i1p1f1,2020,5.36076691479744e-4,5.254157294984907e-4,1.433046407819675e-4,3.5374481729654443e-7
zooc,CESM2-WACCM,ssp126,r1i1p1f1,2021,5.461006816557461e-4,5.16787898959592e-4,1.419277376073892e-4,3.5034595764155743e-7
zooc,CESM2-WACCM,ssp126,r1i1p1f1,2022,5.452846500781413e-4,5.297476309351623e-4,1.4827096706230202e-4,3.660041005485424e-7
zooc,CESM2-WACCM,ssp126,r1i1p1f1,2023,5.44661476883835e-4,5.378795030992478e-4,1.345182305198212e-4,3.3205572840231697e-7
zooc,CESM2-WACCM,ssp126,r1i1p1f1,2024,5.412802668342955e-4,5.175358965061605e-4,1.5377066637821873e-4,3.7958000513250404e-7
zooc,CESM2-WACCM,ssp126,r1i1p1f1,2025,5.361393980593613e-4,5.190996744204313e-4,1.449758027260974e-4,3.578700492037135e-7
zooc,CESM2-WACCM,ssp126,r1i1p1f1,2026,5.350274511765861e-4,5.217094148974866e-4,1.3937574202570196e-4,3.440464044250008e-7
zooc,CESM2-WACCM,ssp126,r1i1p1f1,2027,5.367651804886954e-4,5.242529150564224e-4,1.4777771302031752e-4,3.6478651219962033e-7
zooc,CESM2-WACCM,ssp126,r1i1p1f1,2028,5.279071699610028e-4,5.204442422837019e-4,1.4631852234745537e-4,3.611845273988783e-7
zooc,CESM2-WACCM,ssp126,r1i1p1f1,2029,5.379469530262727e-4,5.242887418717146e-4,1.5308649462710615e-4,3.7789114000032035e-7
zooc,CESM2-WACCM,ssp126,r1i1p1f1,2030,5.319829347678701e-4,5.166191549506038e-4,1.4925172655472156e-4,3.684250869559935e-7
zooc,CESM2-WACCM,ssp126,r1i1p1f1,2031,5.386431307701122e-4,5.239657475613058e-4,1.4182311486546977e-4,3.500876983659094e-7
zooc,CESM2-WACCM,ssp126,r1i1p1f1,2032,5.467622542254442e-4,5.345007230062038e-4,1.3732206088379122e-4,3.389769310543799e-7
zooc,CESM2-WACCM,ssp126,r1i1p1f1,2033,5.394451737309504e-4,5.211500392761081e-4,1.43968442392105e-4,3.553833991178862e-7
zooc,CESM2-WACCM,ssp126,r1i1p1f1,2034,5.388675126158543e-4,5.275415605865419e-4,1.320401153010702e-4,3.2593854747563223e-7
zooc,CESM2-WACCM,ssp126,r1i1p1f1,2035,5.385117176783581e-4,5.165356851648539e-4,1.440333769906466e-4,3.5554368895617743e-7
zooc,CESM2-WACCM,ssp126,r1i1p1f1,2036,5.434732815102252e-4,5.275294824969023e-4,1.4069234156318484e-4,3.472964056831471e-7
zooc,CESM2-WACCM,ssp126,r1i1p1f1,2037,5.388277083865671e-4,5.194279365241528e-4,1.3735938320588636e-4,3.390690605062845e-7
zooc,CESM2-WACCM,ssp126,r1i1p1f1,2038,5.473771121776162e-4,5.254065908957273e-4,1.3493997432932825e-4,3.330967950839397e-7
zooc,CESM2-WACCM,ssp126,r1i1p1f1,2039,5.470272350507304e-4,5.337251059245318e-4,1.3015924697708752e-4,3.2129565930400343e-7
zooc,CESM2-WACCM,ssp126,r1i1p1f1,2040,5.397367101232241e-4,5.139045242685825e-4,1.4263707265062858e-4,3.52096937888279e-7
zooc,CESM2-WACCM,ssp126,r1i1p1f1,2041,5.436140074605906e-4,5.217961734160781e-4,1.3896092497752417e-4,3.4302243632376946e-7
zooc,CESM2-WACCM,ssp126,r1i1p1f1,2042,5.389027475864625e-4,5.237704608589411e-4,1.2805093967763702e-4,3.160913422883124e-7
zooc,CESM2-WACCM,ssp126,r1i1p1f1,2043,5.382833749763123e-4,5.170543736312538e-4,1.385319946680849e-4,3.4196362990188676e-7
zooc,CESM2-WACCM,ssp126,r1i1p1f1,2044,5.404434225625094e-4,5.226007488090545e-4,1.3753826894101923e-4,3.395106365874654e-7
zooc,CESM2-WACCM,ssp126,r1i1p1f1,2045,5.405755674802079e-4,5.284461949486285e-4,1.2865385736015474e-4,3.1757963327654065e-7
zooc,CESM2-WACCM,ssp126,r1i1p1f1,2046,5.350692641044308e-4,5.200991581659764e-4,1.3396683709834104e-4,3.306946240858365e-7
zooc,CESM2-WACCM,ssp126,r1i1p1f1,2047,5.421327600994511e-4,5.187252245377749e-4,1.3744323535060273e-4,3.392760479524046e-7
zooc,CESM2-WACCM,ssp126,r1i1p1f1,2048,5.457980380006829e-4,5.28304633917287e-4,1.3451343353112263e-4,3.320438871257087e-7
zooc,CESM2-WACCM,ssp126,r1i1p1f1,2049,5.419990630416935e-4,5.203271866776049e-4,1.3826820796101198e-4,3.413124773642607e-7
zooc,CESM2-WACCM,ssp126,r1i1p1f1,2050,5.427962752791609e-4,5.259390454739332e-4,1.3517348107373265e-4,3.336732021017872e-7
zooc,CESM2-WACCM,ssp126,r1i1p1f1,2051,5.432939488750406e-4,5.247762310318649e-4,1.3590143907974008e-4,3.354701527827247e-7
zooc,CESM2-WACCM,ssp126,r1i1p1f1,2052,5.526545999860873e-4,5.392231105361134e-4,1.3837655097253035e-4,3.415799200556194e-7
zooc,CESM2-WACCM,ssp126,r1i1p1f1,2053,5.471534269152171e-4,5.334601737558842e-4,1.29618325476063e-4,3.199604047267088e-7
zooc,CESM2-WACCM,ssp126,r1i1p1f1,2054,5.429850335568004e-4,5.250109534244984e-4,1.4728771071889312e-4,3.635769507112664e-7
zooc,CESM2-WACCM,ssp126,r1i1p1f1,2055,5.422713624655037e-4,5.237766308709979e-4,1.3575480572297602e-4,3.351081910924749e-7
zooc,CESM2-WACCM,ssp126,r1i1p1f1,2056,5.410483718450087e-4,5.214045231696218e-4,1.2991121496163887e-4,3.2068339692708526e-7
zooc,CESM2-WACCM,ssp126,r1i1p1f1,2057,5.402818814887293e-4,5.233027331996709e-4,1.4236082217954462e-4,3.5141501878301874e-7
zooc,CESM2-WACCM,ssp126,r1i1p1f1,2058,5.442221640866989e-4,5.246104847174138e-4,1.3893095501209406e-4,3.429484560263583e-7
zooc,CESM2-WACCM,ssp126,r1i1p1f1,2059,5.37565588156347e-4,5.217046418692917e-4,1.3018100540258037e-4,3.2134936956913254e-7
zooc,CESM2-WACCM,ssp126,r1i1p1f1,2060,5.378339055951261e-4,5.179503350518644e-4,1.4419586381980346e-4,3.55944784645609e-7
zooc,CESM2-WACCM,ssp126,r1i1p1f1,2061,5.327153068364224e-4,5.167098133824766e-4,1.4253708214170024e-4,3.5185011319286623e-7
zooc,CESM2-WACCM,ssp126,r1i1p1f1,2062,5.366988997864214e-4,5.138798442203552e-4,1.3542823579897848e-4,3.3430205936171804e-7
zooc,CESM2-WACCM,ssp126,r1i1p1f1,2063,5.384875575733503e-4,5.256031581666321e-4,1.312601914705645e-4,3.2401332013182816e-7
zooc,CESM2-WACCM,ssp126,r1i1p1f1,2064,5.454236568651646e-4,5.233980482444167e-4,1.4657694066476628e-4,3.6182242816709076e-7
zooc,CESM2-WACCM,ssp126,r1i1p1f1,2065,5.414831781171143e-4,5.252489354461432e-4,1.3753311595358214e-4,3.394979165346498e-7
zooc,CESM2-WACCM,ssp126,r1i1p1f1,2066,5.294259493845197e-4,5.061833071522415e-4,1.3462806679456434e-4,3.323268571859316e-7
zooc,CESM2-WACCM,ssp126,r1i1p1f1,2067,5.333617615172619e-4,5.142416630405933e-4,1.3303487002471669e-4,3.283940808488088e-7
zooc,CESM2-WACCM,ssp126,r1i1p1f1,2068,5.443872201756765e-4,5.251064139883965e-4,1.447923557724874e-4,3.5741721384029277e-7
zooc,CESM2-WACCM,ssp126,r1i1p1f1,2069,5.40981717457288e-4,5.278563185129315e-4,1.4147548814340909e-4,3.492295883241708e-7
zooc,CESM2-WACCM,ssp126,r1i1p1f1,2070,5.334533109313945e-4,5.175192782189697e-4,1.3351936501062637e-4,3.295900476321349e-7
zooc,CESM2-WACCM,ssp126,r1i1p1f1,2071,5.310225352152503e-4,5.105210293550044e-4,1.409552716025462e-4,3.479454435525987e-7
zooc,CESM2-WACCM,ssp126,r1i1p1f1,2072,5.380978692002499e-4,5.268245877232403e-4,1.3465942163814774e-4,3.324042560290831e-7
zooc,CESM2-WACCM,ssp126,r1i1p1f1,2073,5.296901279054738e-4,5.119753768667579e-4,1.355956182582484e-4,3.3471523982223903e-7
zooc,CESM2-WACCM,ssp126,r1i1p1f1,2074,5.415804921909565e-4,5.178473074920475e-4,1.4026434369526634e-4,3.4623990097566524e-7
zooc,CESM2-WACCM,ssp126,r1i1p1f1,2075,5.334331937551708e-4,5.178487917874008e-4,1.2897272857707054e-4,3.1836676089329816e-7
zooc,CESM2-WACCM,ssp126,r1i1p1f1,2076,5.396317075812775e-4,5.167142662685364e-4,1.4692931910180034e-4,3.626922677280964e-7
zooc,CESM2-WACCM,ssp126,r1i1p1f1,2077,5.340652623400308e-4,5.239867023192346e-4,1.44061995958763e-4,3.5561433434206514e-7
zooc,CESM2-WACCM,ssp126,r1i1p1f1,2078,5.318576240072739e-4,5.21077134180814e-4,1.2980824832963276e-4,3.204292257276887e-7
zooc,CESM2-WACCM,ssp126,r1i1p1f1,2079,5.42379534429666e-4,5.195333797018975e-4,1.4627545890403797e-4,3.610782260966963e-7
zooc,CESM2-WACCM,ssp126,r1i1p1f1,2080,5.360118621097879e-4,5.167885683476925e-4,1.4386353692144428e-4,3.5512444193164443e-7
zooc,CESM2-WACCM,ssp126,r1i1p1f1,2081,5.403679394622362e-4,5.315911257639527e-4,1.3580092507453045e-4,3.3522203584656266e-7
zooc,CESM2-WACCM,ssp126,r1i1p1f1,2082,5.363311911775025e-4,5.223866901360452e-4,1.3151539471400426e-4,3.246432845505063e-7
zooc,CESM2-WACCM,ssp126,r1i1p1f1,2083,5.371986588021457e-4,5.167709896340966e-4,1.4244164121427082e-4,3.516145190540309e-7
zooc,CESM2-WACCM,ssp126,r1i1p1f1,2084,5.226669088748299e-4,5.015704373363405e-4,1.3590920442924618e-4,3.354893214022983e-7
zooc,CESM2-WACCM,ssp126,r1i1p1f1,2085,5.354200856546543e-4,5.138243432156742e-4,1.3762047849641895e-4,3.397135693326732e-7
zooc,CESM2-WACCM,ssp126,r1i1p1f1,2086,5.33353783669652e-4,5.152937374077737e-4,1.57144861982697e-4,3.879091436803965e-7
zooc,CESM2-WACCM,ssp126,r1i1p1f1,2087,5.285245729341969e-4,5.159512511454523e-4,1.2795571615046555e-4,3.1585628479793526e-7
zooc,CESM2-WACCM,ssp126,r1i1p1f1,2088,5.348439953340253e-4,5.179447180125862e-4,1.4470529859245636e-4,3.572023148246266e-7
zooc,CESM2-WACCM,ssp126,r1i1p1f1,2089,5.358456656109716e-4,5.167433992028236e-4,1.3893700077844052e-4,3.429633798871626e-7
zooc,CESM2-WACCM,ssp126,r1i1p1f1,2090,5.337009743836308e-4,5.1404710393399e-4,1.3404501626507548e-4,3.308876078922364e-7
zooc,CESM2-WACCM,ssp126,r1i1p1f1,2091,5.40519572129282e-4,5.23190334206447e-4,1.5187310782367307e-4,3.7489591743984845e-7
zooc,CESM2-WACCM,ssp126,r1i1p1f1,2092,5.375669245784916e-4,5.262799677439034e-4,1.3487397984109003e-4,3.3293388892781646e-7
zooc,CESM2-WACCM,ssp126,r1i1p1f1,2093,5.443309161604778e-4,5.260152975097299e-4,1.4783878811157767e-4,3.649372749165938e-7
zooc,CESM2-WACCM,ssp126,r1i1p1f1,2094,5.357246450701448e-4,5.257700104266405e-4,1.396376563567775e-4,3.4469293503760403e-7
zooc,CESM2-WACCM,ssp126,r1i1p1f1,2095,5.323617552595711e-4,5.130416539032012e-4,1.4145339794155342e-4,3.491750590753144e-7
zooc,CESM2-WACCM,ssp126,r1i1p1f1,2096,0.00052449192672897175,5.087667668703943e-4,1.39301538781513e-4,3.438632351088139e-7
zooc,CESM2-WACCM,ssp126,r1i1p1f1,2097,5.335698252649899e-4,5.17598120495677e-4,1.453876055969808e-4,3.5888657686484115e-7
zooc,CESM2-WACCM,ssp126,r1i1p1f1,2098,5.319036101764939e-4,5.180563312023878e-4,1.3312308706403618e-4,3.2861184295536887e-7
zooc,CESM2-WACCM,ssp126,r1i1p1f1,2099,5.324189389380845e-4,5.148442287463695e-4,1.523147922249962e-4,3.7598620709827274e-7
zooc,CESM2-WACCM,ssp245,r1i1p1f1,2014,5.372775361679257e-4,5.319587071426213e-4,1.434188722912572e-4,3.5402679563418026e-7
zooc,CESM2-WACCM,ssp245,r1i1p1f1,2015,5.421925089562424e-4,5.277998570818454e-4,1.4834443355743628e-4,3.6618545121350957e-7
zooc,CESM2-WACCM,ssp245,r1i1p1f1,2016,5.464949600313221e-4,5.386090779211372e-4,1.3881565223905137e-4,3.426638332942457e-7
zooc,CESM2-WACCM,ssp245,r1i1p1f1,2017,5.413856186136606e-4,5.242154293227941e-4,1.5142433314056902e-4,3.737881255538655e-7
zooc,CESM2-WACCM,ssp245,r1i1p1f1,2018,5.364528594150278e-4,5.302741483319551e-4,1.7019173860151294e-4,4.201151138473749e-7
zooc,CESM2-WACCM,ssp245,r1i1p1f1,2019,5.428495738082636e-4,5.369593854993582e-4,1.4372340353705306e-4,3.5477852530125394e-7
zooc,CESM2-WACCM,ssp245,r1i1p1f1,2020,5.362611618048399e-4,5.246046930551529e-4,1.3733532372133073e-4,3.390096701200281e-7
zooc,CESM2-WACCM,ssp245,r1i1p1f1,2021,5.374436676841797e-4,5.16474072355777e-4,1.482520113309878e-4,3.659573086814132e-7
zooc,CESM2-WACCM,ssp245,r1i1p1f1,2022,5.383675989609097e-4,5.249508249107748e-4,1.4812264180312265e-4,3.6563796242892145e-7
zooc,CESM2-WACCM,ssp245,r1i1p1f1,2023,5.433145816658443e-4,5.334377055987716e-4,1.4202086251508117e-4,3.5057583472912065e-7
zooc,CESM2-WACCM,ssp245,r1i1p1f1,2024,5.417348714566664e-4,5.270966794341803e-4,1.3875281543859037e-4,3.425087218311606e-7
zooc,CESM2-WACCM,ssp245,r1i1p1f1,2025,5.398012603647695e-4,5.231157119851559e-4,1.51640054381425e-4,3.7432062938986956e-7
zooc,CESM2-WACCM,ssp245,r1i1p1f1,2026,5.409380973367186e-4,5.265741492621601e-4,1.4285413325886167e-4,3.526327479275262e-7
zooc,CESM2-WACCM,ssp245,r1i1p1f1,2027,5.402192544195646e-4,5.226584908086807e-4,1.3524437243352732e-4,3.338481960934795e-7
zooc,CESM2-WACCM,ssp245,r1i1p1f1,2028,5.483367216821072e-4,5.25861862115562e-4,1.4919527429826197e-4,3.682857356199983e-7
zooc,CESM2-WACCM,ssp245,r1i1p1f1,2029,5.391469258450246e-4,5.271767440717667e-4,1.4354480531121594e-4,3.543376589313758e-7
zooc,CESM2-WACCM,ssp245,r1i1p1f1,2030,5.35867415993038e-4,5.281191843096167e-4,1.4393327031585244e-4,3.552965775075042e-7
zooc,CESM2-WACCM,ssp245,r1i1p1f1,2031,5.386973318117281e-4,5.192284297663718e-4,1.4286865626959703e-4,3.526685977070668e-7
zooc,CESM2-WACCM,ssp245,r1i1p1f1,2032,5.422448205486076e-4,5.262104386929423e-4,1.422592707325007e-4,3.5116434094115175e-7
zooc,CESM2-WACCM,ssp245,r1i1p1f1,2033,5.382598337602702e-4,5.271841655485332e-4,1.3662714735920313e-4,3.372615500558935e-7
zooc,CESM2-WACCM,ssp245,r1i1p1f1,2034,5.432975389829413e-4,5.224316264502704e-4,1.3777530731071922e-4,3.4009576135609986e-7
zooc,CESM2-WACCM,ssp245,r1i1p1f1,2035,5.481408304167633e-4,5.297699826769531e-4,1.464818447674397e-4,3.615876857285914e-7
zooc,CESM2-WACCM,ssp245,r1i1p1f1,2036,5.445165377595628e-4,5.293285648804158e-4,1.3042607529017362e-4,3.219543199890108e-7
zooc,CESM2-WACCM,ssp245,r1i1p1f1,2037,5.409543985491713e-4,5.202359170652926e-4,1.4052659962709884e-4,3.468872748233285e-7
zooc,CESM2-WACCM,ssp245,r1i1p1f1,2038,5.375800272351118e-4,5.201322492212057e-4,1.3999646604337344e-4,3.4557865001749946e-7
zooc,CESM2-WACCM,ssp245,r1i1p1f1,2039,5.439983590823629e-4,5.235830321907997e-4,1.3334022003766663e-4,3.2914783162724185e-7
zooc,CESM2-WACCM,ssp245,r1i1p1f1,2040,5.490579983677985e-4,5.326880200300366e-4,1.474338080033231e-4,3.639375891170166e-7
zooc,CESM2-WACCM,ssp245,r1i1p1f1,2041,5.480778381264777e-4,5.387206620071083e-4,1.357274185562567e-4,3.3504058638522653e-7
zooc,CESM2-WACCM,ssp245,r1i1p1f1,2042,5.349261875029642e-4,5.227881774771959e-4,1.3181056115992436e-4,3.2537189738477547e-7
zooc,CESM2-WACCM,ssp245,r1i1p1f1,2043,5.393357984028187e-4,5.130815843585879e-4,1.4376394312003634e-4,3.548785965013033e-7
zooc,CESM2-WACCM,ssp245,r1i1p1f1,2044,5.506613926002301e-4,5.36058156285435e-4,1.3784655648725307e-4,3.4027163861169996e-7
zooc,CESM2-WACCM,ssp245,r1i1p1f1,2045,5.438145970152192e-4,5.217950092628598e-4,1.3346067509224462e-4,3.2944517266966466e-7
zooc,CESM2-WACCM,ssp245,r1i1p1f1,2046,5.416501099316169e-4,5.208351358305663e-4,1.3639168644525505e-4,3.3668031920718867e-7
zooc,CESM2-WACCM,ssp245,r1i1p1f1,2047,5.484536557526702e-4,5.300151824485511e-4,1.3252338456767271e-4,3.271314885938438e-7
zooc,CESM2-WACCM,ssp245,r1i1p1f1,2048,5.371579385641354e-4,5.163027090020478e-4,1.411172641816731e-4,3.483453191951037e-7
zooc,CESM2-WACCM,ssp245,r1i1p1f1,2049,5.414676309024555e-4,5.235186545178294e-4,1.3522081054271622e-4,3.337900340080464e-7
zooc,CESM2-WACCM,ssp245,r1i1p1f1,2050,5.357207215207634e-4,5.12423925101757e-4,1.3298290867281434e-4,3.282658152264614e-7
zooc,CESM2-WACCM,ssp245,r1i1p1f1,2051,5.433958458670455e-4,5.231887625996023e-4,1.4285336670074897e-4,3.5263085569320603e-07
zooc,CESM2-WACCM,ssp245,r1i1p1f1,2052,5.485574235267405e-4,5.313933652359992e-4,1.3519688744118057e-4,3.337309802807161e-7
zooc,CESM2-WACCM,ssp245,r1i1p1f1,2053,5.491952748355672e-4,5.407412245403975e-4,1.299182691321075e-4,3.207008100145469e-7
zooc,CESM2-WACCM,ssp245,r1i1p1f1,2054,5.46978857842522e-4,5.290346161928028e-4,1.2872245433944636e-4,3.1774896363300497e-7
zooc,CESM2-WACCM,ssp245,r1i1p1f1,2055,5.416213628693362e-4,5.196765414439142e-4,1.4379127423727573e-4,3.5494606285146197e-7
zooc,CESM2-WACCM,ssp245,r1i1p1f1,2056,5.424408365328088e-4,5.232625408098102e-4,1.4239629063631922e-4,3.515025720031591e-7
zooc,CESM2-WACCM,ssp245,r1i1p1f1,2057,5.367003800324886e-4,5.214118282310665e-4,1.3338614417107963e-4,3.2926119448900987e-7
zooc,CESM2-WACCM,ssp245,r1i1p1f1,2058,5.368744652641155e-4,5.126213363837451e-4,1.442583620732227e-4,3.5609906041167283e-7
zooc,CESM2-WACCM,ssp245,r1i1p1f1,2059,5.348773438626653e-4,5.189498770050704e-4,1.3383104111348092e-4,3.3035941424481655e-7
zooc,CESM2-WACCM,ssp245,r1i1p1f1,2060,5.456421344287158e-4,5.230629176367074e-4,1.3395000533705442e-4,3.306530751988736e-7
zooc,CESM2-WACCM,ssp245,r1i1p1f1,2061,5.407966714600664e-4,5.201418825890869e-4,1.4143381663527858e-4,3.49126722988131e-7
zooc,CESM2-WACCM,ssp245,r1i1p1f1,2062,5.377570419796153e-4,5.169384821783751e-4,1.3637931097012677e-4,3.366497705790052e-7
zooc,CESM2-WACCM,ssp245,r1i1p1f1,2063,5.454841994407977e-4,5.291056586429477e-4,1.3936622019594775e-4,3.440228999668872e-7
zooc,CESM2-WACCM,ssp245,r1i1p1f1,2064,5.303979901803725e-4,5.085313459858298e-4,1.4278040547474488e-4,3.524507522756076e-7
zooc,CESM2-WACCM,ssp245,r1i1p1f1,2065,5.376094555050908e-4,5.214978300500661e-4,1.386500877106145e-4,3.4225514036188074e-7
zooc,CESM2-WACCM,ssp245,r1i1p1f1,2066,5.316738035250753e-4,5.15281775733456e-4,1.3425109189300633e-4,3.313963017136918e-7
zooc,CESM2-WACCM,ssp245,r1i1p1f1,2067,5.438511942813452e-4,5.249082460068166e-4,1.4249518451779172e-4,3.5174668969427047e-7
zooc,CESM2-WACCM,ssp245,r1i1p1f1,2068,5.394815728365373e-4,5.290163098834455e-4,1.3936017376369762e-4,3.440079744623122e-7
zooc,CESM2-WACCM,ssp245,r1i1p1f1,2069,5.35669469898663e-4,5.243010527919978e-4,1.296196763227205e-4,3.1996373926634016e-7
zooc,CESM2-WACCM,ssp245,r1i1p1f1,2070,5.419695147816012e-4,5.164178146515042e-4,1.3943260105196982e-4,3.441867598646364e-7
zooc,CESM2-WACCM,ssp245,r1i1p1f1,2071,5.360743642987484e-4,5.157151899766177e-4,1.4171379298892479e-4,3.4981783936459653e-7
zooc,CESM2-WACCM,ssp245,r1i1p1f1,2072,5.421541723193811e-4,5.242492770776153e-4,1.3329373214270224e-4,3.290330771306607e-7
zooc,CESM2-WACCM,ssp245,r1i1p1f1,2073,5.382881957215767e-4,5.19234366947785e-4,1.3534028013400916e-4,3.3408494245283786e-7
zooc,CESM2-WACCM,ssp245,r1i1p1f1,2074,5.38814239298043e-4,5.245267529971898e-4,1.3564492841971532e-4,3.348369610307344e-7
zooc,CESM2-WACCM,ssp245,r1i1p1f1,2075,5.370995821354141e-4,5.197676655370742e-4,1.4767700659199364e-4,3.645379202706107e-7
zooc,CESM2-WACCM,ssp245,r1i1p1f1,2076,5.30245632860582e-4,5.128501506987959e-4,1.375811738793688e-4,3.396165466228611e-7
zooc,CESM2-WACCM,ssp245,r1i1p1f1,2077,5.315060963770204e-4,5.181701271794736e-4,1.2882390575143894e-4,3.1799939454022447e-7
zooc,CESM2-WACCM,ssp245,r1i1p1f1,2078,5.310449332916814e-4,5.120746209286153e-4,1.353638558606625e-4,3.3414313869178806e-7
zooc,CESM2-WACCM,ssp245,r1i1p1f1,2079,5.342083203331401e-4,5.191742384340614e-4,1.3774941069678683e-4,3.4003183605044245e-7
zooc,CESM2-WACCM,ssp245,r1i1p1f1,2080,5.34234689775601e-4,5.214485281612724e-4,1.3405170339553113e-4,3.3090411494831196e-7
zooc,CESM2-WACCM,ssp245,r1i1p1f1,2081,5.303413742493812e-4,5.125678726471961e-4,1.4038001213287243e-4,3.4652542634389246e-7
zooc,CESM2-WACCM,ssp245,r1i1p1f1,2082,5.264189772273486e-4,5.065795558039099e-4,1.3201692850046279e-4,3.2588131129332994e-7
zooc,CESM2-WACCM,ssp245,r1i1p1f1,2083,5.285518734301135e-4,5.082900170236826e-4,1.4696983251021292e-4,3.6279227431670903e-7
zooc,CESM2-WACCM,ssp245,r1i1p1f1,2084,5.360695927719307e-4,5.25774376001209e-4,1.366317905609254e-4,3.3727301171223593e-7
zooc,CESM2-WACCM,ssp245,r1i1p1f1,2085,5.263958070694289e-4,5.115678941365331e-4,1.366977471147619e-4,3.374358242280001e-7
zooc,CESM2-WACCM,ssp245,r1i1p1f1,2086,5.202359790681504e-4,5.05003408761695e-4,1.3268277993951666e-4,3.2752495307889586e-7
zooc,CESM2-WACCM,ssp245,r1i1p1f1,2087,5.311492938295283e-4,5.069421895314008e-4,1.482513583265405e-4,3.659556967521857e-7
zooc,CESM2-WACCM,ssp245,r1i1p1f1,2088,5.290282115972465e-4,5.152400117367506e-4,1.3663556411520336e-4,3.372823266601771e-7
zooc,CESM2-WACCM,ssp245,r1i1p1f1,2089,5.370559517266227e-4,5.218233563937247e-4,1.4170707261397208e-4,3.498012502451037e-7
zooc,CESM2-WACCM,ssp245,r1i1p1f1,2090,5.334076159508778e-4,5.245456704869866e-4,1.3718722526746827e-4,3.386440918650769e-7
zooc,CESM2-WACCM,ssp245,r1i1p1f1,2091,5.336048199662949e-4,5.172003293409944e-4,1.337671089686358e-4,3.3020159894466853e-7
zooc,CESM2-WACCM,ssp245,r1i1p1f1,2092,5.291061007478879e-4,5.15640334924683e-4,1.392632787189574e-4,3.437687908621752e-7
zooc,CESM2-WACCM,ssp245,r1i1p1f1,2093,5.290987022720454e-4,5.118497356306762e-4,1.4068313615116866e-4,3.4727368229628374e-7
zooc,CESM2-WACCM,ssp245,r1i1p1f1,2094,5.328955079294958e-4,5.205175548326224e-4,1.360900004899482e-4,3.359356130863079e-7
zooc,CESM2-WACCM,ssp245,r1i1p1f1,2095,5.312686002446993e-4,5.114313389640301e-4,1.5445030191547235e-4,3.8125767270587876e-7
zooc,CESM2-WACCM,ssp245,r1i1p1f1,2096,5.315309611038106e-4,5.151695804670453e-4,1.4409112889495745e-4,3.5568624844851133e-7
zooc,CESM2-WACCM,ssp245,r1i1p1f1,2097,5.294236677643547e-4,5.180081643629819e-4,1.3750615604573365e-4,3.394313665079085e-7
zooc,CESM2-WACCM,ssp245,r1i1p1f1,2098,5.298312843288803e-4,5.211617390159518e-4,1.345205114351492e-4,3.3206135879901293e-7
zooc,CESM2-WACCM,ssp245,r1i1p1f1,2099,5.287461884792319e-4,5.125572788529098e-4,1.425039833271318e-4,3.51768409390056e-7
zooc,CESM2-WACCM,ssp370,r1i1p1f1,2014,5.476488370753437e-4,5.368393030948937e-4,1.3643422302499016e-4,3.367853199562552e-7
zooc,CESM2-WACCM,ssp370,r1i1p1f1,2015,5.40897071689639e-4,5.250301910564303e-4,1.4698663123310918e-4,3.628337416490252e-7
zooc,CESM2-WACCM,ssp370,r1i1p1f1,2016,5.360309773339394e-4,5.168991046957672e-4,1.454733803539707e-4,3.590983102432892e-7
zooc,CESM2-WACCM,ssp370,r1i1p1f1,2017,5.357253042783369e-4,5.233107367530465e-4,1.454267158257353e-4,3.589831197307923e-7
zooc,CESM2-WACCM,ssp370,r1i1p1f1,2018,5.450402864931263e-4,5.249181995168328e-4,1.5661068567497172e-4,3.8659053948621747e-7
zooc,CESM2-WACCM,ssp370,r1i1p1f1,2019,5.317017495716746e-4,5.250913964118809e-4,1.5102542550449096e-4,3.728034295379331e-7
zooc,CESM2-WACCM,ssp370,r1i1p1f1,2020,5.333555861201662e-4,5.264652136247605e-4,1.5244748604403954e-4,3.763137593011723e-7
zooc,CESM2-WACCM,ssp370,r1i1p1f1,2021,5.424710286017132e-4,5.383045645430684e-4,1.4843545271582111e-4,3.6641013029841315e-7
zooc,CESM2-WACCM,ssp370,r1i1p1f1,2022,5.374509889913119e-4,5.247053341008723e-4,1.4446674773983752e-4,3.56613456520282e-7
zooc,CESM2-WACCM,ssp370,r1i1p1f1,2023,5.399534908172743e-4,5.138995184097439e-4,1.3664152210120773e-4,3.372970338368538e-7
zooc,CESM2-WACCM,ssp370,r1i1p1f1,2024,5.419760524260017e-4,5.249126988928765e-4,1.4550550039423712e-4,3.5917759796009727e-7
zooc,CESM2-WACCM,ssp370,r1i1p1f1,2025,5.455588179430216e-4,5.26419491507113e-4,1.4514374961067196e-4,3.5828462293751e-7
zooc,CESM2-WACCM,ssp370,r1i1p1f1,2026,5.452095221293042e-4,5.337116308510303e-4,1.4279169601797047e-4,3.5247862276974317e-7
zooc,CESM2-WACCM,ssp370,r1i1p1f1,2027,5.452214827076061e-4,5.26871532201767e-4,1.435985570078955e-4,3.5447034398621793e-7
zooc,CESM2-WACCM,ssp370,r1i1p1f1,2028,5.415500161873021e-4,5.235446151345968e-4,1.5147161630769943e-4,3.7390484316486874e-7
zooc,CESM2-WACCM,ssp370,r1i1p1f1,2029,5.4204402050023e-4,5.297543539199978e-4,1.4132225931259403e-4,3.488513458299608e-7
zooc,CESM2-WACCM,ssp370,r1i1p1f1,2030,5.361024722785834e-4,5.18830434884876e-4,1.394814466591881e-4,3.4430733432968434e-7
zooc,CESM2-WACCM,ssp370,r1i1p1f1,2031,5.458942267756618e-4,5.249148816801608e-4,1.4755978285343785e-4,3.6424855567116746e-7
zooc,CESM2-WACCM,ssp370,r1i1p1f1,2032,5.363652055657232e-4,5.243017803877592e-4,1.4360424288965032e-4,3.544843794786594e-7
zooc,CESM2-WACCM,ssp370,r1i1p1f1,2033,5.47930341969824e-4,5.371836887206882e-4,1.3825515551825864e-4,3.4128025765419507e-7
zooc,CESM2-WACCM,ssp370,r1i1p1f1,2034,5.334639854555085e-4,5.241914186626673e-4,1.4369087288179208e-4,3.5469822398903514e-7
zooc,CESM2-WACCM,ssp370,r1i1p1f1,2035,5.452065650671533e-4,5.350114370230585e-4,1.356910970530037e-4,3.3495092743585784e-7
zooc,CESM2-WACCM,ssp370,r1i1p1f1,2036,5.388330423727718e-4,5.214312404859811e-4,1.3812110248771577e-4,3.4094935026320846e-7
zooc,CESM2-WACCM,ssp370,r1i1p1f1,2037,5.393812313546405e-4,5.221713799983263e-4,1.381352519866321e-4,3.4098427803583106e-7
zooc,CESM2-WACCM,ssp370,r1i1p1f1,2038,5.448588983850925e-4,5.219108134042472e-4,1.373791704893789e-4,3.391179050443656e-7
zooc,CESM2-WACCM,ssp370,r1i1p1f1,2039,5.499925408763262e-4,5.307030223775655e-4,1.2557559210967604e-4,3.099809932556802e-7
zooc,CESM2-WACCM,ssp370,r1i1p1f1,2040,5.371690431553649e-4,5.14266372192651e-4,1.3599408591721303e-4,3.356988497629211e-7
zooc,CESM2-WACCM,ssp370,r1i1p1f1,2041,5.454936046176885e-4,5.220040038693696e-4,1.385368535946505e-4,3.419756240709578e-7
zooc,CESM2-WACCM,ssp370,r1i1p1f1,2042,5.424522707440087e-4,5.237287259660661e-4,1.417224991425057e-4,3.498393303413788e-7
zooc,CESM2-WACCM,ssp370,r1i1p1f1,2043,5.498543448268726e-4,5.269596877042204e-4,1.4053958950187e-4,3.4691934008550393e-07
zooc,CESM2-WACCM,ssp370,r1i1p1f1,2044,5.406709463496065e-4,5.2096281433478e-4,1.350550384212129e-4,3.3338082863609143e-7
zooc,CESM2-WACCM,ssp370,r1i1p1f1,2045,5.452703061720344e-4,5.221322062425315e-4,1.4102820325644455e-4,3.4812547397200887e-7
zooc,CESM2-WACCM,ssp370,r1i1p1f1,2046,5.450383242161123e-4,5.228791269473732e-4,1.4251472612737768e-4,3.517949277909221e-7
zooc,CESM2-WACCM,ssp370,r1i1p1f1,2047,5.414945811784243e-4,5.340970528777689e-4,1.2870432746568065e-4,3.1770421778518444e-7
zooc,CESM2-WACCM,ssp370,r1i1p1f1,2048,5.427066537528819e-4,5.204688059166074e-4,1.3818539194116331e-4,3.411080475729383e-7
zooc,CESM2-WACCM,ssp370,r1i1p1f1,2049,5.432812969281919e-4,5.226785142440349e-4,1.3791581534694416e-4,3.404426028075132e-7
zooc,CESM2-WACCM,ssp370,r1i1p1f1,2050,5.42578106398368e-4,5.27904077898711e-4,1.238472488702512e-4,3.057146103938281e-7
zooc,CESM2-WACCM,ssp370,r1i1p1f1,2051,5.403202825219253e-4,5.132309743203223e-4,1.4127561269112928e-4,3.487361995199913e-7
zooc,CESM2-WACCM,ssp370,r1i1p1f1,2052,5.37174621078283e-4,5.198112630750984e-4,1.3791148809092066e-4,3.404319210572009e-7
zooc,CESM2-WACCM,ssp370,r1i1p1f1,2053,5.486473500640822e-4,5.343724624253809e-4,1.4373242391621505e-4,3.54800791937988e-7
zooc,CESM2-WACCM,ssp370,r1i1p1f1,2054,5.399236554632319e-4,5.211046955082566e-4,1.2101880890256898e-4,2.9873265939669124e-7
zooc,CESM2-WACCM,ssp370,r1i1p1f1,2055,5.455819933548828e-4,5.181630840525031e-4,1.4930342158384177e-4,3.685526951655496e-7
zooc,CESM2-WACCM,ssp370,r1i1p1f1,2056,5.420345192864479e-4,5.187210044823587e-4,1.3011439816439923e-4,3.2118495085127074e-7
zooc,CESM2-WACCM,ssp370,r1i1p1f1,2057,5.376905229784018e-4,5.191811360418797e-4,1.2760797990279184e-4,3.1499790439427565e-7
zooc,CESM2-WACCM,ssp370,r1i1p1f1,2058,5.410358479285366e-4,5.201847525313497e-4,1.4029408586280234e-4,3.463133189582485e-7
zooc,CESM2-WACCM,ssp370,r1i1p1f1,2059,5.40152324051352e-4,5.198691214900464e-4,1.3797383932302837e-4,3.405858339039154e-7
zooc,CESM2-WACCM,ssp370,r1i1p1f1,2060,5.375270765794386e-4,5.189815419726074e-4,1.2328629594289713e-4,3.0432990861643946e-7
zooc,CESM2-WACCM,ssp370,r1i1p1f1,2061,5.35210420431414e-4,5.16905914992094e-4,1.3727241475976085e-4,3.388543805285995e-7
zooc,CESM2-WACCM,ssp370,r1i1p1f1,2062,5.369727428902604e-4,5.136874387972057e-4,1.33817023364844e-4,3.30324811695287e-7
zooc,CESM2-WACCM,ssp370,r1i1p1f1,2063,5.403169044789291e-4,5.254563875496387e-4,1.3012705923761363e-4,3.212162044729718e-7
zooc,CESM2-WACCM,ssp370,r1i1p1f1,2064,5.369823308433194e-4,5.165268667042255e-4,1.3333444883010124e-4,3.291335855096377e-7
zooc,CESM2-WACCM,ssp370,r1i1p1f1,2065,5.336235874882979e-4,5.14414714416489e-4,1.2829062253157794e-4,3.1668299491668363e-7
zooc,CESM2-WACCM,ssp370,r1i1p1f1,2066,5.393969613335656e-4,5.143657035659999e-4,1.4348224609153192e-4,3.541832326712311e-7
zooc,CESM2-WACCM,ssp370,r1i1p1f1,2067,5.377601176804763e-4,5.238796002231538e-4,1.2776290700254974e-4,3.1538033903351055e-7
zooc,CESM2-WACCM,ssp370,r1i1p1f1,2068,5.340073508125934e-4,5.135248648002744e-4,1.3125082937627975e-4,3.239902099777243e-7
zooc,CESM2-WACCM,ssp370,r1i1p1f1,2069,5.358855896955924e-4,5.181482702028006e-4,1.3317201082037607e-4,3.2873261033005734e-7
zooc,CESM2-WACCM,ssp370,r1i1p1f1,2070,5.395072990642543e-4,5.256281292531639e-4,1.308004176842573e-4,3.2287837716593755e-07
zooc,CESM2-WACCM,ssp370,r1i1p1f1,2071,5.336562507112464e-4,5.147652409505099e-4,1.341320282077784e-4,3.3110239524040674e-7
zooc,CESM2-WACCM,ssp370,r1i1p1f1,2072,5.367953810970109e-4,5.181605811230838e-4,1.3086510865352528e-4,3.2303806560993745e-7
zooc,CESM2-WACCM,ssp370,r1i1p1f1,2073,5.352585572357511e-4,5.165257898624986e-4,1.274975658082214e-4,3.147253492732575e-7
zooc,CESM2-WACCM,ssp370,r1i1p1f1,2074,5.336985606752934e-4,5.130318168085068e-4,1.3356512842334505e-4,3.2970301375788423e-7
zooc,CESM2-WACCM,ssp370,r1i1p1f1,2075,5.343293242289175e-4,5.164121103007346e-4,1.3577200259008907e-4,3.351506412363208e-7
zooc,CESM2-WACCM,ssp370,r1i1p1f1,2076,5.360782709445208e-4,5.209088267292827e-4,1.2098990009101292e-4,2.986612985377103e-7
zooc,CESM2-WACCM,ssp370,r1i1p1f1,2077,5.377279518263284e-4,5.126686301082373e-4,1.5226238814855286e-4,3.7585684861870154e-7
zooc,CESM2-WACCM,ssp370,r1i1p1f1,2078,5.331124486439451e-4,5.143607559148222e-4,1.377509687857596e-4,3.4003568216384113e-7
zooc,CESM2-WACCM,ssp370,r1i1p1f1,2079,5.372463944064273e-4,5.264630017336458e-4,1.3118602234068945e-4,3.2383023502618524e-7
zooc,CESM2-WACCM,ssp370,r1i1p1f1,2080,5.334133822709198e-4,5.125953757669777e-4,1.3208347745307845e-4,3.260455861343668e-7
zooc,CESM2-WACCM,ssp370,r1i1p1f1,2081,5.314544333785016e-4,5.16258500283584e-4,1.354077829332054e-4,3.3425157184626416e-7
zooc,CESM2-WACCM,ssp370,r1i1p1f1,2082,5.309844411884457e-4,5.163837922737002e-4,1.2780914742846673e-4,3.154944826573909e-7
zooc,CESM2-WACCM,ssp370,r1i1p1f1,2083,5.290601853443775e-4,5.149110220372677e-4,1.4017079094219616e-4,3.460089677598125e-7
zooc,CESM2-WACCM,ssp370,r1i1p1f1,2084,5.252477308618769e-4,5.024429701734334e-4,1.35829536630754e-4,3.3529266293633203e-7
zooc,CESM2-WACCM,ssp370,r1i1p1f1,2085,5.328096672838517e-4,5.160841974429786e-4,1.359460908120046e-4,3.355803747461287e-7
zooc,CESM2-WACCM,ssp370,r1i1p1f1,2086,5.321708201732547e-4,5.160134751349688e-4,1.2792898401444078e-4,3.157902970216677e-7
zooc,CESM2-WACCM,ssp370,r1i1p1f1,2087,5.285962977693321e-4,5.144611932337284e-4,1.3600212365598858e-4,3.357186907702962e-7
zooc,CESM2-WACCM,ssp370,r1i1p1f1,2088,5.336921093963774e-4,5.126334435772151e-4,1.4906982854734994e-4,3.6797607513730313e-7
zooc,CESM2-WACCM,ssp370,r1i1p1f1,2089,5.263662477203616e-4,5.132770456839353e-4,1.2915330614780133e-4,3.1881251323891273e-7
zooc,CESM2-WACCM,ssp370,r1i1p1f1,2090,5.222138803327737e-4,5.008823063690215e-4,1.426447297383916e-4,3.5211583926577083e-7
zooc,CESM2-WACCM,ssp370,r1i1p1f1,2091,5.254896145922878e-4,5.129490746185184e-4,1.3575770266782217e-4,3.3511534214647936e-7
zooc,CESM2-WACCM,ssp370,r1i1p1f1,2092,5.2321661553251e-4,5.081999697722495e-4,1.3496977098455238e-4,3.3317034756835884e-7
zooc,CESM2-WACCM,ssp370,r1i1p1f1,2093,5.24467892508377e-4,5.100709677208215e-4,1.3458818180471933e-4,3.322284018367635e-7
zooc,CESM2-WACCM,ssp370,r1i1p1f1,2094,5.198824793546119e-4,5.052553315181285e-4,1.3222721315383525e-4,3.264003950151243e-7
zooc,CESM2-WACCM,ssp370,r1i1p1f1,2095,5.237284247693306e-4,5.096738459542394e-4,1.4003761411459674e-4,3.4568022325935373e-7
zooc,CESM2-WACCM,ssp370,r1i1p1f1,2096,5.163612756088119e-4,5.064751312602311e-4,1.3304110154682697e-4,3.284094632442313e-7
zooc,CESM2-WACCM,ssp370,r1i1p1f1,2097,5.193701507601153e-4,5.054624052718282e-4,1.411621551218533e-4,3.4845613163875986e-7
zooc,CESM2-WACCM,ssp370,r1i1p1f1,2098,5.191397383902516e-4,5.040819814894348e-4,1.454797625074181e-4,3.5911406446934145e-7
zooc,CESM2-WACCM,ssp370,r1i1p1f1,2099,5.1958816414373e-4,5.173107783775777e-4,1.3063684127439908e-4,3.224745918669858e-7
zooc,CESM2-WACCM,ssp534-over,r1i1p1f1,2039,5.473660995757596e-4,5.300222255755216e-4,1.2773809316856915e-4,3.153190865498506e-7
zooc,CESM2-WACCM,ssp534-over,r1i1p1f1,2040,5.488244580099297e-4,5.307844548951834e-4,1.3839203296815204e-4,3.416181370713608e-7
zooc,CESM2-WACCM,ssp534-over,r1i1p1f1,2041,5.480011924624904e-4,5.320760537870228e-4,1.3185742985790148e-4,3.254875918864495e-7
zooc,CESM2-WACCM,ssp534-over,r1i1p1f1,2042,5.549569019877587e-4,5.352407169993967e-4,1.2839622363187107e-4,3.1694366925162257e-7
zooc,CESM2-WACCM,ssp534-over,r1i1p1f1,2043,5.420760256783481e-4,5.17847016453743e-4,1.3919147137821182e-4,3.435915357886899e-7
zooc,CESM2-WACCM,ssp534-over,r1i1p1f1,2044,5.404704906771389e-4,5.263340717647225e-4,1.4004154754737317e-4,3.45689932864369e-7
zooc,CESM2-WACCM,ssp534-over,r1i1p1f1,2045,5.38388690662332e-4,5.22709364304319e-4,1.271652605556016e-4,3.139050599913946e-7
zooc,CESM2-WACCM,ssp534-over,r1i1p1f1,2046,5.422434227984361e-4,5.18928311066702e-4,1.362828637593543e-4,3.36411692448616e-7
zooc,CESM2-WACCM,ssp534-over,r1i1p1f1,2047,5.416064464134895e-4,5.241762555669993e-4,1.3301300766994212e-4,3.2834011403619756e-7
zooc,CESM2-WACCM,ssp534-over,r1i1p1f1,2048,5.493415994041542e-4,5.241187463980168e-4,1.438065752641841e-4,3.5498383314932963e-7
zooc,CESM2-WACCM,ssp534-over,r1i1p1f1,2049,5.388987709553465e-4,5.218065052758902e-4,1.29389176460043e-4,3.1939475467962476e-7
zooc,CESM2-WACCM,ssp534-over,r1i1p1f1,2050,5.497870289389087e-4,5.278016615193337e-4,1.3572047497528006e-4,3.350234462858511e-7
zooc,CESM2-WACCM,ssp534-over,r1i1p1f1,2051,5.387253636956057e-4,5.196348938625306e-4,1.2940497507105085e-4,3.19433753254507e-7
zooc,CESM2-WACCM,ssp534-over,r1i1p1f1,2052,5.336216144875649e-4,5.141579313203692e-4,1.4102158302871785e-4,3.4810913206406464e-7
zooc,CESM2-WACCM,ssp534-over,r1i1p1f1,2053,5.411766767780037e-4,5.247316148597747e-4,1.3348003643109572e-4,3.2949296577138923e-7
zooc,CESM2-WACCM,ssp534-over,r1i1p1f1,2054,5.396174251738527e-4,5.181453889235854e-4,1.345747412750078e-4,3.321952241413223e-7
zooc,CESM2-WACCM,ssp534-over,r1i1p1f1,2055,5.393159830774729e-4,5.18841843586415e-4,1.4095683266529768e-4,3.479492970067143e-7
zooc,CESM2-WACCM,ssp534-over,r1i1p1f1,2056,5.310211687767174e-4,5.147845658939332e-4,1.287164475020111e-4,3.177341358674876e-7
zooc,CESM2-WACCM,ssp534-over,r1i1p1f1,2057,5.335401801077736e-4,5.093264335300773e-4,1.3911228018685e-4,3.433960538184835e-7
zooc,CESM2-WACCM,ssp534-over,r1i1p1f1,2058,5.344408358050822e-4,5.126870819367468e-4,1.37127879867294e-4,3.38497598858099e-7
zooc,CESM2-WACCM,ssp534-over,r1i1p1f1,2059,5.375911852710253e-4,5.188457434996963e-4,1.2964928379507546e-4,3.2003682475639594e-7
zooc,CESM2-WACCM,ssp534-over,r1i1p1f1,2060,5.399244546809292e-4,5.176299309823662e-4,1.3722328668415033e-4,3.3873310879562457e-7
zooc,CESM2-WACCM,ssp534-over,r1i1p1f1,2061,5.378842500517819e-4,5.185471090953797e-4,1.2868570479162715e-4,3.1765824806365495e-7
zooc,CESM2-WACCM,ssp534-over,r1i1p1f1,2062,5.393535182008846e-4,5.210771923884749e-4,1.3985509089804604e-4,3.4522966812353413e-7
zooc,CESM2-WACCM,ssp534-over,r1i1p1f1,2063,5.378511618609787e-4,5.210958188399673e-4,1.3746413446742717e-4,3.393276370302068e-7
zooc,CESM2-WACCM,ssp534-over,r1i1p1f1,2064,5.383579873069347e-4,5.211295792832971e-4,1.3844667735341673e-4,3.4175302571122806e-7
zooc,CESM2-WACCM,ssp534-over,r1i1p1f1,2065,5.366025925324637e-4,5.200640007387847e-4,1.3693900513605837e-4,3.380313651274375e-7
zooc,CESM2-WACCM,ssp534-over,r1i1p1f1,2066,5.384059746415202e-4,5.191367235966027e-4,1.3478590649692996e-4,3.3271648153006165e-7
zooc,CESM2-WACCM,ssp534-over,r1i1p1f1,2067,5.472049743969546e-4,5.305864033289254e-4,1.3834598643209934e-4,3.4150447206097303e-7
zooc,CESM2-WACCM,ssp534-over,r1i1p1f1,2068,5.352325620595227e-4,5.158665007911623e-4,1.3299687933098576e-4,3.283003015340603e-7
zooc,CESM2-WACCM,ssp534-over,r1i1p1f1,2069,5.472256694869623e-4,5.254921270534396e-4,1.395712986337351e-4,3.4452913224318126e-7
zooc,CESM2-WACCM,ssp534-over,r1i1p1f1,2070,5.409300487597356e-4,5.295436130836606e-4,1.3762989772567427e-4,3.3973682052338e-7
zooc,CESM2-WACCM,ssp534-over,r1i1p1f1,2071,5.438247089611416e-4,5.346417310647666e-4,1.331620566062662e-4,3.287080385392737e-7
zooc,CESM2-WACCM,ssp534-over,r1i1p1f1,2072,5.440845243346483e-4,5.206168862059712e-4,1.4593155648177697e-4,3.6022930941914327e-7
zooc,CESM2-WACCM,ssp534-over,r1i1p1f1,2073,5.303259801828368e-4,5.127532058395445e-4,1.344489392540754e-4,3.3188468421276565e-7
zooc,CESM2-WACCM,ssp534-over,r1i1p1f1,2074,5.328781064145205e-4,5.136521358508617e-4,1.4597826983490377e-4,3.6034462045496865e-7
zooc,CESM2-WACCM,ssp534-over,r1i1p1f1,2075,5.356430567696564e-4,5.214552220422775e-4,1.3754136390952662e-4,3.395182764591626e-7
zooc,CESM2-WACCM,ssp534-over,r1i1p1f1,2076,5.331490694708128e-4,5.160670552868396e-4,1.3376835487558886e-4,3.3020467444260827e-7
zooc,CESM2-WACCM,ssp534-over,r1i1p1f1,2077,5.362350333239834e-4,5.132750957272947e-4,1.434042596306061e-4,3.539907245555045e-7
zooc,CESM2-WACCM,ssp534-over,r1i1p1f1,2078,5.327990630332386e-4,5.146286566741765e-4,1.3256740231930314e-4,3.272401455879463e-7
zooc,CESM2-WACCM,ssp534-over,r1i1p1f1,2079,5.360878912073987e-4,5.17387205036357e-4,1.4469128456551431e-4,3.57167721462031e-7
zooc,CESM2-WACCM,ssp534-over,r1i1p1f1,2080,5.290668994282058e-4,5.13890030561015e-4,1.31558267332817e-4,3.247491148057317e-7
zooc,CESM2-WACCM,ssp534-over,r1i1p1f1,2081,5.394635316749585e-4,5.186317721381783e-4,1.4545328141518692e-4,3.590486963899686e-7
zooc,CESM2-WACCM,ssp534-over,r1i1p1f1,2082,5.329388758992295e-4,5.146395415067673e-4,1.328834587553054e-4,3.280203249708256e-7
zooc,CESM2-WACCM,ssp534-over,r1i1p1f1,2083,5.376934974354427e-4,5.168300704099238e-4,1.3684049181019784e-4,3.377881868307149e-7
zooc,CESM2-WACCM,ssp534-over,r1i1p1f1,2084,5.360887474195738e-4,5.212402902543545e-4,1.363053613379295e-4,3.364672272992619e-7
zooc,CESM2-WACCM,ssp534-over,r1i1p1f1,2085,5.381862257765158e-4,5.166509072296321e-4,1.4339600241784924e-4,3.5397034178072404e-7
zooc,CESM2-WACCM,ssp534-over,r1i1p1f1,2086,5.314902133609926e-4,5.156005790922791e-4,1.3568488186909105e-4,3.3493558537096976e-7
zooc,CESM2-WACCM,ssp534-over,r1i1p1f1,2087,5.406762074922093e-4,5.213957920204848e-4,1.445966112488056e-4,3.5693402215585897e-7
zooc,CESM2-WACCM,ssp534-over,r1i1p1f1,2088,5.353195265971526e-4,5.248123779892921e-4,1.3825848477146715e-4,3.4128847585328165e-7
zooc,CESM2-WACCM,ssp534-over,r1i1p1f1,2089,5.304840190055651e-4,5.08703786181286e-4,1.44935319999344e-4,3.577701183522009e-7
zooc,CESM2-WACCM,ssp534-over,r1i1p1f1,2090,5.348087749836677e-4,5.223756306804717e-4,1.447434972684364e-4,3.5729660753965526e-7
zooc,CESM2-WACCM,ssp534-over,r1i1p1f1,2091,5.331388144871263e-4,5.172028613742441e-4,1.3650863373927422e-4,3.3696900140847953e-7
zooc,CESM2-WACCM,ssp534-over,r1i1p1f1,2092,5.391480651751101e-4,5.193679535295814e-4,1.458987708037941e-4,3.601483785881199e-7
zooc,CESM2-WACCM,ssp534-over,r1i1p1f1,2093,5.33454619923003e-4,5.160229629836977e-4,1.362852938232977e-4,3.3641769101587094e-7
zooc,CESM2-WACCM,ssp534-over,r1i1p1f1,2094,5.267154259273174e-4,5.060788826085627e-4,1.5120291364216292e-4,3.7324155567600143e-7
zooc,CESM2-WACCM,ssp534-over,r1i1p1f1,2095,5.285598605326074e-4,5.086659512016922e-4,1.4384967501976788e-4,3.550902240874131e-7
zooc,CESM2-WACCM,ssp534-over,r1i1p1f1,2096,5.303956897765372e-4,5.149462667759508e-4,1.3979618457318364e-4,3.4508425896572625e-7
zooc,CESM2-WACCM,ssp534-over,r1i1p1f1,2097,5.398409606766661e-4,5.269817775115371e-4,1.3999004884407846e-4,3.4556280928143e-7
zooc,CESM2-WACCM,ssp534-over,r1i1p1f1,2098,5.347699901658381e-4,5.211214302107692e-4,1.437755856735485e-4,3.5490733592622737e-7
zooc,CESM2-WACCM,ssp534-over,r1i1p1f1,2099,5.288518794303211e-4,5.15273044584319e-4,1.3653548199036742e-4,3.3703527581261516e-7
zooc,CESM2-WACCM,ssp585,r1i1p1f1,2014,5.445650115884687e-4,5.328295519575477e-4,1.4305378891208678e-4,3.531255941618627e-7
zooc,CESM2-WACCM,ssp585,r1i1p1f1,2015,5.468288649621599e-4,5.343773518688977e-4,1.4180619884401348e-4,3.5004594148429843e-7
zooc,CESM2-WACCM,ssp585,r1i1p1f1,2016,5.457846133107944e-4,5.290823755785823e-4,0.00016127910586945699,3.981144471541783e-7
zooc,CESM2-WACCM,ssp585,r1i1p1f1,2017,5.462818877366907e-4,5.326670943759382e-4,1.3856227640605316e-4,3.4203837980395937e-7
zooc,CESM2-WACCM,ssp585,r1i1p1f1,2018,5.328935134417026e-4,5.171219818294048e-4,1.5111770212958777e-4,3.730312126558244e-7
zooc,CESM2-WACCM,ssp585,r1i1p1f1,2019,5.433009995633297e-4,5.347267142497003e-4,1.4492331385305358e-4,3.577404814053249e-7
zooc,CESM2-WACCM,ssp585,r1i1p1f1,2020,5.445966984306356e-4,5.25976560311392e-4,1.4713143994143145e-4,3.631911992288279e-7
zooc,CESM2-WACCM,ssp585,r1i1p1f1,2021,5.391238238813769e-4,5.273860297165811e-4,1.5943640683092547e-4,3.93565779147609e-7
zooc,CESM2-WACCM,ssp585,r1i1p1f1,2022,5.404898060702381e-4,5.323825462255627e-4,1.5149080024547332e-4,3.739521983553624e-7
zooc,CESM2-WACCM,ssp585,r1i1p1f1,2023,5.392306185179834e-4,5.303478392306715e-4,1.4701129694880526e-4,3.628946285054786e-7
zooc,CESM2-WACCM,ssp585,r1i1p1f1,2024,5.325346576134795e-4,5.156210390850902e-4,1.493768910559926e-4,3.6873405317922633e-7
zooc,CESM2-WACCM,ssp585,r1i1p1f1,2025,5.402877488671989e-4,5.289542314130813e-4,1.4795821408079103e-4,3.652320756811002e-7
zooc,CESM2-WACCM,ssp585,r1i1p1f1,2026,5.492712435464092e-4,5.31130819581449e-4,1.4476862390707998e-4,3.5735863217575736e-7
zooc,CESM2-WACCM,ssp585,r1i1p1f1,2027,5.430464075378669e-4,5.243865598458797e-4,1.3456483701429687e-4,3.3217077565956676e-7
zooc,CESM2-WACCM,ssp585,r1i1p1f1,2028,5.420520609630744e-4,5.244649073574692e-4,1.525846475453637e-4,3.7665233989396587e-7
zooc,CESM2-WACCM,ssp585,r1i1p1f1,2029,5.422513650535627e-4,5.320191266946495e-4,1.397185669600595e-4,3.448926613438783e-7
zooc,CESM2-WACCM,ssp585,r1i1p1f1,2030,5.394934517136429e-4,5.208985530771315e-4,1.474676654022517e-4,3.640211654710884e-7
zooc,CESM2-WACCM,ssp585,r1i1p1f1,2031,5.379574575032462e-4,5.23981754668057e-4,1.4512684509722327e-4,3.582428944631999e-7
zooc,CESM2-WACCM,ssp585,r1i1p1f1,2032,5.436522172301943e-4,5.24283415870741e-4,1.4079403153660224e-4,3.4754742547476815e-7
zooc,CESM2-WACCM,ssp585,r1i1p1f1,2033,5.504930494633983e-4,5.365230317693204e-4,1.3950935813456986e-4,3.443762332830296e-7
zooc,CESM2-WACCM,ssp585,r1i1p1f1,2034,5.463728402576629e-4,5.278560856822878e-4,1.436062159841427e-4,3.544892500253975e-7
zooc,CESM2-WACCM,ssp585,r1i1p1f1,2035,5.400396874084515e-4,5.257877928670496e-4,1.3339378090718477e-4,3.292800456288161e-7
zooc,CESM2-WACCM,ssp585,r1i1p1f1,2036,5.455080419727981e-4,5.238342855591327e-4,1.4533318367450574e-4,3.587522373701966e-7
zooc,CESM2-WACCM,ssp585,r1i1p1f1,2037,5.504630121980035e-4,5.312454013619572e-4,1.351940596497828e-4,3.3372399993070164e-7
zooc,CESM2-WACCM,ssp585,r1i1p1f1,2038,5.311227337719931e-4,5.231060786172748e-4,1.505976276002756e-4,3.7174741843710106e-7
zooc,CESM2-WACCM,ssp585,r1i1p1f1,2039,5.43756244542567e-4,5.23764785612002e-4,1.3399683045524892e-4,3.3076866212467177e-7
zooc,CESM2-WACCM,ssp585,r1i1p1f1,2040,5.42492727046005e-4,5.223485350143164e-4,1.2561497320874958e-4,3.1007820475993216e-7
zooc,CESM2-WACCM,ssp585,r1i1p1f1,2041,5.373344185376194e-4,5.119740380905569e-4,1.4227066338903192e-4,3.5119246350006654e-7
zooc,CESM2-WACCM,ssp585,r1i1p1f1,2042,5.432879806566365e-4,5.203959590289742e-4,1.4305880164653995e-4,3.531379680028187e-7
zooc,CESM2-WACCM,ssp585,r1i1p1f1,2043,5.358922022894285e-4,5.156089900992811e-4,1.34974662350923e-4,3.3318242181448e-7
zooc,CESM2-WACCM,ssp585,r1i1p1f1,2044,5.407497938000609e-4,5.207153735682368e-4,1.3197650381767086e-4,3.2578152372224733e-7
zooc,CESM2-WACCM,ssp585,r1i1p1f1,2045,5.395745210040371e-4,5.13333041453734e-4,1.3762442085228676e-4,3.3972330096417213e-7
zooc,CESM2-WACCM,ssp585,r1i1p1f1,2046,5.447282984588589e-4,5.329681443981826e-4,1.375620508307875e-4,3.3956934173619705e-7
zooc,CESM2-WACCM,ssp585,r1i1p1f1,2047,5.424460409016371e-4,5.299116601236165e-4,1.275401553223471e-4,3.1483048068987415e-7
zooc,CESM2-WACCM,ssp585,r1i1p1f1,2048,5.40362233246004e-4,5.148795316927135e-4,1.4446682408012128e-4,3.5661364496484025e-7
zooc,CESM2-WACCM,ssp585,r1i1p1f1,2049,5.399643353776654e-4,5.229699891060591e-4,1.453178634267538e-4,3.5871441962603724e-7
zooc,CESM2-WACCM,ssp585,r1i1p1f1,2050,5.45277783974505e-4,5.264794745016843e-4,1.3734089475074117e-4,3.390234221016122e-7
zooc,CESM2-WACCM,ssp585,r1i1p1f1,2051,5.394898776323585e-4,5.247520166449249e-4,1.3302758026105416e-4,3.2837608620396783e-7
zooc,CESM2-WACCM,ssp585,r1i1p1f1,2052,5.435886473728746e-4,5.228863738011569e-4,1.295426381580953e-4,3.197735720022412e-7
zooc,CESM2-WACCM,ssp585,r1i1p1f1,2053,5.342252967792933e-4,5.074490327388048e-4,1.4299174768545942e-4,3.529724465578605e-7
zooc,CESM2-WACCM,ssp585,r1i1p1f1,2054,5.402889164356887e-4,5.210009694565088e-4,1.3123828348205428e-4,3.2395924067319663e-7
zooc,CESM2-WACCM,ssp585,r1i1p1f1,2055,5.404575233144797e-4,5.225440254434943e-4,1.2393682224074538e-4,3.0593572057844736e-7
zooc,CESM2-WACCM,ssp585,r1i1p1f1,2056,5.42305096377239e-4,5.220587190706283e-4,1.4437309282513925e-4,3.5638227112036693e-7
zooc,CESM2-WACCM,ssp585,r1i1p1f1,2057,5.395553695797299e-4,5.238471494521946e-4,1.4093476706265317e-4,3.478948284805492e-7
zooc,CESM2-WACCM,ssp585,r1i1p1f1,2058,5.355924865532726e-4,5.16832631547004e-4,1.315028782326004e-4,3.246123878509769e-7
zooc,CESM2-WACCM,ssp585,r1i1p1f1,2059,5.354213525324209e-4,5.109360790811479e-4,1.4157613482024975e-4,3.4947803275776503e-7
zooc,CESM2-WACCM,ssp585,r1i1p1f1,2060,5.329358439222806e-4,5.189981020521373e-4,1.3590004628562285e-4,3.354667146965759e-7
zooc,CESM2-WACCM,ssp585,r1i1p1f1,2061,5.342951100265492e-4,5.141707952134311e-4,1.3359825421483808e-4,3.2978478415272673e-7
zooc,CESM2-WACCM,ssp585,r1i1p1f1,2062,5.335175929276425e-4,5.126511969137937e-4,1.4075847698732856e-4,3.4745965973690897e-7
zooc,CESM2-WACCM,ssp585,r1i1p1f1,2063,5.413496016153899e-4,5.262577906250954e-4,1.2745557034150314e-4,3.146216842515215e-7
zooc,CESM2-WACCM,ssp585,r1i1p1f1,2064,5.35132131919155e-4,5.179403524380177e-4,1.3081370195872674e-4,3.229111691482451e-7
zooc,CESM2-WACCM,ssp585,r1i1p1f1,2065,5.372075025937257e-4,5.149812495801598e-4,1.448086028561372e-4,3.574573194614781e-7
zooc,CESM2-WACCM,ssp585,r1i1p1f1,2066,5.322551015706239e-4,5.221335159149021e-4,1.2904525179199805e-4,3.185457830887714e-7
zooc,CESM2-WACCM,ssp585,r1i1p1f1,2067,5.337874226131732e-4,5.152616940904409e-4,1.357750603884313e-4,3.351581893541626e-7
zooc,CESM2-WACCM,ssp585,r1i1p1f1,2068,5.358689067786487e-4,5.198755534365773e-4,1.3249192953855658e-4,3.270538424445842e-7
zooc,CESM2-WACCM,ssp585,r1i1p1f1,2069,5.350672297105089e-4,5.176654958631843e-4,1.3130944313811816e-4,3.241348969491961e-7
zooc,CESM2-WACCM,ssp585,r1i1p1f1,2070,5.325832071688305e-4,5.182690219953656e-4,1.3249315698806908e-4,3.270568723806782e-7
zooc,CESM2-WACCM,ssp585,r1i1p1f1,2071,5.294506181627229e-4,5.136769032105803e-4,1.3879457618727202e-4,3.4261180745582666e-7
zooc,CESM2-WACCM,ssp585,r1i1p1f1,2072,5.227273840813946e-4,5.025439313612878e-4,1.384213393637117e-4,3.416904793589958e-7
zooc,CESM2-WACCM,ssp585,r1i1p1f1,2073,5.215831134719023e-4,5.081551789771765e-4,1.3459692382258363e-4,3.322499813438565e-7
zooc,CESM2-WACCM,ssp585,r1i1p1f1,2074,5.244195105555165e-4,5.07410557474941e-4,1.3631716296719852e-4,3.364963593997075e-7
zooc,CESM2-WACCM,ssp585,r1i1p1f1,2075,5.256304057917392e-4,5.088965117465705e-4,1.294372255166961e-4,3.195133628745462e-7
zooc,CESM2-WACCM,ssp585,r1i1p1f1,2076,5.258997337746018e-4,5.122596048749983e-4,1.410914947341825e-4,3.4828170779742217e-7
zooc,CESM2-WACCM,ssp585,r1i1p1f1,2077,5.257663696732791e-4,5.17725944519043e-4,1.3974966749780225e-4,3.449694324378332e-7
zooc,CESM2-WACCM,ssp585,r1i1p1f1,2078,5.189445489686662e-4,5.041170807089657e-4,1.4253275410100908e-4,3.518394295056165e-7
zooc,CESM2-WACCM,ssp585,r1i1p1f1,2079,5.198155373712893e-4,5.083542782813311e-4,1.3248138829923494e-4,3.270278215930782e-7
zooc,CESM2-WACCM,ssp585,r1i1p1f1,2080,5.243126381212307e-4,5.095464875921607e-4,1.5376559672680872e-4,3.7956749079310787e-7
zooc,CESM2-WACCM,ssp585,r1i1p1f1,2081,5.13565795166346e-4,5.062001873739064e-4,1.4277886620378877e-4,3.5244695261413e-7
zooc,CESM2-WACCM,ssp585,r1i1p1f1,2082,5.147072167434187e-4,5.063251592218876e-4,1.3518958495807885e-4,3.337129542381781e-7
zooc,CESM2-WACCM,ssp585,r1i1p1f1,2083,5.041668663571726e-4,4.906720714643598e-4,1.3404717621862296e-4,3.3089293969704643e-7
zooc,CESM2-WACCM,ssp585,r1i1p1f1,2084,5.127345746099194e-4,4.987094725947827e-4,1.4046001780459235e-4,3.4672291884358274e-7
zooc,CESM2-WACCM,ssp585,r1i1p1f1,2085,5.157157628626019e-4,5.073633219581097e-4,1.3816784856289806e-4,3.4106474207281387e-7
zooc,CESM2-WACCM,ssp585,r1i1p1f1,2086,5.0799912238054e-4,4.939435748383403e-4,1.3976784498349401e-4,3.450143032202437e-7
zooc,CESM2-WACCM,ssp585,r1i1p1f1,2087,5.046834247009756e-4,5.010454042349011e-4,1.2994038125695243e-4,3.207553933798911e-7
zooc,CESM2-WACCM,ssp585,r1i1p1f1,2088,5.137835240006291e-4,5.004377744626254e-4,1.3697485632964347e-4,3.3811986312621425e-7
zooc,CESM2-WACCM,ssp585,r1i1p1f1,2089,5.067043752295815e-4,4.969080910086632e-4,1.370592994798806e-4,3.3832830945837473e-7
zooc,CESM2-WACCM,ssp585,r1i1p1f1,2090,5.117558470866747e-4,5.05983829498291e-4,1.334447592923979e-4,3.2940588481633217e-7
zooc,CESM2-WACCM,ssp585,r1i1p1f1,2091,5.097750054479629e-4,4.969467408955097e-4,1.367559668366821e-4,3.3757953851932617e-7
zooc,CESM2-WACCM,ssp585,r1i1p1f1,2092,5.066651774290436e-4,4.938995407428592e-4,1.4074963412036783e-4,3.4743783128571344e-7
zooc,CESM2-WACCM,ssp585,r1i1p1f1,2093,5.063570022641414e-4,4.988237924408168e-4,1.4483392389420368e-4,3.5751982396890863e-7
zooc,CESM2-WACCM,ssp585,r1i1p1f1,2094,4.993921044305873e-4,4.903793451376259e-4,1.3983391173825723e-4,3.451773877649281e-7
zooc,CESM2-WACCM,ssp585,r1i1p1f1,2095,4.987471064274489e-4,4.894911253359169e-4,1.4450983789681182e-4,3.5671982376437807e-7
zooc,CESM2-WACCM,ssp585,r1i1p1f1,2096,4.988396924365293e-4,4.882028588326648e-4,1.43366958465505e-4,3.5389864732924285e-7
zooc,CESM2-WACCM,ssp585,r1i1p1f1,2097,5.020468419438908e-4,4.951767041347921e-4,1.439170484953553e-4,3.552565342479373e-7
zooc,CESM2-WACCM,ssp585,r1i1p1f1,2098,4.913077225205349e-4,4.856555606238544e-4,1.4184749352351772e-4,3.5014787662594376e-7
zooc,CESM2-WACCM,ssp585,r1i1p1f1,2099,5.00224466473769e-4,4.966079141013324e-4,1.390386859358065e-4,3.4321438779045114e-7
zooc,CNRM-ESM2-1,historical,r2i1p1f2,1950,9.182181662015847e-4,9.574440191499889e-4,6.732538732798217e-4,1.6614286866734763e-6
zooc,CNRM-ESM2-1,historical,r2i1p1f2,1951,9.384507210271678e-4,9.621471108403057e-4,6.711387293821577e-4,1.656209020084851e-6
zooc,CNRM-ESM2-1,historical,r2i1p1f2,1952,9.166948328291763e-4,9.277063654735684e-4,6.6835021645784e-4,1.649327640638712e-6
zooc,CNRM-ESM2-1,historical,r2i1p1f2,1953,9.215067159219825e-4,9.641796641517431e-4,6.724430940887638e-4,1.6594278785681785e-6
zooc,CNRM-ESM2-1,historical,r2i1p1f2,1954,9.350410964782007e-4,9.736543288454413e-4,6.756503328467676e-4,1.6673425726962638e-6
zooc,CNRM-ESM2-1,historical,r2i1p1f2,1955,9.193312850755629e-4,9.38628421863541e-4,6.736850544974591e-4,1.6624927382483269e-6
zooc,CNRM-ESM2-1,historical,r2i1p1f2,1956,9.187253855065153e-4,9.324962447863072e-4,6.674892197714386e-4,1.6472029078288594e-6
zooc,CNRM-ESM2-1,historical,r2i1p1f2,1957,9.258677374175651e-4,9.644851379562169e-4,6.737011136879411e-4,1.6625323684692739e-6
zooc,CNRM-ESM2-1,historical,r2i1p1f2,1958,9.38874556470738e-4,9.745714778546244e-4,6.79260990991867e-4,1.6762528088762883e-6
zooc,CNRM-ESM2-1,historical,r2i1p1f2,1959,9.280985284276333e-4,9.49668901739642e-4,6.737046422749848e-4,1.6625410761737083e-6
zooc,CNRM-ESM2-1,historical,r2i1p1f2,1960,9.325129126960639e-4,9.560755861457437e-4,6.800373821373806e-4,1.6781687555532105e-6
zooc,CNRM-ESM2-1,historical,r2i1p1f2,1961,9.423527372752533e-4,9.71179804764688e-4,6.852579343303174e-4,1.691051823171325e-6
zooc,CNRM-ESM2-1,historical,r2i1p1f2,1962,9.287212977625003e-4,9.496023994870484e-4,6.742062893447971e-4,1.6637790205293964e-6
zooc,CNRM-ESM2-1,historical,r2i1p1f2,1963,9.289591534030704e-4,9.431017388124019e-4,6.848545366652011e-4,1.690056334724008e-6
zooc,CNRM-ESM2-1,historical,r2i1p1f2,1964,9.211831424602322e-4,9.200740605592728e-4,6.695091266502921e-4,1.6521875523532015e-6
zooc,CNRM-ESM2-1,historical,r2i1p1f2,1965,9.223311341925574e-4,9.507251088507473e-4,6.618855320675753e-4,1.633374353888274e-6
zooc,CNRM-ESM2-1,historical,r2i1p1f2,1966,9.452793551086525e-4,9.810800547711551e-4,6.78296212802447e-4,1.673871968269504e-6
zooc,CNRM-ESM2-1,historical,r2i1p1f2,1967,9.293997192163143e-4,9.373168868478388e-4,6.611148871323345e-4,1.6314725874767253e-6
zooc,CNRM-ESM2-1,historical,r2i1p1f2,1968,9.128638711157686e-4,9.362296550534666e-4,6.66479994355968e-4,1.644712382154771e-6
zooc,CNRM-ESM2-1,historical,r2i1p1f2,1969,9.469658257423833e-4,9.741528192535043e-4,6.664424392722038e-4,1.64461970523753e-6
zooc,CNRM-ESM2-1,historical,r2i1p1f2,1970,9.350828783467867e-4,9.72532550804317e-4,6.73510315604448e-4,1.6620615246734061e-6
zooc,CNRM-ESM2-1,historical,r2i1p1f2,1971,9.444575987441622e-4,9.900431614369154e-4,6.775468271907517e-4,1.6720226647570184e-6
zooc,CNRM-ESM2-1,historical,r2i1p1f2,1972,9.25012668331569e-4,9.440752037335187e-4,6.775099169054182e-4,1.6719315790472733e-6
zooc,CNRM-ESM2-1,historical,r2i1p1f2,1973,9.242785664619839e-4,9.442185692023486e-4,6.63694204656043e-4,1.6378377229716798e-6
zooc,CNRM-ESM2-1,historical,r2i1p1f2,1974,9.315170932628926e-4,9.488233481533825e-4,6.747151257519087e-4,1.6650347064409836e-6
zooc,CNRM-ESM2-1,historical,r2i1p1f2,1975,9.311938343809068e-4,9.50440502492711e-4,6.80509447186884e-4,1.679333698595276e-6
zooc,CNRM-ESM2-1,historical,r2i1p1f2,1976,9.315479572238284e-4,9.718387736938894e-4,6.719805465357179e-4,1.6582864224190481e-6
zooc,CNRM-ESM2-1,historical,r2i1p1f2,1977,9.313671653885768e-4,9.703173418529332e-4,6.764204597096256e-4,1.6692430606297336e-6
zooc,CNRM-ESM2-1,historical,r2i1p1f2,1978,9.522681028190538e-4,9.96377260889858e-4,6.767599429418281e-4,1.6700808236237706e-6
zooc,CNRM-ESM2-1,historical,r2i1p1f2,1979,9.453949668468678e-4,9.786462178453803e-4,6.786922468056174e-4,1.6748492849696072e-6
zooc,CNRM-ESM2-1,historical,r2i1p1f2,1980,9.313970848793896e-4,9.579212055541575e-4,6.732007166670696e-4,1.6612975089338186e-6
zooc,CNRM-ESM2-1,historical,r2i1p1f2,1981,9.464260196024266e-4,9.82083089184016e-4,6.742499248004275e-4,1.6638867023424799e-6
zooc,CNRM-ESM2-1,historical,r2i1p1f2,1982,9.301982577418187e-4,9.52338392380625e-4,6.792872427957939e-4,1.6763175920165745e-6
zooc,CNRM-ESM2-1,historical,r2i1p1f2,1983,9.377869971448549e-4,9.625268867239356e-4,6.786958998092038e-4,1.674858299704155e-6
zooc,CNRM-ESM2-1,historical,r2i1p1f2,1984,9.285962803204404e-4,9.416119719389826e-4,6.712654369324884e-4,1.656521703854366e-6
zooc,CNRM-ESM2-1,historical,r2i1p1f2,1985,9.202669875372901e-4,9.25771048059687e-4,6.784277501616035e-4,1.6741965708459545e-6
zooc,CNRM-ESM2-1,historical,r2i1p1f2,1986,9.193656824556368e-4,9.302770195063204e-4,6.712469953758223e-4,1.656476194526476e-6
zooc,CNRM-ESM2-1,historical,r2i1p1f2,1987,9.254500960857549e-4,9.445915056858212e-4,6.723624049352988e-4,1.659228757137778e-6
zooc,CNRM-ESM2-1,historical,r2i1p1f2,1988,9.293651809848284e-4,9.524167980998755e-4,6.830298945154741e-4,1.6855535566030272e-6
zooc,CNRM-ESM2-1,historical,r2i1p1f2,1989,9.30422394470903e-4,9.391584317199886e-4,6.696736556329745e-4,1.6525935703242322e-6
zooc,CNRM-ESM2-1,historical,r2i1p1f2,1990,9.470776324040089e-4,9.935246780514717e-4,6.80464396046191e-4,1.6792225232118353e-6
zooc,CNRM-ESM2-1,historical,r2i1p1f2,1991,9.345777032793495e-4,9.578714962117374e-4,6.763059593084989e-4,1.6689605011694506e-6
zooc,CNRM-ESM2-1,historical,r2i1p1f2,1992,9.310791039085097e-4,9.481761371716857e-4,6.615530019759924e-4,1.6325537495735208e-6
zooc,CNRM-ESM2-1,historical,r2i1p1f2,1993,9.107470902738035e-4,9.101592877414078e-4,6.721779694273069e-4,1.6587736146484729e-6
zooc,CNRM-ESM2-1,historical,r2i1p1f2,1994,9.198558916658278e-4,9.452691010665148e-4,6.776093215349557e-4,1.672176885772799e-6
zooc,CNRM-ESM2-1,historical,r2i1p1f2,1995,9.335984905876779e-4,9.510214149486274e-4,6.742374525603338e-4,1.6638559238526693e-6
zooc,CNRM-ESM2-1,historical,r2i1p1f2,1996,9.299774977739321e-4,9.63142461841926e-4,6.721801822878178e-4,1.6587790754561687e-6
zooc,CNRM-ESM2-1,historical,r2i1p1f2,1997,9.496359921314671e-4,9.93932131677866e-4,6.867758717571919e-4,1.6947977277783028e-6
zooc,CNRM-ESM2-1,historical,r2i1p1f2,1998,9.414818232003076e-4,9.725105774123222e-4,6.752253867967137e-4,1.666293908015868e-6
zooc,CNRM-ESM2-1,historical,r2i1p1f2,1999,9.3832488551424e-4,9.578630852047354e-4,6.645233111321542e-4,1.6398837584100016e-6
zooc,CNRM-ESM2-1,historical,r2i1p1f2,2000,9.405070584917317e-4,9.661378862801939e-4,6.616671927160693e-4,1.6328355448647857e-6
zooc,CNRM-ESM2-1,historical,r2i1p1f2,2001,9.354040916695123e-4,9.695251064840704e-4,6.72814641357827e-4,1.6603447678959286e-6
zooc,CNRM-ESM2-1,historical,r2i1p1f2,2002,9.48067619000491e-4,9.857063414528966e-4,6.752612646905794e-4,1.6663824460316918e-6
zooc,CNRM-ESM2-1,historical,r2i1p1f2,2003,9.395841792963557e-4,9.595577430445701e-4,6.73876774720514e-4,1.66296585766292e-6
zooc,CNRM-ESM2-1,historical,r2i1p1f2,2004,9.256361543261846e-4,9.635601309128106e-4,6.682324015715282e-4,1.6490369018259045e-6
zooc,CNRM-ESM2-1,historical,r2i1p1f2,2005,9.467621106800619e-4,9.857692057266831e-4,6.65433981464547e-4,1.6421310738349675e-6
zooc,CNRM-ESM2-1,historical,r2i1p1f2,2006,9.192452614663688e-4,9.313714399468154e-4,6.528385514838619e-4,1.6110485810021342e-6
zooc,CNRM-ESM2-1,historical,r2i1p1f2,2007,9.367816279111185e-4,9.585645166225731e-4,6.671683617861989e-4,1.6464111074661989e-6
zooc,CNRM-ESM2-1,historical,r2i1p1f2,2008,9.598643759990556e-4,9.968455997295678e-4,6.707710866844351e-4,1.6553017663003809e-6
zooc,CNRM-ESM2-1,historical,r2i1p1f2,2009,9.287150663587163e-4,9.553747659083456e-4,6.610466679720137e-4,1.6313042389912046e-6
zooc,CNRM-ESM2-1,historical,r2i1p1f2,2010,9.513049435135165e-4,9.731979516800493e-4,6.612030439201128e-4,1.631690137233144e-6
zooc,CNRM-ESM2-1,historical,r2i1p1f2,2011,9.268885206650616e-4,9.428173361811787e-4,6.693117358062395e-4,1.6517004392093912e-6
zooc,CNRM-ESM2-1,historical,r2i1p1f2,2012,9.263270091328051e-4,9.470601798966527e-4,6.711417841478452e-4,1.6562165585121007e-6
zooc,CNRM-ESM2-1,historical,r2i1p1f2,2013,9.392614498609741e-4,9.73323971265927e-4,6.837471944305239e-4,1.6873236803306584e-6
zooc,CNRM-ESM2-1,historical,r2i1p1f2,2014,9.438088036870167e-4,9.83621401246637e-4,6.758656134479125e-4,1.6678738334592863e-6
zooc,CNRM-ESM2-1,ssp119,r2i1p1f2,2015,9.328568411695433e-4,9.468898351769894e-4,6.741250307180409e-4,1.6635784937758333e-6
zooc,CNRM-ESM2-1,ssp119,r2i1p1f2,2016,9.316163510110837e-4,9.532764961477369e-4,6.744791014296951e-4,1.6644522551618428e-6
zooc,CNRM-ESM2-1,ssp119,r2i1p1f2,2017,9.278988230258805e-4,9.403739531990141e-4,6.764243562372081e-4,1.6692526763229528e-6
zooc,CNRM-ESM2-1,ssp119,r2i1p1f2,2018,9.399687856254373e-4,9.593258146196604e-4,6.575443632717883e-4,1.6226613930613641e-6
zooc,CNRM-ESM2-1,ssp119,r2i1p1f2,2019,9.313819204562481e-4,9.569725662004203e-4,6.707153142149867e-4,1.6551641332553354e-6
zooc,CNRM-ESM2-1,ssp119,r2i1p1f2,2020,9.219129009704898e-4,9.442331793252379e-4,6.593787198613196e-4,1.627188144084108e-6
zooc,CNRM-ESM2-1,ssp119,r2i1p1f2,2021,9.336819451516382e-4,9.591970010660589e-4,6.640420484670615e-4,1.6386961178640738e-6
zooc,CNRM-ESM2-1,ssp119,r2i1p1f2,2022,9.385927694702046e-4,9.730390447657555e-4,6.708354561147918e-4,1.6554606145779532e-6
zooc,CNRM-ESM2-1,ssp119,r2i1p1f2,2023,9.253022885997643e-4,9.386041783727705e-4,6.635305788811979e-4,1.6374339339004303e-6
zooc,CNRM-ESM2-1,ssp119,r2i1p1f2,2024,9.227155770572068e-4,9.319136443082243e-4,6.73922643501186e-4,1.663079050785241e-6
zooc,CNRM-ESM2-1,ssp119,r2i1p1f2,2025,9.269760874396494e-4,9.433320956304669e-4,6.732972990727091e-4,1.6615358510893203e-6
zooc,CNRM-ESM2-1,ssp119,r2i1p1f2,2026,9.292134624271031e-4,9.266379929613322e-4,6.571924818349885e-4,1.6217930342793208e-6
zooc,CNRM-ESM2-1,ssp119,r2i1p1f2,2027,9.099772862970926e-4,9.205566311720759e-4,6.606913395401134e-4,1.6304273738540254e-6
zooc,CNRM-ESM2-1,ssp119,r2i1p1f2,2028,9.308457642983763e-4,9.568048408254981e-4,6.620048883221864e-4,1.6336688964274486e-6
zooc,CNRM-ESM2-1,ssp119,r2i1p1f2,2029,9.298673367069583e-4,9.449186327401549e-4,6.669897986709518e-4,1.6459704566302698e-6
zooc,CNRM-ESM2-1,ssp119,r2i1p1f2,2030,9.371646727648853e-4,9.78934287559241e-4,6.667727005428577e-4,1.6454347106477306e-6
zooc,CNRM-ESM2-1,ssp119,r2i1p1f2,2031,9.402977502046831e-4,9.65866434853524e-4,6.602794489218521e-4,1.6294109268403347e-6
zooc,CNRM-ESM2-1,ssp119,r2i1p1f2,2032,9.231499083823722e-4,9.343283891212195e-4,6.619383263954153e-4,1.6335046375958742e-6
zooc,CNRM-ESM2-1,ssp119,r2i1p1f2,2033,9.318057211736753e-4,9.416555403731763e-4,6.673218888274283e-4,1.6467899752909558e-6
zooc,CNRM-ESM2-1,ssp119,r2i1p1f2,2034,9.121279201359021e-4,9.114368294831365e-4,6.671510427677012e-4,1.6463683682926137e-6
zooc,CNRM-ESM2-1,ssp119,r2i1p1f2,2035,9.12068162083426e-4,9.221241343766451e-4,6.729053442824869e-4,1.6605686009059952e-6
zooc,CNRM-ESM2-1,ssp119,r2i1p1f2,2036,9.315364510466533e-4,9.550062532071024e-4,6.758128333789727e-4,1.6677435849392237e-6
zooc,CNRM-ESM2-1,ssp119,r2i1p1f2,2037,9.279302033936891e-4,9.521250904072076e-4,6.722871673653404e-4,1.65904308890473e-6
zooc,CNRM-ESM2-1,ssp119,r2i1p1f2,2038,9.022799967659986e-4,9.074024856090546e-4,6.613705045536647e-4,1.6321033898136545e-6
zooc,CNRM-ESM2-1,ssp119,r2i1p1f2,2039,9.202655796768718e-4,9.32332914089784e-4,6.660170720450781e-4,1.6435700011933858e-6
zooc,CNRM-ESM2-1,ssp119,r2i1p1f2,2040,9.400419368902878e-4,9.61866433499381e-4,6.77195287644309e-4,1.6711551496781748e-6
zooc,CNRM-ESM2-1,ssp119,r2i1p1f2,2041,9.302464613599569e-4,9.429055207874626e-4,6.579113638414375e-4,1.623567062228138e-6
zooc,CNRM-ESM2-1,ssp119,r2i1p1f2,2042,9.209452704646288e-4,9.371449414175004e-4,6.711121121435002e-4,1.6561433351395121e-6
zooc,CNRM-ESM2-1,ssp119,r2i1p1f2,2043,9.069384375468924e-4,9.19037964195013e-4,6.712548278857358e-4,1.6564955232777473e-6
zooc,CNRM-ESM2-1,ssp119,r2i1p1f2,2044,9.072322791024753e-4,9.050732478499413e-4,6.625318835354311e-4,1.6349693939065923e-6
zooc,CNRM-ESM2-1,ssp119,r2i1p1f2,2045,9.270781445451464e-4,9.592026763129979e-4,6.751245937309764e-4,1.6660451749636277e-6
zooc,CNRM-ESM2-1,ssp119,r2i1p1f2,2046,9.165629985015802e-4,9.246118424925953e-4,6.626014445311694e-4,1.635141053719302e-6
zooc,CNRM-ESM2-1,ssp119,r2i1p1f2,2047,9.379340430218712e-4,9.67600179137662e-4,6.512423358570697e-4,1.6071095046184372e-6
zooc,CNRM-ESM2-1,ssp119,r2i1p1f2,2048,9.404364427654745e-4,9.544740605633706e-4,6.646541145229777e-4,1.6402065497290763e-6
zooc,CNRM-ESM2-1,ssp119,r2i1p1f2,2049,9.201373293466011e-4,9.358289535157382e-4,6.650868883759101e-4,1.6412745315449127e-6
zooc,CNRM-ESM2-1,ssp119,r2i1p1f2,2050,9.332435603100842e-4,9.31461516302079e-4,6.620035302482831e-4,1.6336655450275813e-6
zooc,CNRM-ESM2-1,ssp119,r2i1p1f2,2051,9.127973183281897e-4,9.223796951118857e-4,6.663843625057268e-4,1.6444763857414472e-6
zooc,CNRM-ESM2-1,ssp119,r2i1p1f2,2052,8.969879922706914e-4,8.90921539394185e-4,6.705527899047101e-4,1.6547630623338122e-6
zooc,CNRM-ESM2-1,ssp119,r2i1p1f2,2053,9.212188183493385e-4,9.250892617274076e-4,6.568849181034814e-4,1.6210340409384926e-6
zooc,CNRM-ESM2-1,ssp119,r2i1p1f2,2054,9.214363934067172e-4,9.354808717034757e-4,6.696351706417907e-4,1.65249859861906e-6
zooc,CNRM-ESM2-1,ssp119,r2i1p1f2,2055,9.375492383163326e-4,9.707628923933953e-4,6.607333122574133e-4,1.630530952428687e-6
zooc,CNRM-ESM2-1,ssp119,r2i1p1f2,2056,9.261566434987969e-4,9.733029000926763e-4,6.628167049721248e-4,1.635672264731824e-6
zooc,CNRM-ESM2-1,ssp119,r2i1p1f2,2057,9.390737377341097e-4,9.788928437046707e-4,6.688773819464208e-4,1.6506285583164458e-6
zooc,CNRM-ESM2-1,ssp119,r2i1p1f2,2058,9.135262641735013e-4,9.324375714641064e-4,6.616609728012226e-4,1.632820195610418e-6
zooc,CNRM-ESM2-1,ssp119,r2i1p1f2,2059,9.140565235181194e-4,9.359870164189488e-4,6.629866837469537e-4,1.6360917314795613e-6
zooc,CNRM-ESM2-1,ssp119,r2i1p1f2,2060,9.084520822374344e-4,9.313430346082896e-4,6.620862257858144e-4,1.633869617731456e-6
zooc,CNRM-ESM2-1,ssp119,r2i1p1f2,2061,9.36840447133529e-4,9.58607328357175e-4,6.702806844264373e-4,1.654091571436625e-6
zooc,CNRM-ESM2-1,ssp119,r2i1p1f2,2062,9.254965631993658e-4,9.385743760503829e-4,6.644213993027917e-4,1.6396322645181217e-6
zooc,CNRM-ESM2-1,ssp119,r2i1p1f2,2063,9.145132237592995e-4,9.194236481562257e-4,6.672295853508072e-4,1.6465621925034748e-6
zooc,CNRM-ESM2-1,ssp119,r2i1p1f2,2064,9.128624912133824e-4,9.229751885868609e-4,6.697572709779044e-4,1.6527999128916144e-6
zooc,CNRM-ESM2-1,ssp119,r2i1p1f2,2065,9.146731147192086e-4,9.27425833651796e-4,6.609395175981082e-4,1.6310398176309125e-6
zooc,CNRM-ESM2-1,ssp119,r2i1p1f2,2066,9.351511659766707e-4,9.635546593926847e-4,6.689253747040961e-4,1.6507469929033362e-6
zooc,CNRM-ESM2-1,ssp119,r2i1p1f2,2067,9.369633386460341e-4,9.716064378153533e-4,6.561973108155431e-4,1.6193371914754794e-6
zooc,CNRM-ESM2-1,ssp119,r2i1p1f2,2068,9.247887836045863e-4,9.602347854524851e-4,6.657663853154095e-4,1.6429513666179757e-6
zooc,CNRM-ESM2-1,ssp119,r2i1p1f2,2069,9.691815735701791e-4,9.768069721758366e-4,6.419811532256971e-4,1.5842551325799574e-6
zooc,CNRM-ESM2-1,ssp119,r2i1p1f2,2070,9.67215926632795e-4,9.911702363751829e-4,6.57339139132006e-4,1.6221549492270773e-6
zooc,CNRM-ESM2-1,ssp119,r2i1p1f2,2071,9.293521080247575e-4,9.402570431120694e-4,6.579823111327268e-4,1.6237421430849558e-6
zooc,CNRM-ESM2-1,ssp119,r2i1p1f2,2072,9.45563522245629e-4,9.828147012740374e-4,6.60960380865686e-4,1.6310913031590726e-6
zooc,CNRM-ESM2-1,ssp119,r2i1p1f2,2073,9.576647717798536e-4,9.962636977434158e-4,6.635815113418225e-4,1.6375596229673975e-6
zooc,CNRM-ESM2-1,ssp119,r2i1p1f2,2074,9.36784096075408e-4,9.761165711097419e-4,6.610142095105519e-4,1.6312241393124086e-6
zooc,CNRM-ESM2-1,ssp119,r2i1p1f2,2075,9.288353965314861e-4,9.548354428261518e-4,6.635977048150601e-4,1.637599584565899e-6
zooc,CNRM-ESM2-1,ssp119,r2i1p1f2,2076,9.531808111958186e-4,9.841779829002917e-4,6.682581513777208e-4,1.6491004461564795e-6
zooc,CNRM-ESM2-1,ssp119,r2i1p1f2,2077,9.451999919219548e-4,9.78190335445106e-4,6.588189810000929e-4,1.6258068431544045e-6
zooc,CNRM-ESM2-1,ssp119,r2i1p1f2,2078,9.315220159919822e-4,9.611530986148864e-4,6.576250718877595e-4,1.6228605625205505e-6
zooc,CNRM-ESM2-1,ssp119,r2i1p1f2,2079,9.567661430112191e-4,9.807751048356295e-4,6.711087951351433e-4,1.6561351495604061e-6
zooc,CNRM-ESM2-1,ssp119,r2i1p1f2,2080,9.346471759781593e-4,9.70265653450042e-4,6.623877483400611e-4,1.6346137028993052e-6
zooc,CNRM-ESM2-1,ssp119,r2i1p1f2,2081,9.339952857861256e-4,9.549237147439271e-4,6.688580161531862e-4,1.6505807681949224e-6
zooc,CNRM-ESM2-1,ssp119,r2i1p1f2,2082,9.404370415417497e-4,9.617978357709944e-4,6.51942534224388e-4,1.6088374258380469e-6
zooc,CNRM-ESM2-1,ssp119,r2i1p1f2,2083,9.669941701426922e-4,0.0010112095042131841,6.667014406596662e-4,1.6452588583892555e-6
zooc,CNRM-ESM2-1,ssp119,r2i1p1f2,2084,9.373375368277314e-4,9.677987545728683e-4,6.667139314651247e-4,1.6452896826939228e-6
zooc,CNRM-ESM2-1,ssp119,r2i1p1f2,2085,9.575734781129738e-4,9.97760216705501e-4,6.593267373234579e-4,1.6270598636789933e-6
zooc,CNRM-ESM2-1,ssp119,r2i1p1f2,2086,9.383752552603234e-4,9.467896306887269e-4,6.709864445196634e-4,1.6558332176585514e-6
zooc,CNRM-ESM2-1,ssp119,r2i1p1f2,2087,9.485808845518388e-4,9.841190767474473e-4,6.772703909358093e-4,1.6713404865442732e-6
zooc,CNRM-ESM2-1,ssp119,r2i1p1f2,2088,9.391960032430432e-4,9.777434752322733e-4,6.665026964856683e-4,1.6447684055525257e-6
zooc,CNRM-ESM2-1,ssp119,r2i1p1f2,2089,9.624330247936734e-4,0.0010040940833278,6.533529528070196e-4,1.6123179997885328e-6
zooc,CNRM-ESM2-1,ssp119,r2i1p1f2,2090,9.494613671520904e-4,9.944078628905118e-4,6.643710958831831e-4,1.6395081277731398e-6
zooc,CNRM-ESM2-1,ssp119,r2i1p1f2,2091,9.374052630162397e-4,9.772610501386225e-4,6.755458870398015e-4,1.6670848255569106e-6
zooc,CNRM-ESM2-1,ssp119,r2i1p1f2,2092,9.381241138132348e-4,9.717434295453131e-4,6.592121092505513e-4,1.6267769891554535e-6
zooc,CNRM-ESM2-1,ssp119,r2i1p1f2,2093,9.28146470713687e-4,9.525260829832405e-4,6.68612935225701e-4,1.6499759673914798e-6
zooc,CNRM-ESM2-1,ssp119,r2i1p1f2,2094,9.532553034454365e-4,9.922176250256598e-4,6.771543776470523e-4,1.6710541936410669e-6
zooc,CNRM-ESM2-1,ssp119,r2i1p1f2,2095,9.431070284131441e-4,9.679890645202249e-4,6.655749434368764e-4,1.6424789340907388e-6
zooc,CNRM-ESM2-1,ssp119,r2i1p1f2,2096,9.280899323611136e-4,9.564995125401765e-4,6.685971314783079e-4,1.649936967542659e-6
zooc,CNRM-ESM2-1,ssp119,r2i1p1f2,2097,9.346683358100572e-4,9.699991787783802e-4,6.627384376457585e-4,1.6354791197884153e-6
zooc,CNRM-ESM2-1,ssp119,r2i1p1f2,2098,9.551234065634992e-4,9.890187066048384e-4,6.653992658004021e-4,1.642045403922656e-6
zooc,CNRM-ESM2-1,ssp119,r2i1p1f2,2099,9.58987869518408e-4,9.976393193937838e-4,6.789868672504032e-4,1.6755763373908031e-6
zooc,CNRM-ESM2-1,ssp119,r2i1p1f2,2100,9.388540976607396e-4,9.691885206848383e-4,6.579363134841015e-4,1.6236286319475105e-6
zooc,CNRM-ESM2-1,ssp126,r2i1p1f2,2015,9.355225161916483e-4,9.556178702041507e-4,6.746045574328805e-4,1.6647618504139167e-6
zooc,CNRM-ESM2-1,ssp126,r2i1p1f2,2016,9.25476873442107e-4,9.472260717302561e-4,6.718463985407244e-4,1.6579553774210356e-6
zooc,CNRM-ESM2-1,ssp126,r2i1p1f2,2017,9.182982778476353e-4,9.373366774525493e-4,6.750680692222158e-4,1.6659056860663747e-6
zooc,CNRM-ESM2-1,ssp126,r2i1p1f2,2018,9.419250523021264e-4,9.547721419949085e-4,6.826034036170081e-4,1.6845010796081833e-6
zooc,CNRM-ESM2-1,ssp126,r2i1p1f2,2019,9.272346538142075e-4,9.530466923024505e-4,6.797246307504513e-4,1.6773969603260846e-6
zooc,CNRM-ESM2-1,ssp126,r2i1p1f2,2020,9.545878495480304e-4,9.826882742345333e-4,6.724176806799558e-4,1.6593651643854673e-6
zooc,CNRM-ESM2-1,ssp126,r2i1p1f2,2021,9.369280336402541e-4,9.779148967936635e-4,6.788232682306587e-4,1.6751726143447088e-6
zooc,CNRM-ESM2-1,ssp126,r2i1p1f2,2022,9.414629566310367e-4,9.53828392084688e-4,6.75771937381797e-4,1.6676426634509493e-6
zooc,CNRM-ESM2-1,ssp126,r2i1p1f2,2023,9.29873783296371e-4,9.526551875751466e-4,6.705766796774815e-4,1.6548220165491175e-6
zooc,CNRM-ESM2-1,ssp126,r2i1p1f2,2024,8.978855433704985e-4,8.833619358483702e-4,6.654588807278851e-4,1.6421925192302765e-6
zooc,CNRM-ESM2-1,ssp126,r2i1p1f2,2025,9.220573519810503e-4,9.24801715882495e-4,6.723100685847845e-4,1.6590996036081047e-6
zooc,CNRM-ESM2-1,ssp126,r2i1p1f2,2026,9.269213876233161e-4,9.469057840760797e-4,6.771510710368415e-4,1.6710460337220854e-6
zooc,CNRM-ESM2-1,ssp126,r2i1p1f2,2027,9.348201416476806e-4,9.531427058391273e-4,6.780669531539795e-4,1.6733062105787164e-6
zooc,CNRM-ESM2-1,ssp126,r2i1p1f2,2028,9.307553388175774e-4,9.413356601726264e-4,6.691698243514907e-4,1.6513502358592958e-6
zooc,CNRM-ESM2-1,ssp126,r2i1p1f2,2029,9.222292265266164e-4,9.383418946526945e-4,6.632248055507161e-4,1.6366793588388606e-6
zooc,CNRM-ESM2-1,ssp126,r2i1p1f2,2030,9.319485504342309e-4,9.476417035330087e-4,6.803563194676374e-4,1.6789558162011622e-6
zooc,CNRM-ESM2-1,ssp126,r2i1p1f2,2031,9.318890066950332e-4,9.426163451280445e-4,6.712438950883755e-4,1.6564685437624695e-6
zooc,CNRM-ESM2-1,ssp126,r2i1p1f2,2032,9.3025573894613e-4,9.425808675587177e-4,6.778843370635081e-4,1.6728555579744036e-6
zooc,CNRM-ESM2-1,ssp126,r2i1p1f2,2033,9.347980233130385e-4,9.596406016498804e-4,6.753914462623031e-4,1.6667037028507344e-6
zooc,CNRM-ESM2-1,ssp126,r2i1p1f2,2034,9.236271541219088e-4,9.370053594466299e-4,6.692105194246897e-4,1.6514506615155045e-6
zooc,CNRM-ESM2-1,ssp126,r2i1p1f2,2035,9.231746767699321e-4,9.261151135433465e-4,6.669447964526973e-4,1.645859401975645e-6
zooc,CNRM-ESM2-1,ssp126,r2i1p1f2,2036,9.250989258960308e-4,9.307855216320604e-4,6.620479876933747e-4,1.6337752553130217e-6
zooc,CNRM-ESM2-1,ssp126,r2i1p1f2,2037,9.296330837332992e-4,9.476436243858188e-4,6.582610954798481e-4,1.6244301158246394e-6
zooc,CNRM-ESM2-1,ssp126,r2i1p1f2,2038,9.407454132600517e-4,9.463136084377766e-4,6.683964570494301e-4,1.6494417513009832e-6
zooc,CNRM-ESM2-1,ssp126,r2i1p1f2,2039,9.228417984854494e-4,9.328217420261353e-4,6.630404600144167e-4,1.6362244383780603e-6
zooc,CNRM-ESM2-1,ssp126,r2i1p1f2,2040,9.325404277518536e-4,9.521312022116035e-4,6.640409850958721e-4,1.6386934937196482e-6
zooc,CNRM-ESM2-1,ssp126,r2i1p1f2,2041,9.543665137726544e-4,9.735232742968947e-4,6.680490401057596e-4,1.648584409814571e-6
zooc,CNRM-ESM2-1,ssp126,r2i1p1f2,2042,9.343789722085188e-4,9.536680299788713e-4,6.581346955360529e-4,1.6241181911540955e-6
zooc,CNRM-ESM2-1,ssp126,r2i1p1f2,2043,9.305129794756743e-4,9.358601237181574e-4,6.642242952052571e-4,1.6391458589957747e-6
zooc,CNRM-ESM2-1,ssp126,r2i1p1f2,2044,9.38050325944631e-4,9.51663387240842e-4,6.674565718579849e-4,1.6471223406280978e-6
zooc,CNRM-ESM2-1,ssp126,r2i1p1f2,2045,9.236830194675163e-4,9.454290557187051e-4,6.55865293493624e-4,1.6185178525529692e-6
zooc,CNRM-ESM2-1,ssp126,r2i1p1f2,2046,9.439020449418619e-4,9.713881299830973e-4,6.616533875858793e-4,1.6328014771226883e-6
zooc,CNRM-ESM2-1,ssp126,r2i1p1f2,2047,9.474923159348645e-4,9.72516747424379e-4,6.622770137434135e-4,1.6343404365390519e-6
zooc,CNRM-ESM2-1,ssp126,r2i1p1f2,2048,9.19419546502762e-4,9.309078741353005e-4,6.561982142565669e-4,1.6193394209507089e-6
zooc,CNRM-ESM2-1,ssp126,r2i1p1f2,2049,9.277387546467535e-4,9.528669179417193e-4,6.579358653128067e-4,1.62362752596851e-6
zooc,CNRM-ESM2-1,ssp126,r2i1p1f2,2050,9.376454352838414e-4,9.406801837030798e-4,6.58412800085007e-4,1.6248044863153483e-6
zooc,CNRM-ESM2-1,ssp126,r2i1p1f2,2051,9.196117068340366e-4,9.375739318784326e-4,6.600518606004434e-4,1.6288492935828857e-6
zooc,CNRM-ESM2-1,ssp126,r2i1p1f2,2052,9.334456548720238e-4,9.484191832598299e-4,6.705441797907428e-4,1.654741814642698e-6
zooc,CNRM-ESM2-1,ssp126,r2i1p1f2,2053,9.358174421008294e-4,9.413053921889514e-4,6.69518196572091e-4,1.6522099347394908e-6
zooc,CNRM-ESM2-1,ssp126,r2i1p1f2,2054,9.350484077727073e-4,9.385154990013689e-4,6.705423026331607e-4,1.6547371822691166e-6
zooc,CNRM-ESM2-1,ssp126,r2i1p1f2,2055,9.449173619678545e-4,9.74073976976797e-4,6.682684953767877e-4,1.6491259726591358e-6
zooc,CNRM-ESM2-1,ssp126,r2i1p1f2,2056,9.613738480378004e-4,9.915626142174006e-4,6.554716785150137e-4,1.6175465054238667e-6
zooc,CNRM-ESM2-1,ssp126,r2i1p1f2,2057,9.339394802140632e-4,9.467597701586783e-4,6.563094612646822e-4,1.6196139518192636e-6
zooc,CNRM-ESM2-1,ssp126,r2i1p1f2,2058,9.302282095786721e-4,9.621446370147169e-4,6.554406344722661e-4,1.6174698961903842e-6
zooc,CNRM-ESM2-1,ssp126,r2i1p1f2,2059,9.406128103206211e-4,9.692750463727862e-4,6.659933029585453e-4,1.6435113448027004e-6
zooc,CNRM-ESM2-1,ssp126,r2i1p1f2,2060,9.188686599290722e-4,9.445779724046588e-4,6.652872533529723e-4,1.64176898413391e-6
zooc,CNRM-ESM2-1,ssp126,r2i1p1f2,2061,9.213969818678631e-4,9.67461324762553e-4,6.719668194208306e-4,1.6582525471999605e-6
zooc,CNRM-ESM2-1,ssp126,r2i1p1f2,2062,9.45214186939286e-4,9.672425512690097e-4,6.7190099848974e-4,1.6580901169675657e-6
zooc,CNRM-ESM2-1,ssp126,r2i1p1f2,2063,9.334298774440015e-4,9.48213622905314e-4,6.69772347427589e-4,1.652837117944557e-6
zooc,CNRM-ESM2-1,ssp126,r2i1p1f2,2064,9.453964263023624e-4,9.531296091154218e-4,6.530960675336266e-4,1.6116840686975464e-6
zooc,CNRM-ESM2-1,ssp126,r2i1p1f2,2065,9.278624254011668e-4,9.463170426897705e-4,6.555132703722062e-4,1.6176491441273545e-6
zooc,CNRM-ESM2-1,ssp126,r2i1p1f2,2066,9.327425181182143e-4,9.323260164819658e-4,6.511406089070631e-4,1.6068584669643569e-6
zooc,CNRM-ESM2-1,ssp126,r2i1p1f2,2067,9.363809600295619e-4,9.526592621114105e-4,6.552660571492797e-4,1.6170390813314376e-6
zooc,CNRM-ESM2-1,ssp126,r2i1p1f2,2068,9.203777121616123e-4,9.28430468775332e-4,6.606291142486136e-4,1.6302738167956297e-6
zooc,CNRM-ESM2-1,ssp126,r2i1p1f2,2069,9.441617851937356e-4,9.863293380476534e-4,6.643419551870223e-4,1.6394362155414056e-6
zooc,CNRM-ESM2-1,ssp126,r2i1p1f2,2070,9.6963421638124e-4,9.900796576403081e-4,6.355923491995719e-4,1.5684891003240572e-6
zooc,CNRM-ESM2-1,ssp126,r2i1p1f2,2071,9.414418706003199e-4,9.570092370267957e-4,6.567711099427323e-4,1.6207531897610239e-6
zooc,CNRM-ESM2-1,ssp126,r2i1p1f2,2072,9.367987143227396e-4,9.51627385802567e-4,6.59933346083231e-4,1.6285568282492298e-6
zooc,CNRM-ESM2-1,ssp126,r2i1p1f2,2073,9.380744197755288e-4,9.550802642479539e-4,6.654335434832627e-4,1.6421299930024631e-6
zooc,CNRM-ESM2-1,ssp126,r2i1p1f2,2074,9.293566130993668e-4,9.366805024910718e-4,6.571676271211859e-4,1.6217316988215543e-6
zooc,CNRM-ESM2-1,ssp126,r2i1p1f2,2075,9.58048836196107e-4,9.847411420196295e-4,6.690655205790031e-4,1.651092839226886e-6
zooc,CNRM-ESM2-1,ssp126,r2i1p1f2,2076,9.437343949002596e-4,9.637416223995388e-4,6.611306865903721e-4,1.631511576740448e-6
zooc,CNRM-ESM2-1,ssp126,r2i1p1f2,2077,9.284869460013974e-4,9.45788313401863e-4,6.71242257050391e-4,1.6564645014785626e-6
zooc,CNRM-ESM2-1,ssp126,r2i1p1f2,2078,9.228560998831771e-4,9.487295465078205e-4,6.725121534951473e-4,1.659598300578959e-6
zooc,CNRM-ESM2-1,ssp126,r2i1p1f2,2079,9.436729670878855e-4,9.804071160033345e-4,6.608102438159306e-4,1.630720801018207e-6
zooc,CNRM-ESM2-1,ssp126,r2i1p1f2,2080,9.482238035089069e-4,9.795338264666498e-4,6.571558582942601e-4,1.6217026561863182e-6
zooc,CNRM-ESM2-1,ssp126,r2i1p1f2,2081,9.472864105649849e-4,9.7691296832636e-4,6.499083265945765e-4,1.6038174904987158e-6
zooc,CNRM-ESM2-1,ssp126,r2i1p1f2,2082,9.481490620502161e-4,9.741561952978373e-4,6.591643758384471e-4,1.6266591945710775e-6
zooc,CNRM-ESM2-1,ssp126,r2i1p1f2,2083,9.501279923714779e-4,9.861330618150532e-4,6.639995736452273e-4,1.6385913002161442e-6
zooc,CNRM-ESM2-1,ssp126,r2i1p1f2,2084,9.433767059919361e-4,9.756553045008332e-4,6.640616461069185e-4,1.6387444801273176e-6
zooc,CNRM-ESM2-1,ssp126,r2i1p1f2,2085,9.258810296965027e-4,9.482069872319698e-4,6.630807983754988e-4,1.6363239837545297e-6
zooc,CNRM-ESM2-1,ssp126,r2i1p1f2,2086,9.333818940599603e-4,9.479287546128035e-4,6.625542240840172e-4,1.6350245250090935e-6
zooc,CNRM-ESM2-1,ssp126,r2i1p1f2,2087,9.546394695684608e-4,9.634590242058039e-4,6.515689247608051e-4,1.6079154475100419e-6
zooc,CNRM-ESM2-1,ssp126,r2i1p1f2,2088,9.4554016450284e-4,9.690520528238267e-4,6.685901889690258e-4,1.6499198350989607e-6
zooc,CNRM-ESM2-1,ssp126,r2i1p1f2,2089,9.353174114588345e-4,9.527993097435683e-4,6.726425216123011e-4,1.6599200177472714e-6
zooc,CNRM-ESM2-1,ssp126,r2i1p1f2,2090,9.416300297928849e-4,9.672718879301101e-4,6.58004541982963e-4,1.6237970034783043e-6
zooc,CNRM-ESM2-1,ssp126,r2i1p1f2,2091,9.610002266581158e-4,9.969979873858392e-4,6.634175666586697e-4,1.6371550469071204e-6
zooc,CNRM-ESM2-1,ssp126,r2i1p1f2,2092,9.682043482429381e-4,0.0010097151971422136,6.484494445939426e-4,1.6002173204848146e-6
zooc,CNRM-ESM2-1,ssp126,r2i1p1f2,2093,9.605062980520013e-4,9.94131958577782e-4,6.481164636472362e-4,1.5993956035680168e-6
zooc,CNRM-ESM2-1,ssp126,r2i1p1f2,2094,9.581613407106491e-4,9.84009588137269e-4,6.513607178202979e-4,1.6074016428407305e-6
zooc,CNRM-ESM2-1,ssp126,r2i1p1f2,2095,9.741287096569996e-4,9.88961081020534e-4,6.4995510440277e-4,1.6039329268823993e-6
zooc,CNRM-ESM2-1,ssp126,r2i1p1f2,2096,9.753387932029543e-4,0.0010061278590001166,6.465337589369134e-4,1.5954898688776937e-6
zooc,CNRM-ESM2-1,ssp126,r2i1p1f2,2097,9.331568908617755e-4,9.523230546619743e-4,6.616712720467832e-4,1.632845611672181e-6
zooc,CNRM-ESM2-1,ssp126,r2i1p1f2,2098,9.505295298983523e-4,9.902254678308964e-4,6.661022078274626e-4,1.6437800958348426e-6
zooc,CNRM-ESM2-1,ssp126,r2i1p1f2,2099,9.650113684053248e-4,9.95338603388518e-4,6.566781593086349e-4,1.6205238099444894e-6
zooc,CNRM-ESM2-1,ssp126,r2i1p1f2,2100,9.459228011620699e-4,9.971313993446529e-4,6.64350779719936e-4,1.6394579923669262e-6
zooc,CNRM-ESM2-1,ssp245,r2i1p1f2,2015,9.242861485724042e-4,9.334178757853806e-4,6.687977627286381e-4,1.6504320772300612e-6
zooc,CNRM-ESM2-1,ssp245,r2i1p1f2,2016,9.244260453926958e-4,9.418539411853999e-4,6.776210734108601e-4,1.6722058865769898e-6
zooc,CNRM-ESM2-1,ssp245,r2i1p1f2,2017,9.39835018881618e-4,9.574396826792508e-4,6.729062230108107e-4,1.660570769396223e-6
zooc,CNRM-ESM2-1,ssp245,r2i1p1f2,2018,9.318141989275317e-4,9.328877495136112e-4,6.662424732596236e-4,1.6441262371969496e-6
zooc,CNRM-ESM2-1,ssp245,r2i1p1f2,2019,9.3224454547852e-4,9.545684442855418e-4,6.74952748780981e-4,1.6656211029442697e-6
zooc,CNRM-ESM2-1,ssp245,r2i1p1f2,2020,9.284130925666318e-4,9.369735198561102e-4,6.703755457877069e-4,1.6543256664684178e-6
zooc,CNRM-ESM2-1,ssp245,r2i1p1f2,2021,9.320478915315635e-4,9.646507678553462e-4,6.769305309535291e-4,1.6705017938216277e-6
zooc,CNRM-ESM2-1,ssp245,r2i1p1f2,2022,9.401365482218635e-4,9.715022169984877e-4,6.700316811991752e-4,1.653477091340384e-6
zooc,CNRM-ESM2-1,ssp245,r2i1p1f2,2023,9.257401644146428e-4,9.454535320401192e-4,6.785316539905477e-4,1.674452980513859e-6
zooc,CNRM-ESM2-1,ssp245,r2i1p1f2,2024,9.201534881720269e-4,9.347807208541781e-4,6.527345620631644e-4,1.6107919601143617e-6
zooc,CNRM-ESM2-1,ssp245,r2i1p1f2,2025,9.344213461251654e-4,9.486226190347224e-4,6.704464959606973e-4,1.6545007544365813e-6
zooc,CNRM-ESM2-1,ssp245,r2i1p1f2,2026,9.514361213059163e-4,9.746245923452079e-4,6.70685088415148e-4,1.6550895432486191e-6
zooc,CNRM-ESM2-1,ssp245,r2i1p1f2,2027,9.14337498435935e-4,9.128497040364891e-4,6.648477106811602e-4,1.6406842985005277e-6
zooc,CNRM-ESM2-1,ssp245,r2i1p1f2,2028,9.290102408998626e-4,9.386540041305125e-4,6.726608204361041e-4,1.6599651748447725e-6
zooc,CNRM-ESM2-1,ssp245,r2i1p1f2,2029,9.400619859626874e-4,9.670299186836928e-4,6.715423638253696e-4,1.6572050928435784e-6
zooc,CNRM-ESM2-1,ssp245,r2i1p1f2,2030,9.35727922329883e-4,9.683094685897231e-4,6.634971401111908e-4,1.637351415055843e-6
zooc,CNRM-ESM2-1,ssp245,r2i1p1f2,2031,9.272443390074976e-4,9.493193356320262e-4,6.552061627127003e-4,1.6168912762625703e-6
zooc,CNRM-ESM2-1,ssp245,r2i1p1f2,2032,9.326507488220076e-4,9.536703873891383e-4,6.656072340972604e-4,1.6425586196768199e-6
zooc,CNRM-ESM2-1,ssp245,r2i1p1f2,2033,9.06428060260147e-4,9.240945801138878e-4,6.59751268283143e-4,1.62810750401616e-6
zooc,CNRM-ESM2-1,ssp245,r2i1p1f2,2034,9.141998002218742e-4,9.377278620377183e-4,6.670576454020229e-4,1.6461378860499468e-6
zooc,CNRM-ESM2-1,ssp245,r2i1p1f2,2035,9.311592645347313e-4,9.447600168641657e-4,6.788555321156614e-4,1.6752522338555866e-6
zooc,CNRM-ESM2-1,ssp245,r2i1p1f2,2036,9.16837077035953e-4,9.176654275506735e-4,6.660453749948574e-4,1.6436398460684726e-6
zooc,CNRM-ESM2-1,ssp245,r2i1p1f2,2037,9.209732681241914e-4,9.47078166063875e-4,6.683748948681202e-4,1.6493885410217745e-6
zooc,CNRM-ESM2-1,ssp245,r2i1p1f2,2038,9.163305366792552e-4,9.200549684464931e-4,6.581592662780495e-4,1.6241788258377209e-6
zooc,CNRM-ESM2-1,ssp245,r2i1p1f2,2039,9.192961668727797e-4,9.261687519028783e-4,6.626135746994771e-4,1.6351709880581901e-6
zooc,CNRM-ESM2-1,ssp245,r2i1p1f2,2040,9.214841046675419e-4,9.392011852469295e-4,6.598553719484664e-4,1.6283644068322012e-6
zooc,CNRM-ESM2-1,ssp245,r2i1p1f2,2041,9.264890000465798e-4,9.400106209795922e-4,6.570335267724238e-4,1.621400771402985e-6
zooc,CNRM-ESM2-1,ssp245,r2i1p1f2,2042,9.35152710999123e-4,9.594373404979706e-4,6.679318948809515e-4,1.6482953235653454e-6
zooc,CNRM-ESM2-1,ssp245,r2i1p1f2,2043,9.116130301567958e-4,9.207563998643309e-4,6.679318731836658e-4,1.648295270021661e-6
zooc,CNRM-ESM2-1,ssp245,r2i1p1f2,2044,9.192597707566147e-4,9.320982208009809e-4,6.800200971523166e-4,1.6781261003659569e-6
zooc,CNRM-ESM2-1,ssp245,r2i1p1f2,2045,9.314799369063134e-4,9.440063149668276e-4,6.616950538201108e-4,1.6329042993708258e-6
zooc,CNRM-ESM2-1,ssp245,r2i1p1f2,2046,9.315701020983072e-4,9.358519746456295e-4,6.735597369353985e-4,1.6621834846356632e-6
zooc,CNRM-ESM2-1,ssp245,r2i1p1f2,2047,9.220480616436541e-4,9.226503025274724e-4,6.613880437950163e-4,1.6321466724442943e-6
zooc,CNRM-ESM2-1,ssp245,r2i1p1f2,2048,9.310273762031253e-4,9.597175812814385e-4,6.598925288409706e-4,1.628456101109151e-6
zooc,CNRM-ESM2-1,ssp245,r2i1p1f2,2049,9.352209850985513e-4,9.604181395843625e-4,6.691376614301713e-4,1.6512708655025136e-6
zooc,CNRM-ESM2-1,ssp245,r2i1p1f2,2050,9.328127784081966e-4,9.451678779441863e-4,6.732723278253017e-4,1.6614742280546355e-6
zooc,CNRM-ESM2-1,ssp245,r2i1p1f2,2051,9.133903286047858e-4,9.197990293614566e-4,6.640111541542413e-4,1.638619878128052e-6
zooc,CNRM-ESM2-1,ssp245,r2i1p1f2,2052,9.329500618719457e-4,9.543067135382444e-4,6.684645389391568e-4,1.6496097610356823e-6
zooc,CNRM-ESM2-1,ssp245,r2i1p1f2,2053,9.616188552419034e-4,0.0010068294941447675,6.760850092507745e-4,1.6684152495507153e-6
zooc,CNRM-ESM2-1,ssp245,r2i1p1f2,2054,9.516071127901407e-4,9.68481443123892e-4,6.704310194838493e-4,1.6544625622127793e-6
zooc,CNRM-ESM2-1,ssp245,r2i1p1f2,2055,9.220694343277647e-4,9.326191211584955e-4,6.652849238277875e-4,1.6417632354258492e-6
zooc,CNRM-ESM2-1,ssp245,r2i1p1f2,2056,9.352990510050454e-4,9.59124619839713e-4,6.657913390349364e-4,1.6430129463980654e-6
zooc,CNRM-ESM2-1,ssp245,r2i1p1f2,2057,9.497501786227084e-4,9.633384761400521e-4,6.600600995060541e-4,1.6288696252210265e-6
zooc,CNRM-ESM2-1,ssp245,r2i1p1f2,2058,9.219872607044392e-4,9.330432221759111e-4,6.700654336099408e-4,1.6535603841749534e-6
zooc,CNRM-ESM2-1,ssp245,r2i1p1f2,2059,9.178072907035076e-4,9.375209338031709e-4,6.677390915524251e-4,1.647819531306863e-6
zooc,CNRM-ESM2-1,ssp245,r2i1p1f2,2060,9.227045087600779e-4,9.400011622346938e-4,6.578779470634331e-4,1.6234845976545258e-6
zooc,CNRM-ESM2-1,ssp245,r2i1p1f2,2061,9.251044646627968e-4,9.424493764527142e-4,6.535773293463791e-4,1.6128717071401033e-6
zooc,CNRM-ESM2-1,ssp245,r2i1p1f2,2062,9.300753743999239e-4,9.375344670843333e-4,6.560264477091979e-4,1.6189155424101824e-6
zooc,CNRM-ESM2-1,ssp245,r2i1p1f2,2063,9.333878172900044e-4,9.552849223837256e-4,6.637246307003631e-4,1.6379128071336307e-6
zooc,CNRM-ESM2-1,ssp245,r2i1p1f2,2064,9.242277430371311e-4,9.556014847476035e-4,6.621111913494794e-4,1.633931226740031e-6
zooc,CNRM-ESM2-1,ssp245,r2i1p1f2,2065,9.177685032881719e-4,9.2259407392703e-4,6.647368827523736e-4,1.6404108018189954e-6
zooc,CNRM-ESM2-1,ssp245,r2i1p1f2,2066,9.175867568173244e-4,9.366680169478059e-4,6.578166828981224e-4,1.6233334124244781e-6
zooc,CNRM-ESM2-1,ssp245,r2i1p1f2,2067,9.264467673045583e-4,9.402945288456976e-4,6.48569578108903e-4,1.6005137811156518e-6
zooc,CNRM-ESM2-1,ssp245,r2i1p1f2,2068,9.327173880616851e-4,9.254075994249433e-4,6.480228575812618e-4,1.5991646063031978e-6
zooc,CNRM-ESM2-1,ssp245,r2i1p1f2,2069,9.488328154936895e-4,9.532364492770284e-4,6.42711648421682e-4,1.5860578190883529e-6
zooc,CNRM-ESM2-1,ssp245,r2i1p1f2,2070,9.454589644936097e-4,9.626556711737067e-4,6.514276360770609e-4,1.6075667810090511e-6
zooc,CNRM-ESM2-1,ssp245,r2i1p1f2,2071,9.455502486259542e-4,9.341143595520407e-4,6.378148695095132e-4,1.5739737460813289e-6
zooc,CNRM-ESM2-1,ssp245,r2i1p1f2,2072,9.396929550392505e-4,9.502966131549329e-4,6.525937343360606e-4,1.6104444311435301e-6
zooc,CNRM-ESM2-1,ssp245,r2i1p1f2,2073,9.512788910426216e-4,9.606645908206701e-4,6.324333510756413e-4,1.5606934524822145e-6
zooc,CNRM-ESM2-1,ssp245,r2i1p1f2,2074,9.194711663007456e-4,9.408728219568729e-4,6.478738423814987e-4,1.5987968726183833e-6
zooc,CNRM-ESM2-1,ssp245,r2i1p1f2,2075,9.226569306384079e-4,9.399521804880351e-4,6.588883878973071e-4,1.625978122689007e-6
zooc,CNRM-ESM2-1,ssp245,r2i1p1f2,2076,9.286243632502795e-4,9.556659788358957e-4,6.484996194362395e-4,1.6003411399319056e-6
zooc,CNRM-ESM2-1,ssp245,r2i1p1f2,2077,9.655912895472098e-4,0.0010132051538676023,6.542628748535221e-4,1.614563468623834e-6
zooc,CNRM-ESM2-1,ssp245,r2i1p1f2,2078,9.665508545912038e-4,9.948890656232834e-4,6.421599240006436e-4,1.5846962958700964e-6
zooc,CNRM-ESM2-1,ssp245,r2i1p1f2,2079,9.573171911670693e-4,9.630520944483578e-4,6.307395027604108e-4,1.5565134420975914e-6
zooc,CNRM-ESM2-1,ssp245,r2i1p1f2,2080,9.5805478757009e-4,9.887017076835036e-4,6.386084706243512e-4,1.5759321628246959e-6
zooc,CNRM-ESM2-1,ssp245,r2i1p1f2,2081,9.617481537438443e-4,9.768474265001714e-4,6.358092212285559e-4,1.5690242883483543e-6
zooc,CNRM-ESM2-1,ssp245,r2i1p1f2,2082,9.457542780024221e-4,9.79173113591969e-4,6.32821525119634e-4,1.5616513726928622e-6
zooc,CNRM-ESM2-1,ssp245,r2i1p1f2,2083,9.587529355666436e-4,9.910057415254414e-4,6.439486902633563e-4,1.5891105409276803e-6
zooc,CNRM-ESM2-1,ssp245,r2i1p1f2,2084,9.443733201893363e-4,9.692061576060951e-4,6.4090874360713e-4,1.5816086834842069e-6
zooc,CNRM-ESM2-1,ssp245,r2i1p1f2,2085,9.482388067133106e-4,9.678246860858053e-4,6.496731801423008e-4,1.6032372055915127e-6
zooc,CNRM-ESM2-1,ssp245,r2i1p1f2,2086,9.545364617623859e-4,9.881872683763504e-4,6.430579644767827e-4,1.586912443846465e-6
zooc,CNRM-ESM2-1,ssp245,r2i1p1f2,2087,9.575256510329745e-4,9.836459066718817e-4,6.42379070355734e-4,1.5852370963844009e-6
zooc,CNRM-ESM2-1,ssp245,r2i1p1f2,2088,9.460311739584075e-4,9.626315149944276e-4,6.362329583660727e-4,1.5700699697232713e-6
zooc,CNRM-ESM2-1,ssp245,r2i1p1f2,2089,9.513598786180252e-4,9.891758090816438e-4,6.362707440605249e-4,1.570163215732244e-6
zooc,CNRM-ESM2-1,ssp245,r2i1p1f2,2090,9.625352785772745e-4,9.976811707019806e-4,6.393768236994973e-4,1.57782827347657e-6
zooc,CNRM-ESM2-1,ssp245,r2i1p1f2,2091,9.557512776789621e-4,9.859658312052488e-4,6.394059586989301e-4,1.5779001716501495e-6
zooc,CNRM-ESM2-1,ssp245,r2i1p1f2,2092,9.793203531073017e-4,0.0010152542381547391,6.443787133246997e-4,1.5901717344512562e-6
zooc,CNRM-ESM2-1,ssp245,r2i1p1f2,2093,9.748675827120131e-4,0.0010025944211520255,6.468543604785891e-4,1.5962810363992957e-6
zooc,CNRM-ESM2-1,ssp245,r2i1p1f2,2094,9.581766214851166e-4,9.696266788523644e-4,6.356152347694692e-4,1.568545576408113e-6
zooc,CNRM-ESM2-1,ssp245,r2i1p1f2,2095,9.459866191580658e-4,9.966054349206388e-4,6.524338188728285e-4,1.6100497982292593e-6
zooc,CNRM-ESM2-1,ssp245,r2i1p1f2,2096,9.633617593385722e-4,9.850288624875247e-4,6.338917456569465e-4,1.5642924196624042e-6
zooc,CNRM-ESM2-1,ssp245,r2i1p1f2,2097,9.636180936305942e-4,9.95210895780474e-4,6.357120748518518e-4,1.5687845544478627e-6
zooc,CNRM-ESM2-1,ssp245,r2i1p1f2,2098,9.654319194226775e-4,9.861987200565636e-4,6.444210690192273e-4,1.5902762581216355e-6
zooc,CNRM-ESM2-1,ssp245,r2i1p1f2,2099,9.533344468601587e-4,9.77677060291171e-4,6.335168886376356e-4,1.5633673626668164e-6
zooc,CNRM-ESM2-1,ssp245,r2i1p1f2,2100,9.668287750397797e-4,9.908535866998136e-4,6.237779396008531e-4,1.5393339780106894e-6
zooc,CNRM-ESM2-1,ssp370,r2i1p1f2,2015,9.375915625051849e-4,9.45977633818984e-4,6.587649918716164e-4,1.625673610966103e-6
zooc,CNRM-ESM2-1,ssp370,r2i1p1f2,2016,9.336134356100397e-4,9.702086972538382e-4,6.688031369606266e-4,1.650445339542465e-6
zooc,CNRM-ESM2-1,ssp370,r2i1p1f2,2017,9.426867750679484e-4,9.83879086561501e-4,6.659188818001308e-4,1.6433276912770505e-6
zooc,CNRM-ESM2-1,ssp370,r2i1p1f2,2018,9.316518730858248e-4,9.710525628179312e-4,6.672373435522475e-4,1.6465813378793005e-6
zooc,CNRM-ESM2-1,ssp370,r2i1p1f2,2019,9.262301889493195e-4,9.453314123675227e-4,6.692631147126851e-4,1.651580454040624e-6
zooc,CNRM-ESM2-1,ssp370,r2i1p1f2,2020,9.220060828088538e-4,9.328764863312244e-4,6.830067860423816e-4,1.685496530447479e-6
zooc,CNRM-ESM2-1,ssp370,r2i1p1f2,2021,9.178007335637707e-4,9.387122699990869e-4,6.853562977231219e-4,1.6912945603749414e-6
zooc,CNRM-ESM2-1,ssp370,r2i1p1f2,2022,9.303164169820183e-4,9.669853607192636e-4,6.697733537481905e-4,1.6528396013018487e-6
zooc,CNRM-ESM2-1,ssp370,r2i1p1f2,2023,9.215452570901787e-4,9.290250018239021e-4,6.835405815985962e-4,1.6868138095380443e-6
zooc,CNRM-ESM2-1,ssp370,r2i1p1f2,2024,9.267839329146987e-4,9.380119736306369e-4,6.742765585732957e-4,1.6639524280902756e-6
zooc,CNRM-ESM2-1,ssp370,r2i1p1f2,2025,9.153970172355511e-4,9.24599589779973e-4,6.69158513489664e-4,1.6513223233718142e-6
zooc,CNRM-ESM2-1,ssp370,r2i1p1f2,2026,9.164321631719289e-4,9.264752443414181e-4,6.755759388251269e-4,1.667158986137647e-6
zooc,CNRM-ESM2-1,ssp370,r2i1p1f2,2027,9.28889124310351e-4,9.37221571803093e-4,6.712914621437402e-4,1.6565859278184105e-6
zooc,CNRM-ESM2-1,ssp370,r2i1p1f2,2028,9.201884773724124e-4,9.409593476448208e-4,6.766414634741173e-4,1.6697884447838575e-6
zooc,CNRM-ESM2-1,ssp370,r2i1p1f2,2029,9.239196468708492e-4,9.277212375309318e-4,6.74974487299071e-4,1.6656747483802541e-6
zooc,CNRM-ESM2-1,ssp370,r2i1p1f2,2030,9.349101101575898e-4,9.64560778811574e-4,6.73639035930232e-4,1.6623791754888014e-6
zooc,CNRM-ESM2-1,ssp370,r2i1p1f2,2031,9.538180720505652e-4,9.737156215123832e-4,6.80201085359934e-4,1.6785727357467832e-6
zooc,CNRM-ESM2-1,ssp370,r2i1p1f2,2032,9.295357639061169e-4,9.316916402895004e-4,6.6504271281227e-4,1.6411655168751207e-6
zooc,CNRM-ESM2-1,ssp370,r2i1p1f2,2033,9.302365313022199e-4,9.347236773464829e-4,6.6998372683992e-4,1.6533587515115623e-6
zooc,CNRM-ESM2-1,ssp370,r2i1p1f2,2034,9.319380928283866e-4,9.413706429768354e-4,6.815502754429622e-4,1.6819022124816118e-6
zooc,CNRM-ESM2-1,ssp370,r2i1p1f2,2035,9.454556262271527e-4,9.637829498387873e-4,6.780449489665966e-4,1.6732519095347927e-6
zooc,CNRM-ESM2-1,ssp370,r2i1p1f2,2036,9.387354195533431e-4,9.648233535699546e-4,6.756406045874444e-4,1.6673185656912505e-6
zooc,CNRM-ESM2-1,ssp370,r2i1p1f2,2037,9.173047317637982e-4,9.312111069448292e-4,6.812898027017553e-4,1.681259428382607e-6
zooc,CNRM-ESM2-1,ssp370,r2i1p1f2,2038,9.24012532654527e-4,9.482873720116913e-4,6.744514651921455e-4,1.6643840555722393e-6
zooc,CNRM-ESM2-1,ssp370,r2i1p1f2,2039,9.29759531566154e-4,9.442479931749403e-4,6.665651658812209e-4,1.644922565001033e-6
zooc,CNRM-ESM2-1,ssp370,r2i1p1f2,2040,9.195335949900273e-4,9.447655756957829e-4,6.738151580993934e-4,1.6628138026566757e-6
zooc,CNRM-ESM2-1,ssp370,r2i1p1f2,2041,9.275994562685283e-4,9.256159828510135e-4,6.72214414117516e-4,1.6588635513813954e-6
zooc,CNRM-ESM2-1,ssp370,r2i1p1f2,2042,9.452528534996204e-4,9.57713695243001e-4,6.647072290351433e-4,1.6403376235746094e-6
zooc,CNRM-ESM2-1,ssp370,r2i1p1f2,2043,9.332323426936604e-4,9.538268786855042e-4,6.662923323373286e-4,1.6442492774129482e-6
zooc,CNRM-ESM2-1,ssp370,r2i1p1f2,2044,9.155339924597949e-4,9.188451222144067e-4,6.766790333570746e-4,1.669881158221949e-6
zooc,CNRM-ESM2-1,ssp370,r2i1p1f2,2045,9.350553324453111e-4,9.577807213645428e-4,6.743033176599678e-4,1.6640184630824096e-6
zooc,CNRM-ESM2-1,ssp370,r2i1p1f2,2046,9.271689073411568e-4,9.515211568213999e-4,6.723050074947163e-4,1.6590871140546704e-6
zooc,CNRM-ESM2-1,ssp370,r2i1p1f2,2047,9.311948538318041e-4,9.456398838665336e-4,6.818346430475794e-4,1.6826039633583945e-6
zooc,CNRM-ESM2-1,ssp370,r2i1p1f2,2048,9.36826102933349e-4,9.518675215076655e-4,6.596243618922705e-4,1.6277943295559962e-6
zooc,CNRM-ESM2-1,ssp370,r2i1p1f2,2049,9.332104043520351e-4,9.547591616865247e-4,6.624119117513148e-4,1.634673332388593e-6
zooc,CNRM-ESM2-1,ssp370,r2i1p1f2,2050,9.330712058641693e-4,9.53162758378312e-4,6.733103563090551e-4,1.661568073209229e-6
zooc,CNRM-ESM2-1,ssp370,r2i1p1f2,2051,9.255856613047684e-4,9.478105057496578e-4,6.602677942714323e-4,1.6293821659652635e-6
zooc,CNRM-ESM2-1,ssp370,r2i1p1f2,2052,9.190052705522652e-4,9.247229609172791e-4,6.557748448771375e-4,1.6182946471143304e-6
zooc,CNRM-ESM2-1,ssp370,r2i1p1f2,2053,9.215552085267159e-4,9.510279051028192e-4,6.647782435243124e-4,1.6405128702596377e-6
zooc,CNRM-ESM2-1,ssp370,r2i1p1f2,2054,9.504603759031643e-4,9.596046002116054e-4,6.431645701599098e-4,1.5871755210408777e-6
zooc,CNRM-ESM2-1,ssp370,r2i1p1f2,2055,9.380757065681976e-4,9.657120972406119e-4,6.452666212554485e-4,1.592362877741802e-6
zooc,CNRM-ESM2-1,ssp370,r2i1p1f2,2056,9.435476609086776e-4,9.762053086888045e-4,6.692031955319558e-4,1.651432587909144e-6
zooc,CNRM-ESM2-1,ssp370,r2i1p1f2,2057,9.443469471078251e-4,9.610300476197153e-4,6.687603849198836e-4,1.6503398377849212e-6
zooc,CNRM-ESM2-1,ssp370,r2i1p1f2,2058,9.309198205818114e-4,9.352665801998228e-4,6.624693133831904e-4,1.6348149858148042e-6
zooc,CNRM-ESM2-1,ssp370,r2i1p1f2,2059,9.380628810649968e-4,9.719750378280878e-4,6.703626584647847e-4,1.6542938636539864e-6
zooc,CNRM-ESM2-1,ssp370,r2i1p1f2,2060,9.60530761108111e-4,9.978145826607943e-4,6.556367643377202e-4,1.6179538975421942e-6
zooc,CNRM-ESM2-1,ssp370,r2i1p1f2,2061,9.448524591406995e-4,9.709708101581782e-4,6.537796949883374e-4,1.6133710968890382e-6
zooc,CNRM-ESM2-1,ssp370,r2i1p1f2,2062,9.270985334495928e-4,9.458111017011106e-4,6.714085610358786e-4,1.6568748997297471e-6
zooc,CNRM-ESM2-1,ssp370,r2i1p1f2,2063,9.461250508707153e-4,9.731078171171248e-4,6.663185206041189e-4,1.6443139037588579e-6
zooc,CNRM-ESM2-1,ssp370,r2i1p1f2,2064,9.482136217589113e-4,9.754446218721569e-4,6.601153981996008e-4,1.629006089101058e-6
zooc,CNRM-ESM2-1,ssp370,r2i1p1f2,2065,9.282169881393137e-4,9.463159367442131e-4,6.383651849407816e-4,1.5753317922516007e-6
zooc,CNRM-ESM2-1,ssp370,r2i1p1f2,2066,9.479889696855044e-4,9.76742070633918e-4,6.372030545999996e-4,1.572463933985264e-6
zooc,CNRM-ESM2-1,ssp370,r2i1p1f2,2067,9.289143883440698e-4,9.458289423491806e-4,6.547930609382433e-4,1.6158718404065906e-6
zooc,CNRM-ESM2-1,ssp370,r2i1p1f2,2068,9.341547781263366e-4,9.681224182713777e-4,6.491528660893976e-4,1.6019531956097187e-6
zooc,CNRM-ESM2-1,ssp370,r2i1p1f2,2069,9.634241577548558e-4,9.788484894670546e-4,6.40397144936351e-4,1.5803461809700282e-6
zooc,CNRM-ESM2-1,ssp370,r2i1p1f2,2070,9.694754950510498e-4,9.902705205604434e-4,6.405174606324573e-4,1.580643091180131e-6
zooc,CNRM-ESM2-1,ssp370,r2i1p1f2,2071,9.336492723545602e-4,9.524896740913391e-4,6.514312000735748e-4,1.6075755760955445e-6
zooc,CNRM-ESM2-1,ssp370,r2i1p1f2,2072,9.509369951400795e-4,9.82070923782885e-4,6.503963889306659e-4,1.6050219109977967e-6
zooc,CNRM-ESM2-1,ssp370,r2i1p1f2,2073,9.46890669597199e-4,9.628160041756928e-4,6.312092171871247e-4,1.55767258436778e-6
zooc,CNRM-ESM2-1,ssp370,r2i1p1f2,2074,9.232355953673589e-4,9.589293331373483e-4,6.48909632282829e-4,1.6013529530565892e-6
zooc,CNRM-ESM2-1,ssp370,r2i1p1f2,2075,9.284975605834203e-4,9.623938531149179e-4,6.479705941206905e-4,1.5990356326483787e-6
zooc,CNRM-ESM2-1,ssp370,r2i1p1f2,2076,9.419596111966013e-4,9.688994032330811e-4,6.47962688393914e-4,1.5990161232154934e-6
zooc,CNRM-ESM2-1,ssp370,r2i1p1f2,2077,9.654291030075046e-4,9.994850843213499e-4,6.442880799271385e-4,1.5899480730173528e-6
zooc,CNRM-ESM2-1,ssp370,r2i1p1f2,2078,9.357973143796289e-4,9.445809118915349e-4,6.354445443153908e-4,1.568124353407099e-6
zooc,CNRM-ESM2-1,ssp370,r2i1p1f2,2079,9.406397058317682e-4,9.802136337384582e-4,6.428705821429982e-4,1.5864500292996185e-6
zooc,CNRM-ESM2-1,ssp370,r2i1p1f2,2080,9.522993369327369e-4,9.858268895186484e-4,6.334701380349353e-4,1.563251993419749e-6
zooc,CNRM-ESM2-1,ssp370,r2i1p1f2,2081,9.407557274853827e-4,9.826220921240747e-4,6.480974615605542e-4,1.5993487109868183e-6
zooc,CNRM-ESM2-1,ssp370,r2i1p1f2,2082,9.542460948240699e-4,9.743086993694305e-4,6.313541662063962e-4,1.5580302836967858e-6
zooc,CNRM-ESM2-1,ssp370,r2i1p1f2,2083,9.377057612658496e-4,9.44186991546303e-4,6.553786552711393e-4,1.6173169464238606e-6
zooc,CNRM-ESM2-1,ssp370,r2i1p1f2,2084,9.426988107102052e-4,9.603861253708601e-4,6.479089964489741e-4,1.5988836244047078e-6
zooc,CNRM-ESM2-1,ssp370,r2i1p1f2,2085,9.423921833587338e-4,9.53880517045036e-4,6.472735266614805e-4,1.597315437757206e-6
zooc,CNRM-ESM2-1,ssp370,r2i1p1f2,2086,9.21013500188052e-4,9.349125321023166e-4,6.387388200748958e-4,1.5762538339283049e-6
zooc,CNRM-ESM2-1,ssp370,r2i1p1f2,2087,9.427846915026335e-4,9.535916906315833e-4,6.413356293797866e-4,1.5826621349336122e-6
zooc,CNRM-ESM2-1,ssp370,r2i1p1f2,2088,9.20863695405908e-4,9.352646593470126e-4,6.425797103656422e-4,1.5857322276883352e-6
zooc,CNRM-ESM2-1,ssp370,r2i1p1f2,2089,9.436722190864905e-4,9.747879521455616e-4,6.347711185015602e-4,1.5664625004124867e-6
zooc,CNRM-ESM2-1,ssp370,r2i1p1f2,2090,9.270608853038523e-4,9.488869982305914e-4,6.463423058409211e-4,1.5950174086684644e-6
zooc,CNRM-ESM2-1,ssp370,r2i1p1f2,2091,9.363922947582112e-4,9.722919785417616e-4,6.298371718159276e-4,1.5542867062769206e-6
zooc,CNRM-ESM2-1,ssp370,r2i1p1f2,2092,9.468784376369703e-4,9.608676773495972e-4,6.299222151594804e-4,1.5544965728015659e-6
zooc,CNRM-ESM2-1,ssp370,r2i1p1f2,2093,9.535186096383636e-4,9.98311850707978e-4,6.35769136264257e-4,1.568925368294221e-6
zooc,CNRM-ESM2-1,ssp370,r2i1p1f2,2094,9.462341721927098e-4,9.89331805612892e-4,6.310030835906642e-4,1.5571638962130752e-6
zooc,CNRM-ESM2-1,ssp370,r2i1p1f2,2095,9.326854066710038e-4,9.6204798319377e-4,6.269505612766332e-4,1.5471632455029423e-6
zooc,CNRM-ESM2-1,ssp370,r2i1p1f2,2096,9.319060630878389e-4,9.629954292904586e-4,6.330310560419375e-4,1.5621684446309177e-6
zooc,CNRM-ESM2-1,ssp370,r2i1p1f2,2097,9.479337677009999e-4,9.843456791713834e-4,6.340224850135974e-4,1.564615052960537e-6
zooc,CNRM-ESM2-1,ssp370,r2i1p1f2,2098,9.35933349799777e-4,9.600025077816099e-4,6.389342524370932e-4,1.5767361140097805e-6
zooc,CNRM-ESM2-1,ssp370,r2i1p1f2,2099,9.444843367141673e-4,9.743963018991053e-4,6.348977428496759e-4,1.5667749788589393e-6
zooc,CNRM-ESM2-1,ssp370,r2i1p1f2,2100,9.49948625675539e-4,9.779855608940125e-4,6.320483000790281e-4,1.5597432392016153e-6
zooc,CNRM-ESM2-1,ssp434,r2i1p1f2,2015,9.348968060265483e-4,9.528179652988911e-4,6.764554936998548e-4,1.6693295160942851e-6
zooc,CNRM-ESM2-1,ssp434,r2i1p1f2,2016,9.445693764317509e-4,9.661545336712152e-4,6.867143127063824e-4,1.6946458148417443e-6
zooc,CNRM-ESM2-1,ssp434,r2i1p1f2,2017,9.237120142053446e-4,9.23219631658867e-4,6.768292321805743e-4,1.670251812805563e-6
zooc,CNRM-ESM2-1,ssp434,r2i1p1f2,2018,9.319584067248002e-4,9.442554728593677e-4,6.722455723506415e-4,1.6589404424092756e-6
zooc,CNRM-ESM2-1,ssp434,r2i1p1f2,2019,9.255024027615903e-4,9.514886478427798e-4,6.694101908604076e-4,1.6519434026112146e-6
zooc,CNRM-ESM2-1,ssp434,r2i1p1f2,2020,9.384810724260022e-4,9.712273313198239e-4,6.811731026555995e-4,1.6809714407272598e-6
zooc,CNRM-ESM2-1,ssp434,r2i1p1f2,2021,9.249241324025367e-4,9.400256676599383e-4,6.795773729662728e-4,1.677033563520392e-6
zooc,CNRM-ESM2-1,ssp434,r2i1p1f2,2022,9.278024004973065e-4,9.417716355528682e-4,6.734741952272741e-4,1.6619723882670787e-6
zooc,CNRM-ESM2-1,ssp434,r2i1p1f2,2023,9.217013015952093e-4,9.346318838652223e-4,6.712834524368074e-4,1.6565661617874998e-6
zooc,CNRM-ESM2-1,ssp434,r2i1p1f2,2024,9.266048685855519e-4,9.389402403030545e-4,6.598881315730276e-4,1.628445249709117e-6
zooc,CNRM-ESM2-1,ssp434,r2i1p1f2,2025,9.24671970772959e-4,9.303488186560571e-4,6.674166701879702e-4,1.6470238729001877e-6
zooc,CNRM-ESM2-1,ssp434,r2i1p1f2,2026,9.117634220608487e-4,9.296979405917227e-4,6.700736330091477e-4,1.6535806183207882e-6
zooc,CNRM-ESM2-1,ssp434,r2i1p1f2,2027,9.337090116342257e-4,9.652264125179499e-4,6.734624313574884e-4,1.6619433578648723e-6
zooc,CNRM-ESM2-1,ssp434,r2i1p1f2,2028,9.37860078243064e-4,9.600234916433692e-4,6.760089749120544e-4,1.6682276150839332e-6
zooc,CNRM-ESM2-1,ssp434,r2i1p1f2,2029,9.169844473229336e-4,9.125339274760336e-4,6.698102161793101e-4,1.6529305689188997e-6
zooc,CNRM-ESM2-1,ssp434,r2i1p1f2,2030,9.349394833442961e-4,9.410475031472743e-4,6.67490637023115e-4,1.6472064052652424e-6
zooc,CNRM-ESM2-1,ssp434,r2i1p1f2,2031,9.429327029796305e-4,9.637225593905896e-4,6.661926410572897e-4,1.6440032633029053e-6
zooc,CNRM-ESM2-1,ssp434,r2i1p1f2,2032,9.282528848808436e-4,9.427941404283047e-4,6.64109554087055e-4,1.6388627055036257e-6
zooc,CNRM-ESM2-1,ssp434,r2i1p1f2,2033,9.304817887104119e-4,9.602006757631898e-4,6.727198245009482e-4,1.6601107826902719e-6
zooc,CNRM-ESM2-1,ssp434,r2i1p1f2,2034,9.408909537201036e-4,9.620165219530463e-4,6.661685047497599e-4,1.6439437006990912e-6
zooc,CNRM-ESM2-1,ssp434,r2i1p1f2,2035,9.157633381552067e-4,9.115608700085431e-4,6.627492978896217e-4,1.6355059202591067e-6
zooc,CNRM-ESM2-1,ssp434,r2i1p1f2,2036,9.28273152519213e-4,9.415420645382255e-4,6.722513571058309e-4,1.658954717794236e-6
zooc,CNRM-ESM2-1,ssp434,r2i1p1f2,2037,9.241433754122418e-4,9.347943414468318e-4,6.584150308157722e-4,1.6248099912225353e-6
zooc,CNRM-ESM2-1,ssp434,r2i1p1f2,2038,9.335049500281417e-4,9.410342026967555e-4,6.596819100597232e-4,1.6279363445967794e-6
zooc,CNRM-ESM2-1,ssp434,r2i1p1f2,2039,9.357344953486732e-4,9.458697168156505e-4,6.663684268287627e-4,1.6444370603221656e-6
zooc,CNRM-ESM2-1,ssp434,r2i1p1f2,2040,9.293700041571535e-4,9.395586384925991e-4,6.555141470837848e-4,1.6176513076407398e-6
zooc,CNRM-ESM2-1,ssp434,r2i1p1f2,2041,9.26555545703974e-4,9.300546953454614e-4,6.673046555348318e-4,1.6467474476682833e-6
zooc,CNRM-ESM2-1,ssp434,r2i1p1f2,2042,9.386857215822023e-4,9.701208618935198e-4,6.571710070580315e-4,1.6217400396930402e-6
zooc,CNRM-ESM2-1,ssp434,r2i1p1f2,2043,9.544379188041904e-4,9.836301323957741e-4,6.656650985286335e-4,1.6427014151809183e-6
zooc,CNRM-ESM2-1,ssp434,r2i1p1f2,2044,9.306489010618759e-4,9.409068734385073e-4,6.619172236174457e-4,1.6334525610136536e-6
zooc,CNRM-ESM2-1,ssp434,r2i1p1f2,2045,9.459284653127095e-4,9.582561033312231e-4,6.719173844169837e-4,1.6581305534962821e-6
zooc,CNRM-ESM2-1,ssp434,r2i1p1f2,2046,9.210348302699872e-4,9.328570449724793e-4,6.628462602025606e-4,1.6357451999344809e-6
zooc,CNRM-ESM2-1,ssp434,r2i1p1f2,2047,9.156452500515307e-4,9.357071248814464e-4,6.688995930252948e-4,1.6506833699188262e-6
zooc,CNRM-ESM2-1,ssp434,r2i1p1f2,2048,0.00093757647121373315,9.669249411672354e-4,6.720774412568653e-4,1.6585255352941325e-6
zooc,CNRM-ESM2-1,ssp434,r2i1p1f2,2049,9.365827539273186e-4,9.536886645946652e-4,6.692546161563329e-4,1.6515594816468817e-6
zooc,CNRM-ESM2-1,ssp434,r2i1p1f2,2050,9.452949537003533e-4,9.577089513186365e-4,6.610888784364844e-4,1.6314084042687212e-6
zooc,CNRM-ESM2-1,ssp434,r2i1p1f2,2051,9.179715866054415e-4,9.334397327620536e-4,6.56035376927883e-4,1.6189375775750167e-6
zooc,CNRM-ESM2-1,ssp434,r2i1p1f2,2052,9.405233640837518e-4,9.697415516711771e-4,6.562008748075127e-4,1.6193459865507582e-6
zooc,CNRM-ESM2-1,ssp434,r2i1p1f2,2053,9.472125391660893e-4,9.817534009926021e-4,6.589812674869023e-4,1.6262073271847912e-6
zooc,CNRM-ESM2-1,ssp434,r2i1p1f2,2054,9.341883530060241e-4,9.591453708708286e-4,6.440579303099152e-4,1.589380119097654e-6
zooc,CNRM-ESM2-1,ssp434,r2i1p1f2,2055,9.231057532812396e-4,9.494976256974041e-4,6.484672403041502e-4,1.6002612360189275e-6
zooc,CNRM-ESM2-1,ssp434,r2i1p1f2,2056,9.309580184748128e-4,9.455607505515218e-4,6.584117089344774e-4,1.6248017936181902e-6
zooc,CNRM-ESM2-1,ssp434,r2i1p1f2,2057,9.379226673035462e-4,9.594235743861645e-4,6.556946988855618e-4,1.6180968660768787e-6
zooc,CNRM-ESM2-1,ssp434,r2i1p1f2,2058,9.176241905720711e-4,9.303753031417727e-4,6.717125529474121e-4,1.6576250786776646e-6
zooc,CNRM-ESM2-1,ssp434,r2i1p1f2,2059,9.165157479871909e-4,9.249993308912963e-4,6.678514424382994e-4,1.648096786280318e-6
zooc,CNRM-ESM2-1,ssp434,r2i1p1f2,2060,9.116672315812008e-4,9.225826361216605e-4,6.718453812430514e-4,1.6579528669749705e-6
zooc,CNRM-ESM2-1,ssp434,r2i1p1f2,2061,9.432711668135404e-4,9.426804608665407e-4,6.577708780785001e-4,1.6232203771426496e-6
zooc,CNRM-ESM2-1,ssp434,r2i1p1f2,2062,9.34336803107237e-4,9.613591537345201e-4,6.635415985367596e-4,1.6374611277608655e-6
zooc,CNRM-ESM2-1,ssp434,r2i1p1f2,2063,9.57127721033319e-4,9.663648379500955e-4,6.486322606326269e-4,1.600668466513243e-6
zooc,CNRM-ESM2-1,ssp434,r2i1p1f2,2064,9.383832098479827e-4,9.751247125677764e-4,6.55217813785269e-4,1.6169200283083655e-6
zooc,CNRM-ESM2-1,ssp434,r2i1p1f2,2065,9.345629890324823e-4,9.657934424467385e-4,6.598876613796802e-4,1.628444089384986e-6
zooc,CNRM-ESM2-1,ssp434,r2i1p1f2,2066,9.254082505577128e-4,9.371971245855093e-4,6.522927726777673e-4,1.6097017301320359e-6
zooc,CNRM-ESM2-1,ssp434,r2i1p1f2,2067,9.28250784863565e-4,9.436876280233264e-4,6.591088297131907e-4,1.626522120089077e-6
zooc,CNRM-ESM2-1,ssp434,r2i1p1f2,2068,9.319881780336742e-4,9.444803290534765e-4,6.527526631930664e-4,1.610836629350847e-6
zooc,CNRM-ESM2-1,ssp434,r2i1p1f2,2069,9.455914228541838e-4,9.686716075520962e-4,6.531949619640864e-4,1.6119281163744168e-6
zooc,CNRM-ESM2-1,ssp434,r2i1p1f2,2070,9.382741261664507e-4,9.678209316916764e-4,6.632535761140662e-4,1.6367503576718102e-6
zooc,CNRM-ESM2-1,ssp434,r2i1p1f2,2071,9.268308716898672e-4,9.443498565815389e-4,6.65159643288407e-4,1.641454073176259e-6
zooc,CNRM-ESM2-1,ssp434,r2i1p1f2,2072,9.30974791492025e-4,9.517411235719919e-4,6.546529911774524e-4,1.6155261819143793e-6
zooc,CNRM-ESM2-1,ssp434,r2i1p1f2,2073,9.300883914336854e-4,9.234716126229614e-4,6.542672022042474e-4,1.6145741474849855e-6
zooc,CNRM-ESM2-1,ssp434,r2i1p1f2,2074,9.384750599648945e-4,9.665933612268418e-4,6.58952439844769e-4,1.6261361874951283e-6
zooc,CNRM-ESM2-1,ssp434,r2i1p1f2,2075,9.394054903168965e-4,9.450186626054347e-4,6.445828384165829e-4,1.5906754660995755e-6
zooc,CNRM-ESM2-1,ssp434,r2i1p1f2,2076,9.403149915198215e-4,9.452525118831545e-4,6.46596218702865e-4,1.5956440045626609e-6
zooc,CNRM-ESM2-1,ssp434,r2i1p1f2,2077,9.461110871506965e-4,9.659813658799976e-4,6.594571908254227e-4,1.6273817915564898e-6
zooc,CNRM-ESM2-1,ssp434,r2i1p1f2,2078,9.684038884722158e-4,9.738407970871776e-4,6.576178941521064e-4,1.6228428495947245e-6
zooc,CNRM-ESM2-1,ssp434,r2i1p1f2,2079,9.48805203128525e-4,9.583169594407082e-4,6.570591746217771e-4,1.6214640641285946e-6
zooc,CNRM-ESM2-1,ssp434,r2i1p1f2,2080,9.343788136536788e-4,9.685188997536898e-4,6.646040060664772e-4,1.6400828941061698e-6
zooc,CNRM-ESM2-1,ssp434,r2i1p1f2,2081,9.465709170338149e-4,9.617079922463745e-4,6.455241669080192e-4,1.5929984384898217e-6
zooc,CNRM-ESM2-1,ssp434,r2i1p1f2,2082,9.572423022723095e-4,9.854576201178133e-4,6.469038233851037e-4,1.5964030989600488e-6
zooc,CNRM-ESM2-1,ssp434,r2i1p1f2,2083,9.626642744761792e-4,9.731690224725753e-4,6.472440816528231e-4,1.5972427745553973e-6
zooc,CNRM-ESM2-1,ssp434,r2i1p1f2,2084,9.548934598650285e-4,9.770668111741543e-4,6.48953578417514e-4,1.6014614015508822e-6
zooc,CNRM-ESM2-1,ssp434,r2i1p1f2,2085,9.396095674414194e-4,9.586030209902674e-4,6.564595722382785e-4,1.6199843896104382e-6
zooc,CNRM-ESM2-1,ssp434,r2i1p1f2,2086,9.388422411875283e-4,9.429533092770725e-4,6.608194666207367e-4,1.630743560683e-6
zooc,CNRM-ESM2-1,ssp434,r2i1p1f2,2087,9.433183215573975e-4,9.605932573322207e-4,6.57443690733676e-4,1.6224129574423232e-6
zooc,CNRM-ESM2-1,ssp434,r2i1p1f2,2088,9.34493169408591e-4,9.634837624616921e-4,6.625393346921134e-4,1.634987781569779e-6
zooc,CNRM-ESM2-1,ssp434,r2i1p1f2,2089,9.570883928218343e-4,9.706809942144901e-4,6.416996539121366e-4,1.58356045995587e-6
zooc,CNRM-ESM2-1,ssp434,r2i1p1f2,2090,9.434007373672667e-4,9.55847674049437e-4,6.620790503762546e-4,1.633851910545869e-6
zooc,CNRM-ESM2-1,ssp434,r2i1p1f2,2091,9.556554701842145e-4,9.950725361704826e-4,6.590287455418646e-4,1.6263244916091374e-6
zooc,CNRM-ESM2-1,ssp434,r2i1p1f2,2092,9.437423025461299e-4,9.824760491028428e-4,6.617983796970623e-4,1.6331592827921712e-6
zooc,CNRM-ESM2-1,ssp434,r2i1p1f2,2093,9.431335028209886e-4,9.93086607195437e-4,6.527889645554582e-4,1.6109262123851778e-6
zooc,CNRM-ESM2-1,ssp434,r2i1p1f2,2094,9.484372380126322e-4,9.906990453600883e-4,6.526397291249223e-4,1.6105579352237667e-6
zooc,CNRM-ESM2-1,ssp434,r2i1p1f2,2095,9.245166126675352e-4,9.709781443234533e-4,6.565523464556489e-4,1.6202133340729065e-6
zooc,CNRM-ESM2-1,ssp434,r2i1p1f2,2096,9.347065982442075e-4,9.704917611088604e-4,6.592015087117239e-4,1.626750829574349e-6
zooc,CNRM-ESM2-1,ssp434,r2i1p1f2,2097,9.317360283612911e-4,9.524176712147892e-4,6.675730727860993e-4,1.6474098369079935e-6
zooc,CNRM-ESM2-1,ssp434,r2i1p1f2,2098,9.25123303378474e-4,9.603789949323982e-4,6.599717631189964e-4,1.628651632256768e-6
zooc,CNRM-ESM2-1,ssp434,r2i1p1f2,2099,9.252282609121149e-4,9.669967403169721e-4,6.590296775008392e-4,1.626326791459813e-6
zooc,CNRM-ESM2-1,ssp434,r2i1p1f2,2100,9.465013824820577e-4,9.727030410431325e-4,6.454798329522868e-4,1.592889032946429e-6
zooc,CNRM-ESM2-1,ssp460,r2i1p1f2,2015,9.315198752041456e-4,9.472249948885292e-4,6.62803207710558e-4,1.6356389567354668e-6
zooc,CNRM-ESM2-1,ssp460,r2i1p1f2,2016,9.304785453310108e-4,9.567259694449604e-4,6.696652529229031e-4,1.6525728344560662e-6
zooc,CNRM-ESM2-1,ssp460,r2i1p1f2,2017,9.38496368539669e-4,9.591575944796205e-4,6.782444577882926e-4,1.6737442493381945e-6
zooc,CNRM-ESM2-1,ssp460,r2i1p1f2,2018,9.200280853863036e-4,9.222327207680792e-4,6.84043357718625e-4,1.6880545401182056e-6
zooc,CNRM-ESM2-1,ssp460,r2i1p1f2,2019,9.43451726882555e-4,9.580637561157346e-4,6.699743957935524e-4,1.65333572473262e-6
zooc,CNRM-ESM2-1,ssp460,r2i1p1f2,2020,9.344785528471808e-4,9.670836152508855e-4,6.757999787561339e-4,1.6677118628207355e-6
zooc,CNRM-ESM2-1,ssp460,r2i1p1f2,2021,9.222745999436024e-4,9.332568442914635e-4,6.789756335397538e-4,1.6755486152938774e-6
zooc,CNRM-ESM2-1,ssp460,r2i1p1f2,2022,9.282433971888098e-4,0.00094183950568549335,6.83108517658643e-4,1.6857475796167545e-6
zooc,CNRM-ESM2-1,ssp460,r2i1p1f2,2023,9.390438474196988e-4,9.583586652297527e-4,6.863462703097633e-4,1.6937375746964984e-6
zooc,CNRM-ESM2-1,ssp460,r2i1p1f2,2024,9.429775074069776e-4,9.677950001787394e-4,6.682886838937568e-4,1.6491757930650259e-6
zooc,CNRM-ESM2-1,ssp460,r2i1p1f2,2025,9.116912284778731e-4,9.224821114912629e-4,6.603141004828013e-4,1.6294964385613717e-6
zooc,CNRM-ESM2-1,ssp460,r2i1p1f2,2026,9.284826632667609e-4,9.68526815995574e-4,6.613584633546974e-4,1.6320736750297073e-6
zooc,CNRM-ESM2-1,ssp460,r2i1p1f2,2027,9.305362476426111e-4,9.672072483226657e-4,6.686891186416878e-4,1.650163969745113e-6
zooc,CNRM-ESM2-1,ssp460,r2i1p1f2,2028,9.250010197292019e-4,9.499074658378959e-4,6.685382537670288e-4,1.6497916715073785e-6
zooc,CNRM-ESM2-1,ssp460,r2i1p1f2,2029,9.264227887126623e-4,9.45691775996238e-4,6.616349641581432e-4,1.6327560125326393e-6
zooc,CNRM-ESM2-1,ssp460,r2i1p1f2,2030,9.180231996794842e-4,9.331700275652111e-4,6.772106868205419e-4,1.6711931511426444e-6
zooc,CNRM-ESM2-1,ssp460,r2i1p1f2,2031,9.251365224803974e-4,9.297726501245052e-4,6.745549119200535e-4,1.6646393372246888e-6
zooc,CNRM-ESM2-1,ssp460,r2i1p1f2,2032,9.212769124064003e-4,9.443714225199074e-4,6.796891287338637e-4,1.6773093498850098e-6
zooc,CNRM-ESM2-1,ssp460,r2i1p1f2,2033,9.224080562194878e-4,9.437751141376793e-4,6.692285168714651e-4,1.6514950748869626e-6
zooc,CNRM-ESM2-1,ssp460,r2i1p1f2,2034,9.183704335231118e-4,9.251052688341588e-4,6.756364661899863e-4,1.6673083531213322e-6
zooc,CNRM-ESM2-1,ssp460,r2i1p1f2,2035,9.106807338857516e-4,9.150607511401176e-4,6.775253411704052e-4,1.6719696424247557e-6
zooc,CNRM-ESM2-1,ssp460,r2i1p1f2,2036,9.310642967777756e-4,9.407463076058775e-4,6.730961360166381e-4,1.661039429033214e-6
zooc,CNRM-ESM2-1,ssp460,r2i1p1f2,2037,9.129026388440914e-4,9.143353090621531e-4,6.597798411734641e-4,1.6281780150396012e-6
zooc,CNRM-ESM2-1,ssp460,r2i1p1f2,2038,8.954576937480411e-4,8.784758974798024e-4,6.668551519870077e-4,1.6456381809878282e-6
zooc,CNRM-ESM2-1,ssp460,r2i1p1f2,2039,9.12414710314266e-4,9.269874426536262e-4,6.683276907361741e-4,1.649272052573572e-6
zooc,CNRM-ESM2-1,ssp460,r2i1p1f2,2040,9.623833483719572e-4,0.0010023651993833482,6.69875104628903e-4,1.6530906980111576e-6
zooc,CNRM-ESM2-1,ssp460,r2i1p1f2,2041,9.222662276414187e-4,9.131147526204586e-4,6.621864032518956e-4,1.6341168316317558e-6
zooc,CNRM-ESM2-1,ssp460,r2i1p1f2,2042,9.221058811122115e-4,9.268497815355659e-4,6.662651326253846e-4,1.644182155063584e-6
zooc,CNRM-ESM2-1,ssp460,r2i1p1f2,2043,9.221577673969488e-4,9.436935361009091e-4,6.636479403660431e-4,1.6377235538274311e-6
zooc,CNRM-ESM2-1,ssp460,r2i1p1f2,2044,9.419375694012089e-4,9.703502291813493e-4,6.598869852809787e-4,1.628442420935947e-6
zooc,CNRM-ESM2-1,ssp460,r2i1p1f2,2045,9.353997184068036e-4,9.631527937017381e-4,6.585374195021928e-4,1.625112017074318e-6
zooc,CNRM-ESM2-1,ssp460,r2i1p1f2,2046,9.245339851869476e-4,9.591941488906741e-4,6.627187131533413e-4,1.6354304444835524e-6
zooc,CNRM-ESM2-1,ssp460,r2i1p1f2,2047,9.229764067110465e-4,9.381044073961675e-4,6.666718237671246e-4,1.645185771019347e-6
zooc,CNRM-ESM2-1,ssp460,r2i1p1f2,2048,9.175588201352707e-4,9.386920719407499e-4,6.698785384505291e-4,1.6530991718573263e-6
zooc,CNRM-ESM2-1,ssp460,r2i1p1f2,2049,9.092281605340969e-4,9.134807041846216e-4,6.713544130936871e-4,1.6567412756273813e-6
zooc,CNRM-ESM2-1,ssp460,r2i1p1f2,2050,9.012334541822928e-4,8.953224751166999e-4,6.663256202115784e-4,1.6443314238830867e-6
zooc,CNRM-ESM2-1,ssp460,r2i1p1f2,2051,9.025268615756775e-4,9.096251742448658e-4,6.641090915040762e-4,1.6388615639600544e-6
zooc,CNRM-ESM2-1,ssp460,r2i1p1f2,2052,9.117368914602549e-4,9.115746070165187e-4,6.551909809163581e-4,1.6168538112394056e-6
zooc,CNRM-ESM2-1,ssp460,r2i1p1f2,2053,9.433017960937796e-4,9.615295275580138e-4,6.65224578508746e-4,1.6416143176874727e-6
zooc,CNRM-ESM2-1,ssp460,r2i1p1f2,2054,9.184198793529513e-4,9.265490516554564e-4,6.710805838212454e-4,1.6560655308206424e-6
zooc,CNRM-ESM2-1,ssp460,r2i1p1f2,2055,9.377759412104811e-4,9.601885394658893e-4,6.725110516073064e-4,1.6595955813846981e-6
zooc,CNRM-ESM2-1,ssp460,r2i1p1f2,2056,9.245236343804018e-4,9.551162365823984e-4,6.681270548345589e-4,1.648776931407917e-6
zooc,CNRM-ESM2-1,ssp460,r2i1p1f2,2057,9.252188939641898e-4,9.488649084232748e-4,6.654986510461476e-4,1.6422906628136435e-6
zooc,CNRM-ESM2-1,ssp460,r2i1p1f2,2058,9.240620833261156e-4,9.387674799654633e-4,6.564007738147729e-4,1.6198392892383191e-6
zooc,CNRM-ESM2-1,ssp460,r2i1p1f2,2059,9.145925344733882e-4,9.375231747981161e-4,6.567347551092957e-4,1.620663474773011e-6
zooc,CNRM-ESM2-1,ssp460,r2i1p1f2,2060,9.26785773607433e-4,9.408764308318496e-4,6.598401504272456e-4,1.6283268437775873e-6
zooc,CNRM-ESM2-1,ssp460,r2i1p1f2,2061,9.129937662572666e-4,8.946665620896965e-4,6.536852567912262e-4,1.6131380461246454e-6
zooc,CNRM-ESM2-1,ssp460,r2i1p1f2,2062,9.223862423601284e-4,9.482790483161807e-4,6.564596461474358e-4,1.6199845720004679e-6
zooc,CNRM-ESM2-1,ssp460,r2i1p1f2,2063,9.28136374891207e-4,9.515616693533957e-4,6.570738619164705e-4,1.6215003088405846e-6
zooc,CNRM-ESM2-1,ssp460,r2i1p1f2,2064,9.498185625878737e-4,0.001010737440083176,6.650392882378617e-4,1.6411570658488626e-6
zooc,CNRM-ESM2-1,ssp460,r2i1p1f2,2065,9.751217169307267e-4,0.0010097635677084327,6.346823805901063e-4,1.5662435165825582e-6
zooc,CNRM-ESM2-1,ssp460,r2i1p1f2,2066,9.289824751399116e-4,9.57246171310544e-4,6.541794762611675e-4,1.6143576609496932e-6
zooc,CNRM-ESM2-1,ssp460,r2i1p1f2,2067,9.559418284342504e-4,9.787718881852925e-4,6.481882609442192e-4,1.5995727820345173e-6
zooc,CNRM-ESM2-1,ssp460,r2i1p1f2,2068,9.504687028945871e-4,9.929821244440973e-4,6.580561115215255e-4,1.6239242647004477e-6
zooc,CNRM-ESM2-1,ssp460,r2i1p1f2,2069,9.422001459431759e-4,9.654575551394373e-4,6.493316057967824e-4,1.602394282232585e-6
zooc,CNRM-ESM2-1,ssp460,r2i1p1f2,2070,9.293076007394222e-4,9.636494505684823e-4,6.561344375661375e-4,1.6191820354127626e-6
zooc,CNRM-ESM2-1,ssp460,r2i1p1f2,2071,9.395914861903206e-4,9.765466384124011e-4,6.506722585989195e-4,1.6057026910108203e-6
zooc,CNRM-ESM2-1,ssp460,r2i1p1f2,2072,9.688528959935871e-4,0.001000699179712683,6.435415386811316e-4,1.588105788715506e-6
zooc,CNRM-ESM2-1,ssp460,r2i1p1f2,2073,9.585503935346483e-4,9.939487208612263e-4,6.471642791857647e-4,1.5970458412538592e-6
zooc,CNRM-ESM2-1,ssp460,r2i1p1f2,2074,9.508208154534925e-4,9.689817379694432e-4,6.410035647838366e-4,1.58184267935016e-6
zooc,CNRM-ESM2-1,ssp460,r2i1p1f2,2075,9.565996306681639e-4,0.0010058179032057524,6.448834075707873e-4,1.5914171985053494e-6
zooc,CNRM-ESM2-1,ssp460,r2i1p1f2,2076,9.541644676611614e-4,9.729449811857194e-4,6.49735716260569e-4,1.6033915296956396e-6
zooc,CNRM-ESM2-1,ssp460,r2i1p1f2,2077,9.54914995453556e-4,9.757765801623464e-4,6.370657353924562e-4,1.5721250631971428e-6
zooc,CNRM-ESM2-1,ssp460,r2i1p1f2,2078,9.65754370303875e-4,0.0010064711677841842,6.397452331806908e-4,1.5787374194982865e-6
zooc,CNRM-ESM2-1,ssp460,r2i1p1f2,2079,9.80869572162912e-4,0.0010154957417398691,6.303714471689942e-4,1.5556051693907577e-6
zooc,CNRM-ESM2-1,ssp460,r2i1p1f2,2080,9.64321112035297e-4,9.99811280053109e-4,6.334887657791218e-4,1.5632979622136733e-6
zooc,CNRM-ESM2-1,ssp460,r2i1p1f2,2081,9.635668079781834e-4,9.904001490212977e-4,6.290636031817369e-4,1.5523777248793176e-6
zooc,CNRM-ESM2-1,ssp460,r2i1p1f2,2082,9.740357973929568e-4,9.939733427017927e-4,6.320182509675839e-4,1.559669085219375e-6
zooc,CNRM-ESM2-1,ssp460,r2i1p1f2,2083,9.646042773159235e-4,9.884494938887656e-4,6.338647641555927e-4,1.5642258358043116e-6
zooc,CNRM-ESM2-1,ssp460,r2i1p1f2,2084,9.551092314143591e-4,9.840182028710842e-4,6.37892893372237e-4,1.5741662902150045e-6
zooc,CNRM-ESM2-1,ssp460,r2i1p1f2,2085,9.572924249636005e-4,0.0010037178872153163,6.443480688393463e-4,1.5900961112293558e-6
zooc,CNRM-ESM2-1,ssp460,r2i1p1f2,2086,9.546386246220673e-4,9.746120485942811e-4,6.284915888871805e-4,1.550966131131578e-6
zooc,CNRM-ESM2-1,ssp460,r2i1p1f2,2087,9.53464360039241e-4,9.705171978566796e-4,6.301606017770835e-4,1.5550848536577539e-6
zooc,CNRM-ESM2-1,ssp460,r2i1p1f2,2088,9.682692344874256e-4,9.827885660342872e-4,6.347972569238342e-4,1.5665270037541142e-6
zooc,CNRM-ESM2-1,ssp460,r2i1p1f2,2089,9.461801506423634e-4,9.636303002480417e-4,6.283746619935722e-4,1.5506775836712596e-6
zooc,CNRM-ESM2-1,ssp460,r2i1p1f2,2090,9.648319874942437e-4,9.87948791589588e-4,6.308195572360338e-4,1.5567109972956755e-6
zooc,CNRM-ESM2-1,ssp460,r2i1p1f2,2091,9.424986529271365e-4,9.668500570114702e-4,6.217313638034912e-4,1.5342835210075618e-6
zooc,CNRM-ESM2-1,ssp460,r2i1p1f2,2092,9.437130196881621e-4,9.64214326813817e-4,6.261171711038507e-4,1.5451066389311789e-6
zooc,CNRM-ESM2-1,ssp460,r2i1p1f2,2093,9.471056854563686e-4,9.668855054769665e-4,6.25824461849442e-4,1.54438430286832e-6
zooc,CNRM-ESM2-1,ssp460,r2i1p1f2,2094,9.768004987167273e-4,9.936843998730183e-4,6.389426979374613e-4,1.57675695547411e-6
zooc,CNRM-ESM2-1,ssp460,r2i1p1f2,2095,9.528797615326274e-4,9.662805823609233e-4,6.35492885381162e-4,1.5682436475346255e-6
zooc,CNRM-ESM2-1,ssp460,r2i1p1f2,2096,9.591414530644592e-4,9.94205242022872e-4,6.369875889794788e-4,1.5719322166389065e-6
zooc,CNRM-ESM2-1,ssp460,r2i1p1f2,2097,9.742814998079297e-4,9.861502912826836e-4,6.341229437767751e-4,1.5648629610344383e-6
zooc,CNRM-ESM2-1,ssp460,r2i1p1f2,2098,9.438731208492322e-4,9.547310473863035e-4,6.261043531076275e-4,1.5450750071983716e-6
zooc,CNRM-ESM2-1,ssp460,r2i1p1f2,2099,9.653197980869327e-4,0.0010130503796972334,6.284523740584251e-4,1.5508693583627563e-6
zooc,CNRM-ESM2-1,ssp460,r2i1p1f2,2100,9.798220650884537e-4,0.001024327939376235,6.378338343654617e-4,1.5740205467860289e-6
zooc,CNRM-ESM2-1,ssp534-over,r2i1p1f2,2015,9.302563153638336e-4,9.351195476483554e-4,6.723213567659751e-4,1.6591274601252296e-6
zooc,CNRM-ESM2-1,ssp534-over,r2i1p1f2,2016,9.279420305846796e-4,9.413962252438068e-4,6.722106936327999e-4,1.658854370119644e-6
zooc,CNRM-ESM2-1,ssp534-over,r2i1p1f2,2017,9.16425717649837e-4,9.21853759791702e-4,6.736907622114113e-4,1.662506823514037e-6
zooc,CNRM-ESM2-1,ssp534-over,r2i1p1f2,2018,9.215215650724967e-4,9.166651288978755e-4,6.56271130786718e-4,1.6195193614155672e-6
zooc,CNRM-ESM2-1,ssp534-over,r2i1p1f2,2019,9.154920539419725e-4,9.144751529674977e-4,6.643080229692774e-4,1.6393524789864428e-6
zooc,CNRM-ESM2-1,ssp534-over,r2i1p1f2,2020,9.251667857009509e-4,9.374158689752221e-4,6.698967377488146e-4,1.6531440833497793e-6
zooc,CNRM-ESM2-1,ssp534-over,r2i1p1f2,2021,9.285559633000292e-4,9.408736077602953e-4,6.6404179059218e-4,1.638695481490868e-6
zooc,CNRM-ESM2-1,ssp534-over,r2i1p1f2,2022,9.037223763460903e-4,9.080123563762754e-4,6.66556513447894e-4,1.6449012128759145e-6
zooc,CNRM-ESM2-1,ssp534-over,r2i1p1f2,2023,9.301395330801575e-4,9.676749468781054e-4,6.741760999771551e-4,1.663704520428582e-6
zooc,CNRM-ESM2-1,ssp534-over,r2i1p1f2,2024,9.545807270139089e-4,9.789440082386136e-4,6.713411920359399e-4,1.6567086492356423e-6
zooc,CNRM-ESM2-1,ssp534-over,r2i1p1f2,2025,9.318756972075793e-4,9.526988142170012e-4,6.678972964601567e-4,1.648209942981433e-6
zooc,CNRM-ESM2-1,ssp534-over,r2i1p1f2,2026,9.414134907831916e-4,9.676527697592974e-4,6.732858114768915e-4,1.6615075024648417e-6
zooc,CNRM-ESM2-1,ssp534-over,r2i1p1f2,2027,9.328752722507503e-4,9.545140783302486e-4,6.758853911357373e-4,1.6679226400376251e-6
zooc,CNRM-ESM2-1,ssp534-over,r2i1p1f2,2028,9.193833669099212e-4,9.465994662605226e-4,6.668333220299861e-4,1.6455843099025455e-6
zooc,CNRM-ESM2-1,ssp534-over,r2i1p1f2,2029,9.385728300540617e-4,9.695607586763799e-4,6.741896980873837e-4,1.6637380772951893e-6
zooc,CNRM-ESM2-1,ssp534-over,r2i1p1f2,2030,9.205937405209139e-4,9.355423680972308e-4,6.627564821159043e-4,1.6355236492022456e-6
zooc,CNRM-ESM2-1,ssp534-over,r2i1p1f2,2031,9.291721087808782e-4,9.5886189956218e-4,6.579433989623746e-4,1.623646117204304e-6
zooc,CNRM-ESM2-1,ssp534-over,r2i1p1f2,2032,9.478013146703429e-4,9.617870964575559e-4,6.705749210130134e-4,1.6548176765880515e-6
zooc,CNRM-ESM2-1,ssp534-over,r2i1p1f2,2033,9.405659364898718e-4,9.67831292655319e-4,6.749106632360533e-4,1.6655172459381501e-6
zooc,CNRM-ESM2-1,ssp534-over,r2i1p1f2,2034,9.379817690043344e-4,9.575021103955805e-4,6.670025037958992e-4,1.646001809823906e-6
zooc,CNRM-ESM2-1,ssp534-over,r2i1p1f2,2035,9.271271062990344e-4,9.431176877114922e-4,6.629511502469932e-4,1.6360040433450919e-6
zooc,CNRM-ESM2-1,ssp534-over,r2i1p1f2,2036,9.06153577433308e-4,9.170727571472526e-4,6.574901117304098e-4,1.6225275133011133e-6
zooc,CNRM-ESM2-1,ssp534-over,r2i1p1f2,2037,9.166011310770746e-4,9.080433810595423e-4,6.670245428706987e-4,1.646056196961586e-6
zooc,CNRM-ESM2-1,ssp534-over,r2i1p1f2,2038,9.375872370337701e-4,9.615527524147183e-4,6.757116447012406e-4,1.667493875611698e-6
zooc,CNRM-ESM2-1,ssp534-over,r2i1p1f2,2039,9.364920937818373e-4,9.529699163977057e-4,6.691431960748872e-4,1.6512845236749602e-6
zooc,CNRM-ESM2-1,ssp534-over,r2i1p1f2,2040,9.50818358468842e-4,9.897372801788151e-4,6.599267299367119e-4,1.6285405011903618e-6
zooc,CNRM-ESM2-1,ssp534-over,r2i1p1f2,2041,9.346136162050866e-4,9.591086709406227e-4,6.565680245703603e-4,1.620252023890475e-6
zooc,CNRM-ESM2-1,ssp534-over,r2i1p1f2,2042,9.364055277891199e-4,9.636560862418264e-4,6.669944443538184e-4,1.645981921058608e-6
zooc,CNRM-ESM2-1,ssp534-over,r2i1p1f2,2043,9.226195921055059e-4,9.598456381354481e-4,6.694283664551589e-4,1.6519882556090445e-6
zooc,CNRM-ESM2-1,ssp534-over,r2i1p1f2,2044,9.367789705713607e-4,9.739563392940909e-4,6.720604275346558e-4,1.658483549518383e-6
zooc,CNRM-ESM2-1,ssp534-over,r2i1p1f2,2045,9.468494149935011e-4,9.838854894042015e-4,6.778748895485367e-4,1.6728322437789502e-6
zooc,CNRM-ESM2-1,ssp534-over,r2i1p1f2,2046,9.315306185423476e-4,9.562526538502425e-4,6.585225805797538e-4,1.6250753981815082e-6
zooc,CNRM-ESM2-1,ssp534-over,r2i1p1f2,2047,9.403956884042292e-4,9.627742110751569e-4,6.555414037714359e-4,1.6177185705924504e-6
zooc,CNRM-ESM2-1,ssp534-over,r2i1p1f2,2048,9.37491120591467e-4,9.31600749026984e-4,6.436131385643519e-4,1.588282480012305e-6
zooc,CNRM-ESM2-1,ssp534-over,r2i1p1f2,2049,9.231067132926198e-4,9.32761118747294e-4,6.528198990414332e-4,1.6110025512588865e-6
zooc,CNRM-ESM2-1,ssp534-over,r2i1p1f2,2050,9.37816185374072e-4,9.443206945434213e-4,6.59163101498848e-4,1.6266560498073403e-6
zooc,CNRM-ESM2-1,ssp534-over,r2i1p1f2,2051,9.418580474655104e-4,9.509528172202408e-4,6.646351427201631e-4,1.6401597318811812e-6
zooc,CNRM-ESM2-1,ssp534-over,r2i1p1f2,2052,9.273693365559189e-4,9.481521265115589e-4,6.527497854069556e-4,1.6108295276666411e-6
zooc,CNRM-ESM2-1,ssp534-over,r2i1p1f2,2053,9.244856826802541e-4,9.485167975071818e-4,6.686375494613755e-4,1.6500367094070452e-6
zooc,CNRM-ESM2-1,ssp534-over,r2i1p1f2,2054,9.278228483234936e-4,9.329180174972862e-4,6.66276963046758e-4,1.6442113496991076e-6
zooc,CNRM-ESM2-1,ssp534-over,r2i1p1f2,2055,9.257044861020714e-4,9.363376593682915e-4,6.550600546063468e-4,1.6165307165853291e-6
zooc,CNRM-ESM2-1,ssp534-over,r2i1p1f2,2056,9.058453618798563e-4,9.181639179587364e-4,6.611965100967028e-4,1.6316740133279162e-6
zooc,CNRM-ESM2-1,ssp534-over,r2i1p1f2,2057,9.296691773679619e-4,9.374948276672512e-4,6.592779671748285e-4,1.6269395106781386e-6
zooc,CNRM-ESM2-1,ssp534-over,r2i1p1f2,2058,9.211348202818912e-4,9.203939407598227e-4,6.563473922743666e-4,1.6197075564312908e-6
zooc,CNRM-ESM2-1,ssp534-over,r2i1p1f2,2059,9.159222723113423e-4,9.297030046582222e-4,6.598961119307552e-4,1.6284649433132459e-6
zooc,CNRM-ESM2-1,ssp534-over,r2i1p1f2,2060,9.216242928012892e-4,9.211490105371922e-4,6.600729796514216e-4,1.6289014103229788e-6
zooc,CNRM-ESM2-1,ssp534-over,r2i1p1f2,2061,9.304964953173922e-4,9.479743894189596e-4,6.579064523882634e-4,1.6235549419425807e-6
zooc,CNRM-ESM2-1,ssp534-over,r2i1p1f2,2062,9.254092397762658e-4,9.287372813560069e-4,6.549544877476609e-4,1.6162702029598694e-6
zooc,CNRM-ESM2-1,ssp534-over,r2i1p1f2,2063,9.311573990999163e-4,9.45727078942582e-4,6.593128391880662e-4,1.6270255664224194e-6
zooc,CNRM-ESM2-1,ssp534-over,r2i1p1f2,2064,9.44771264015555e-4,9.762588888406754e-4,6.572916459164813e-4,1.622037747390108e-6
zooc,CNRM-ESM2-1,ssp534-over,r2i1p1f2,2065,9.433422916521718e-4,9.835435776039958e-4,6.554837984251535e-4,1.6175764144480628e-6
zooc,CNRM-ESM2-1,ssp534-over,r2i1p1f2,2066,9.334407725618912e-4,9.685394179541618e-4,6.583322237940465e-4,1.6246056434024731e-6
zooc,CNRM-ESM2-1,ssp534-over,r2i1p1f2,2067,9.460038377105732e-4,9.84177167993039e-4,6.601151575110629e-4,1.629005495139616e-6
zooc,CNRM-ESM2-1,ssp534-over,r2i1p1f2,2068,9.428655599429617e-4,9.598303877282888e-4,6.499975248276031e-4,1.604037610291609e-6
zooc,CNRM-ESM2-1,ssp534-over,r2i1p1f2,2069,9.580048909154848e-4,0.0010027893586084247,6.550431217004212e-4,1.6164889302447374e-6
zooc,CNRM-ESM2-1,ssp534-over,r2i1p1f2,2070,9.739343378374512e-4,0.0010188680025748909,6.544628989789881e-4,1.6150570800730445e-6
zooc,CNRM-ESM2-1,ssp534-over,r2i1p1f2,2071,9.640216971550488e-4,9.882683516480029e-4,6.522961499574804e-4,1.6097100644463575e-6
zooc,CNRM-ESM2-1,ssp534-over,r2i1p1f2,2072,9.695220388124968e-4,0.0010119907092303038,6.644187109834076e-4,1.6396256303922431e-6
zooc,CNRM-ESM2-1,ssp534-over,r2i1p1f2,2073,9.493335284990969e-4,9.767381707206368e-4,6.691161731062574e-4,1.6512178374856006e-6
zooc,CNRM-ESM2-1,ssp534-over,r2i1p1f2,2074,9.720367409875034e-4,0.001008066814392805,6.570447963224079e-4,1.621428581942772e-6
zooc,CNRM-ESM2-1,ssp534-over,r2i1p1f2,2075,9.787266768927184e-4,0.0010097125777974725,6.37590436893672e-4,1.5734199003464841e-6
zooc,CNRM-ESM2-1,ssp534-over,r2i1p1f2,2076,9.420609726705707e-4,9.541723702568561e-4,6.523337008104613e-4,1.6098027309230427e-6
zooc,CNRM-ESM2-1,ssp534-over,r2i1p1f2,2077,9.561933761808979e-4,9.812809876166284e-4,6.473295145310996e-4,1.5974536023580834e-6
zooc,CNRM-ESM2-1,ssp534-over,r2i1p1f2,2078,9.606660425928745e-4,9.884827304631472e-4,6.600902312933108e-4,1.628943983227294e-6
zooc,CNRM-ESM2-1,ssp534-over,r2i1p1f2,2079,9.567875353214173e-4,9.848654735833406e-4,6.583189379034199e-4,1.624572857018776e-6
zooc,CNRM-ESM2-1,ssp534-over,r2i1p1f2,2080,9.68979873461422e-4,0.0010012728162109852,6.620071185363952e-4,1.6336744000598982e-6
zooc,CNRM-ESM2-1,ssp534-over,r2i1p1f2,2081,9.694496031600894e-4,0.0010027248645201325,6.572863424783132e-4,1.6220246597798316e-6
zooc,CNRM-ESM2-1,ssp534-over,r2i1p1f2,2082,9.393731256923386e-4,9.738241496961564e-4,6.514657175715446e-4,1.6076607569813813e-6
zooc,CNRM-ESM2-1,ssp534-over,r2i1p1f2,2083,9.554632035145692e-4,9.813198121264577e-4,6.389486808620974e-4,1.5767717198936184e-6
zooc,CNRM-ESM2-1,ssp534-over,r2i1p1f2,2084,9.62995667561201e-4,9.92938643321395e-4,6.457285405095741e-4,1.5935027834002609e-6
zooc,CNRM-ESM2-1,ssp534-over,r2i1p1f2,2085,9.528522055364534e-4,9.97196533717215e-4,6.501689499268152e-4,1.6044606462201799e-6
zooc,CNRM-ESM2-1,ssp534-over,r2i1p1f2,2086,9.528616902025406e-4,9.742249385453761e-4,6.448713679431289e-4,1.5913874875990144e-6
zooc,CNRM-ESM2-1,ssp534-over,r2i1p1f2,2087,9.470483355802469e-4,9.884872124530375e-4,6.646594160097413e-4,1.6402196325237555e-6
zooc,CNRM-ESM2-1,ssp534-over,r2i1p1f2,2088,9.397873908710835e-4,9.944129851646721e-4,6.562156173262175e-4,1.619382367542331e-6
zooc,CNRM-ESM2-1,ssp534-over,r2i1p1f2,2089,9.538459228267555e-4,0.0010081790969707072,6.592854582464669e-4,1.62695799684184e-6
zooc,CNRM-ESM2-1,ssp534-over,r2i1p1f2,2090,9.687890708098014e-4,9.975010761991143e-4,6.486927965984284e-4,1.6008178547219852e-6
zooc,CNRM-ESM2-1,ssp534-over,r2i1p1f2,2091,9.724604503373708e-4,0.0010013270657509565,6.407769180654929e-4,1.5812833697426829e-6
zooc,CNRM-ESM2-1,ssp534-over,r2i1p1f2,2092,9.637411067892128e-4,9.971130057238042e-4,6.402885936845866e-4,1.5800783025799982e-6
zooc,CNRM-ESM2-1,ssp534-over,r2i1p1f2,2093,9.653825018644415e-4,9.979120804928243e-4,6.515153003628682e-4,1.607783115389019e-6
zooc,CNRM-ESM2-1,ssp534-over,r2i1p1f2,2094,9.511193925864447e-4,9.922909084707499e-4,6.611609648941958e-4,1.6315862963143757e-6
zooc,CNRM-ESM2-1,ssp534-over,r2i1p1f2,2095,9.643551823168018e-4,9.860772406682372e-4,6.547718698197519e-4,1.6158195458212024e-6
zooc,CNRM-ESM2-1,ssp534-over,r2i1p1f2,2096,9.573073678763507e-4,9.914305992424488e-4,6.504382573129434e-4,1.6051252320987085e-6
zooc,CNRM-ESM2-1,ssp534-over,r2i1p1f2,2097,9.73913916560699e-4,0.0010190049652010202,6.477951591957763e-4,1.5986027014340703e-6
zooc,CNRM-ESM2-1,ssp534-over,r2i1p1f2,2098,9.774825931618064e-4,0.001015121873933822,6.526448661518741e-4,1.610570612171172e-6
zooc,CNRM-ESM2-1,ssp534-over,r2i1p1f2,2099,9.760781442773078e-4,0.001005826867185533,6.529206090537573e-4,1.6112510793552721e-6
zooc,CNRM-ESM2-1,ssp534-over,r2i1p1f2,2100,9.770076314492369e-4,0.0010100043728016317,6.441155413903806e-4,1.589522289392626e-6
zooc,CNRM-ESM2-1,ssp585,r2i1p1f2,2015,9.364987814165516e-4,9.490640077274293e-4,6.730113860348474e-4,1.6608302864548633e-6
zooc,CNRM-ESM2-1,ssp585,r2i1p1f2,2016,9.241399796410577e-4,9.543374762870371e-4,6.712162085969128e-4,1.6564002201582913e-6
zooc,CNRM-ESM2-1,ssp585,r2i1p1f2,2017,9.299954483810166e-4,9.512213582638651e-4,6.805301106703723e-4,1.6793846911043377e-6
zooc,CNRM-ESM2-1,ssp585,r2i1p1f2,2018,9.247771857291879e-4,9.29767353227362e-4,6.742638473113912e-4,1.6639210597521048e-6
zooc,CNRM-ESM2-1,ssp585,r2i1p1f2,2019,9.413842033611148e-4,9.56910866079852e-4,6.748601463493781e-4,1.6653925824077724e-6
zooc,CNRM-ESM2-1,ssp585,r2i1p1f2,2020,9.440549260348237e-4,9.801547275856137e-4,6.74642182929089e-4,1.6648547010921407e-6
zooc,CNRM-ESM2-1,ssp585,r2i1p1f2,2021,9.291195620397233e-4,9.469311044085771e-4,6.707993867473481e-4,1.6553716040513757e-6
zooc,CNRM-ESM2-1,ssp585,r2i1p1f2,2022,9.294807489951455e-4,9.265797561965883e-4,6.542623018670369e-4,1.6145620546309537e-6
zooc,CNRM-ESM2-1,ssp585,r2i1p1f2,2023,9.285253868185654e-4,9.4261160120368e-4,6.623742614837988e-4,1.6345804205807378e-6
zooc,CNRM-ESM2-1,ssp585,r2i1p1f2,2024,9.29954063045336e-4,9.458498097956181e-4,6.661473196371755e-4,1.6438914209348373e-6
zooc,CNRM-ESM2-1,ssp585,r2i1p1f2,2025,9.263753326304398e-4,9.357419039588422e-4,6.639514536321388e-4,1.6384725515934903e-6
zooc,CNRM-ESM2-1,ssp585,r2i1p1f2,2026,9.293463715583018e-4,9.254303586203605e-4,6.656443050776087e-4,1.6426501019432253e-6
zooc,CNRM-ESM2-1,ssp585,r2i1p1f2,2027,9.425313527259818e-4,9.706668788567185e-4,6.727893619640493e-4,1.6602823844300908e-6
zooc,CNRM-ESM2-1,ssp585,r2i1p1f2,2028,9.327333348662266e-4,9.586156229488552e-4,6.601272547520275e-4,1.6290353482217383e-6
zooc,CNRM-ESM2-1,ssp585,r2i1p1f2,2029,9.391861960777018e-4,9.652742301113904e-4,6.592405287316085e-4,1.626847121601716e-6
zooc,CNRM-ESM2-1,ssp585,r2i1p1f2,2030,9.242558209514509e-4,9.5077243167907e-4,6.597785657751333e-4,1.628174867663169e-6
zooc,CNRM-ESM2-1,ssp585,r2i1p1f2,2031,9.192015110412692e-4,9.446399344597012e-4,6.69100294567878e-4,1.6511786530706077e-6
zooc,CNRM-ESM2-1,ssp585,r2i1p1f2,2032,9.382042848862975e-4,9.725745476316661e-4,6.710508779627737e-4,1.6559922239042091e-6
zooc,CNRM-ESM2-1,ssp585,r2i1p1f2,2033,9.520470663253681e-4,9.702810202725232e-4,6.799873305595925e-4,1.6780452402932903e-6
zooc,CNRM-ESM2-1,ssp585,r2i1p1f2,2034,9.408464428546049e-4,9.655678295530379e-4,6.703583777718351e-4,1.6542832999330073e-6
zooc,CNRM-ESM2-1,ssp585,r2i1p1f2,2035,9.181222515497789e-4,9.362050623167306e-4,6.754151031327985e-4,1.6667620823192202e-6
zooc,CNRM-ESM2-1,ssp585,r2i1p1f2,2036,9.282311434701136e-4,9.498991130385548e-4,6.790650932633519e-4,1.67576938038263e-6
zooc,CNRM-ESM2-1,ssp585,r2i1p1f2,2037,9.240885559062426e-4,9.366760205011815e-4,6.748178946200825e-4,1.665288315298589e-6
zooc,CNRM-ESM2-1,ssp585,r2i1p1f2,2038,9.109689353970752e-4,9.057368151843548e-4,6.744941298181947e-4,1.6644893416113364e-6
zooc,CNRM-ESM2-1,ssp585,r2i1p1f2,2039,9.075685964994438e-4,9.005554893519729e-4,6.679895622416255e-4,1.6484376327463407e-6
zooc,CNRM-ESM2-1,ssp585,r2i1p1f2,2040,9.341260326640558e-4,9.418947738595307e-4,6.635059709285923e-4,1.6373732073899683e-6
zooc,CNRM-ESM2-1,ssp585,r2i1p1f2,2041,9.309426403149823e-4,9.377380192745477e-4,6.662514281532695e-4,1.6441483357214141e-6
zooc,CNRM-ESM2-1,ssp585,r2i1p1f2,2042,9.238606242586129e-4,9.389421320520341e-4,6.690045378492852e-4,1.650942348512215e-6
zooc,CNRM-ESM2-1,ssp585,r2i1p1f2,2043,9.145882240618222e-4,9.197043546009809e-4,6.800427318915038e-4,1.6781819574601282e-6
zooc,CNRM-ESM2-1,ssp585,r2i1p1f2,2044,9.208334547430767e-4,9.136546868830919e-4,6.687311691091076e-4,1.6502677401883767e-6
zooc,CNRM-ESM2-1,ssp585,r2i1p1f2,2045,9.28201268183753e-4,9.384329605381936e-4,6.686873965137761e-4,1.6501597199474836e-6
zooc,CNRM-ESM2-1,ssp585,r2i1p1f2,2046,9.483033930119835e-4,9.48752713156864e-4,6.576763530818242e-4,1.6229871121778007e-6
zooc,CNRM-ESM2-1,ssp585,r2i1p1f2,2047,9.386510580691493e-4,9.446871699765325e-4,6.580633109059855e-4,1.6239420310503238e-6
zooc,CNRM-ESM2-1,ssp585,r2i1p1f2,2048,9.374013362489422e-4,9.533481497783214e-4,6.656124587780468e-4,1.642571512932814e-6
zooc,CNRM-ESM2-1,ssp585,r2i1p1f2,2049,9.286451749255703e-4,9.405092569068074e-4,6.730539373651055e-4,1.6609352929071881e-6
zooc,CNRM-ESM2-1,ssp585,r2i1p1f2,2050,9.216608336645335e-4,9.244158281944692e-4,6.642077255083772e-4,1.6391049689677804e-6
zooc,CNRM-ESM2-1,ssp585,r2i1p1f2,2051,9.190976954842379e-4,9.280687663704157e-4,6.69532196940904e-4,1.6522444842835678e-6
zooc,CNRM-ESM2-1,ssp585,r2i1p1f2,2052,9.513496251452914e-4,9.69192071352154e-4,6.616212387115074e-4,1.6327221414303952e-6
zooc,CNRM-ESM2-1,ssp585,r2i1p1f2,2053,9.280366630915002e-4,9.467158233746886e-4,6.555784334347817e-4,1.6178099508984276e-6
zooc,CNRM-ESM2-1,ssp585,r2i1p1f2,2054,9.493231032111479e-4,9.710249723866582e-4,6.602879866179863e-4,1.6294319958216481e-6
zooc,CNRM-ESM2-1,ssp585,r2i1p1f2,2055,9.298372985657942e-4,9.494911937508732e-4,6.498253532386968e-4,1.6036127322059537e-6
zooc,CNRM-ESM2-1,ssp585,r2i1p1f2,2056,9.233770340990759e-4,9.173915605060756e-4,6.544150258998673e-4,1.6149389408240517e-6
zooc,CNRM-ESM2-1,ssp585,r2i1p1f2,2057,9.289710877839182e-4,9.437411499675363e-4,6.495088788566025e-4,1.6028317495218926e-6
zooc,CNRM-ESM2-1,ssp585,r2i1p1f2,2058,9.413792767100653e-4,9.771662880666554e-4,6.579013884936728e-4,1.6235424454682594e-6
zooc,CNRM-ESM2-1,ssp585,r2i1p1f2,2059,9.405872505972885e-4,9.625737438909709e-4,6.549357024083737e-4,1.616223845259128e-6
zooc,CNRM-ESM2-1,ssp585,r2i1p1f2,2060,9.453234049178401e-4,9.828632464632392e-4,6.553250231880735e-4,1.6171845953377875e-6
zooc,CNRM-ESM2-1,ssp585,r2i1p1f2,2061,9.392157546788937e-4,9.713179897516966e-4,6.581923407103301e-4,1.6242604455843981e-6
zooc,CNRM-ESM2-1,ssp585,r2i1p1f2,2062,9.393099040176917e-4,9.593963623046875e-4,6.551158686842962e-4,1.616668452310151e-6
zooc,CNRM-ESM2-1,ssp585,r2i1p1f2,2063,9.58820767019922e-4,9.496980055700988e-4,6.414077783997746e-4,1.5828401813679232e-6
zooc,CNRM-ESM2-1,ssp585,r2i1p1f2,2064,9.411783842682028e-4,9.564125502947718e-4,6.492885344830401e-4,1.6022879925860428e-6
zooc,CNRM-ESM2-1,ssp585,r2i1p1f2,2065,9.549626945553006e-4,9.579946345183998e-4,6.349514605702565e-4,1.566907541277809e-6
zooc,CNRM-ESM2-1,ssp585,r2i1p1f2,2066,9.029219405281975e-4,9.072012035176158e-4,6.509665061413938e-4,1.6064288231987694e-6
zooc,CNRM-ESM2-1,ssp585,r2i1p1f2,2067,9.122033599293656e-4,8.991880167741328e-4,6.508437467570948e-4,1.6061258825537506e-6
zooc,CNRM-ESM2-1,ssp585,r2i1p1f2,2068,9.419375201887215e-4,9.53552225837484e-4,6.481906291681183e-4,1.5995786262417005e-6
zooc,CNRM-ESM2-1,ssp585,r2i1p1f2,2069,9.442099239667924e-4,9.414636588189751e-4,6.378479081268745e-4,1.5740552774453961e-6
zooc,CNRM-ESM2-1,ssp585,r2i1p1f2,2070,9.241008601123151e-4,9.42630460485816e-4,6.555642111790516e-4,1.617774853790788e-6
zooc,CNRM-ESM2-1,ssp585,r2i1p1f2,2071,9.318379703331046e-4,9.559803584124893e-4,6.512848553666278e-4,1.607214432544925e-6
zooc,CNRM-ESM2-1,ssp585,r2i1p1f2,2072,9.346729198388108e-4,9.260187216568738e-4,6.359222687473476e-4,1.5693032624443562e-6
zooc,CNRM-ESM2-1,ssp585,r2i1p1f2,2073,9.387135174186023e-4,9.423411393072456e-4,6.454463331021072e-4,1.592806363370662e-6
zooc,CNRM-ESM2-1,ssp585,r2i1p1f2,2074,9.418940896044843e-4,9.508203947916627e-4,6.41485761216837e-4,1.583032624210775e-6
zooc,CNRM-ESM2-1,ssp585,r2i1p1f2,2075,9.497904405805595e-4,9.700058144517243e-4,6.475490924725274e-4,1.597995467923701e-6
zooc,CNRM-ESM2-1,ssp585,r2i1p1f2,2076,9.261971413670148e-4,9.257148776669055e-4,6.40946202934876e-4,1.581701124098618e-6
zooc,CNRM-ESM2-1,ssp585,r2i1p1f2,2077,9.321255425196822e-4,9.484726761002094e-4,6.497018786618177e-4,1.6033080266376035e-6
zooc,CNRM-ESM2-1,ssp585,r2i1p1f2,2078,9.367052373598233e-4,9.412997169420123e-4,6.376011550535862e-4,1.5734463501881508e-6
zooc,CNRM-ESM2-1,ssp585,r2i1p1f2,2079,9.259645526331412e-4,9.333184862043709e-4,6.425075834094979e-4,1.5855542357022856e-6
zooc,CNRM-ESM2-1,ssp585,r2i1p1f2,2080,9.259986051162807e-4,9.396605892106891e-4,6.359054727303282e-4,1.569261813912672e-6
zooc,CNRM-ESM2-1,ssp585,r2i1p1f2,2081,9.288345877587958e-4,9.76805342361331e-4,6.341860964694792e-4,1.565018806696028e-6
zooc,CNRM-ESM2-1,ssp585,r2i1p1f2,2082,9.461261129432524e-4,9.900019504129887e-4,6.371483890258893e-4,1.5723290324917785e-6
zooc,CNRM-ESM2-1,ssp585,r2i1p1f2,2083,9.419432650552591e-4,9.842696599662304e-4,6.37433571762182e-4,1.5730327949175518e-6
zooc,CNRM-ESM2-1,ssp585,r2i1p1f2,2084,9.390389546216214e-4,9.79927135631442e-4,6.378484911245272e-4,1.574056716143431e-6
zooc,CNRM-ESM2-1,ssp585,r2i1p1f2,2085,9.333567673478834e-4,9.730995516292751e-4,6.398220955905592e-4,1.5789270974455666e-6
zooc,CNRM-ESM2-1,ssp585,r2i1p1f2,2086,9.437101874559695e-4,9.606015228200704e-4,6.412806540971009e-4,1.5825264691538268e-6
zooc,CNRM-ESM2-1,ssp585,r2i1p1f2,2087,9.341846460947175e-4,9.463375026825815e-4,6.359607649921332e-4,1.5693982619207116e-6
zooc,CNRM-ESM2-1,ssp585,r2i1p1f2,2088,9.249688556198624e-4,9.607999818399549e-4,6.450454598817287e-4,1.5918171046459977e-6
zooc,CNRM-ESM2-1,ssp585,r2i1p1f2,2089,9.431679215788714e-4,9.5970812253654e-4,6.44071375208892e-4,1.5894132978757288e-6
zooc,CNRM-ESM2-1,ssp585,r2i1p1f2,2090,9.323661474927145e-4,9.477622515987605e-4,6.281511568942819e-4,1.5501260268242568e-6
zooc,CNRM-ESM2-1,ssp585,r2i1p1f2,2091,9.221873700282181e-4,9.442627488169819e-4,6.359220634528076e-4,1.5693027558267909e-6
zooc,CNRM-ESM2-1,ssp585,r2i1p1f2,2092,9.43584543343662e-4,9.781317203305662e-4,6.347573548544395e-4,1.5664285350406303e-6
zooc,CNRM-ESM2-1,ssp585,r2i1p1f2,2093,9.313531132831846e-4,9.576921002008021e-4,6.318131845497851e-4,1.559163030605022e-6
zooc,CNRM-ESM2-1,ssp585,r2i1p1f2,2094,9.284311155175153e-4,9.6493712044321e-4,6.340065515476816e-4,1.564575732997591e-6
zooc,CNRM-ESM2-1,ssp585,r2i1p1f2,2095,9.386992198115542e-4,9.64940176345408e-4,6.384421874467797e-4,1.5755218159224454e-6
zooc,CNRM-ESM2-1,ssp585,r2i1p1f2,2096,9.259178545090867e-4,9.407132165506482e-4,6.245375801660218e-4,1.5412085882827159e-6
zooc,CNRM-ESM2-1,ssp585,r2i1p1f2,2097,9.081335039993862e-4,9.407840552739799e-4,6.299392721935403e-4,1.5545386654605484e-6
zooc,CNRM-ESM2-1,ssp585,r2i1p1f2,2098,9.255237227424624e-4,9.866876644082367e-4,6.313760722112464e-4,1.5580843424498254e-6
zooc,CNRM-ESM2-1,ssp585,r2i1p1f2,2099,9.272344825778321e-4,9.587082895450294e-4,6.353076227280689e-4,1.5677864638500835e-6
zooc,CNRM-ESM2-1,ssp585,r2i1p1f2,2100,9.154091619168089e-4,9.464190225116909e-4,6.397068164071661e-4,1.5786426161378953e-6
zooc,IPSL-CM6A-LR,historical,r1i1p1f1,1950,7.72898445409666e-4,7.39891518605873e-4,5.901773524970918e-4,1.4554411600935788e-6
zooc,IPSL-CM6A-LR,historical,r1i1p1f1,1951,7.562727039616784e-4,6.828635232523084e-4,5.791466115271395e-4,1.4282381602392623e-6
zooc,IPSL-CM6A-LR,historical,r1i1p1f1,1952,7.479152719654598e-4,6.68952299747616e-4,5.966285964428977e-4,1.4713506251599742e-6
zooc,IPSL-CM6A-LR,historical,r1i1p1f1,1953,7.472824979345644e-4,6.894693069625646e-4,5.935337826179289e-4,1.4637184796623066e-6
zooc,IPSL-CM6A-LR,historical,r1i1p1f1,1954,7.682693076489303e-4,7.122044917196035e-4,6.060557050930096e-4,1.4945988943319343e-6
zooc,IPSL-CM6A-LR,historical,r1i1p1f1,1955,7.440471356685923e-4,6.873708334751427e-4,5.818046844707335e-4,1.4347932555038791e-6
zooc,IPSL-CM6A-LR,historical,r1i1p1f1,1956,7.479813780822584e-4,6.905741174705327e-4,5.872982924952032e-4,1.4483410868505131e-6
zooc,IPSL-CM6A-LR,historical,r1i1p1f1,1957,7.332187099969326e-4,6.610497948713601e-4,5.782552774129647e-4,1.4260400339443842e-6
zooc,IPSL-CM6A-LR,historical,r1i1p1f1,1958,7.638086797980591e-4,7.029033731669188e-4,5.957311198602448e-4,1.4691373508737172e-6
zooc,IPSL-CM6A-LR,historical,r1i1p1f1,1959,7.630570640579727e-4,7.31416599592194e-4,5.838990907615625e-4,1.4399582878602274e-6
zooc,IPSL-CM6A-LR,historical,r1i1p1f1,1960,7.605533944648312e-4,7.022794743534178e-4,5.91983741279031e-4,1.4598959101331078e-6
zooc,IPSL-CM6A-LR,historical,r1i1p1f1,1961,7.484329452386266e-4,6.935772835277021e-4,5.791740736836088e-4,1.428305884886271e-6
zooc,IPSL-CM6A-LR,historical,r1i1p1f1,1962,7.447380652983156e-4,6.69009517878294e-4,5.756933035787862e-4,1.4197219294736358e-6
zooc,IPSL-CM6A-LR,historical,r1i1p1f1,1963,7.593085995022164e-4,7.30628235032782e-4,5.874636430703425e-4,1.4487488592461917e-6
zooc,IPSL-CM6A-LR,historical,r1i1p1f1,1964,7.531845448831434e-4,7.152343750931323e-4,5.795597344580887e-4,1.4292569660530367e-6
zooc,IPSL-CM6A-LR,historical,r1i1p1f1,1965,7.582552342610543e-4,7.135174819268286e-4,5.821663961100406e-4,1.4356852755139744e-6
zooc,IPSL-CM6A-LR,historical,r1i1p1f1,1966,7.620785878394244e-4,7.48863909393549e-4,5.83326287314121e-4,1.438545692628434e-6
zooc,IPSL-CM6A-LR,historical,r1i1p1f1,1967,7.715472954098909e-4,7.402109331451356e-4,5.871902462011387e-4,1.4480746330075936e-6
zooc,IPSL-CM6A-LR,historical,r1i1p1f1,1968,7.639253580983062e-4,7.172075565904379e-4,5.703494777985117e-4,1.4065434773353544e-6
zooc,IPSL-CM6A-LR,historical,r1i1p1f1,1969,7.610068513847115e-4,7.233662472572178e-4,5.870808473747635e-4,1.4478048436737624e-6
zooc,IPSL-CM6A-LR,historical,r1i1p1f1,1970,7.565831625426093e-4,7.459007611032575e-4,5.823048133525209e-4,1.436026627399336e-6
zooc,IPSL-CM6A-LR,historical,r1i1p1f1,1971,7.564421426653086e-4,7.12946493877098e-4,5.818492337545386e-4,1.4349031188543252e-6
zooc,IPSL-CM6A-LR,historical,r1i1p1f1,1972,7.487979030091572e-4,6.854560924693942e-4,5.894397335116003e-4,1.453622111925416e-6
zooc,IPSL-CM6A-LR,historical,r1i1p1f1,1973,7.514470258436337e-4,6.885412440169603e-4,5.917676238991347e-4,1.4593629413080897e-6
zooc,IPSL-CM6A-LR,historical,r1i1p1f1,1974,7.689638985996782e-4,7.354489644058049e-4,6.073459730787662e-4,1.4977808346860933e-6
zooc,IPSL-CM6A-LR,historical,r1i1p1f1,1975,7.545760316942638e-4,7.004629878792912e-4,5.797259591275167e-4,1.4296668940597364e-6
zooc,IPSL-CM6A-LR,historical,r1i1p1f1,1976,7.678290750259887e-4,7.202939013950527e-4,5.933678205469963e-4,1.463309199251888e-6
zooc,IPSL-CM6A-LR,historical,r1i1p1f1,1977,7.63790363114623e-4,7.187007286120206e-4,5.894797248074534e-4,1.4537207347847716e-6
zooc,IPSL-CM6A-LR,historical,r1i1p1f1,1978,7.667032440592544e-4,7.198882231023163e-4,5.947916273323057e-4,1.4668204607237013e-6
zooc,IPSL-CM6A-LR,historical,r1i1p1f1,1979,7.644427552041322e-4,7.266372558660805e-4,5.86658392543703e-4,1.4467630243853667e-6
zooc,IPSL-CM6A-LR,historical,r1i1p1f1,1980,7.545648430139549e-4,7.00096832588315e-4,5.787105762897581e-4,1.4271628502005918e-6
zooc,IPSL-CM6A-LR,historical,r1i1p1f1,1981,7.494632732840392e-4,6.802670541219413e-4,5.923028140248984e-4,1.460682778021946e-6
zooc,IPSL-CM6A-LR,historical,r1i1p1f1,1982,7.638412918923918e-4,7.490261050406843e-4,6.011132472209007e-4,1.4824102588503122e-6
zooc,IPSL-CM6A-LR,historical,r1i1p1f1,1983,7.436211942662304e-4,7.204987050499767e-4,5.68079124797626e-4,1.4009445413689876e-6
zooc,IPSL-CM6A-LR,historical,r1i1p1f1,1984,7.755011042595991e-4,7.609224994666874e-4,5.895745670553812e-4,1.4539546260223224e-6
zooc,IPSL-CM6A-LR,historical,r1i1p1f1,1985,7.945086878841241e-4,7.96464504674077e-4,5.915042742771076e-4,1.4587134926673183e-6
zooc,IPSL-CM6A-LR,historical,r1i1p1f1,1986,7.729938733320028e-4,7.384081254713237e-4,5.699426512608437e-4,1.4055401991081652e-6
zooc,IPSL-CM6A-LR,historical,r1i1p1f1,1987,7.790425821097218e-4,7.216647791210562e-4,5.92265760044631e-4,1.4605913989004017e-6
zooc,IPSL-CM6A-LR,historical,r1i1p1f1,1988,7.684062156116203e-4,6.945459172129631e-4,5.823467685860125e-4,1.436130093541245e-6
zooc,IPSL-CM6A-LR,historical,r1i1p1f1,1989,7.588869614720737e-4,6.947933870833367e-4,5.892755868681652e-4,1.453217308555487e-6
zooc,IPSL-CM6A-LR,historical,r1i1p1f1,1990,7.836700549019255e-4,7.887822284828871e-4,5.954472247381436e-4,1.4684372348084232e-6
zooc,IPSL-CM6A-LR,historical,r1i1p1f1,1991,7.526825309692714e-4,7.291078218258917e-4,5.703183892188019e-4,1.4064668095365528e-6
zooc,IPSL-CM6A-LR,historical,r1i1p1f1,1992,7.49462610264398e-4,7.065194367896765e-4,5.729445829800405e-4,1.4129432872907655e-6
zooc,IPSL-CM6A-LR,historical,r1i1p1f1,1993,7.53228695030698e-4,7.033337315078825e-4,5.744129382887264e-4,1.4165644102377255e-6
zooc,IPSL-CM6A-LR,historical,r1i1p1f1,1994,7.581396328795063e-4,7.096183544490486e-4,5.771270417956107e-4,1.4232576829293326e-6
zooc,IPSL-CM6A-LR,historical,r1i1p1f1,1995,7.696883120993957e-4,7.404967909678817e-4,5.83042110477528e-4,1.437844881824745e-6
zooc,IPSL-CM6A-LR,historical,r1i1p1f1,1996,7.571307173259202e-4,7.002914499025792e-4,5.649946270593618e-4,1.3933378364564886e-6
zooc,IPSL-CM6A-LR,historical,r1i1p1f1,1997,7.718415757807369e-4,7.300649594981223e-4,5.794745329895111e-4,1.4290468500197061e-6
zooc,IPSL-CM6A-LR,historical,r1i1p1f1,1998,7.610489605078534e-4,7.304188911803067e-4,5.773892069851183e-4,1.4239042106314523e-6
zooc,IPSL-CM6A-LR,historical,r1i1p1f1,1999,7.530541998917821e-4,6.893379031680524e-4,5.746553892925706e-4,1.4171623206265398e-6
zooc,IPSL-CM6A-LR,historical,r1i1p1f1,2000,7.422039020237979e-4,6.905751361045986e-4,5.74568853607858e-4,1.4169489142719674e-6
zooc,IPSL-CM6A-LR,historical,r1i1p1f1,2001,7.529400787613974e-4,7.105284312274307e-4,5.766631577107344e-4,1.4221136946217762e-6
zooc,IPSL-CM6A-LR,historical,r1i1p1f1,2002,7.46335646541048e-4,6.927586509846151e-4,5.655869926740881e-4,1.39479867410783e-6
zooc,IPSL-CM6A-LR,historical,r1i1p1f1,2003,7.59243497552147e-4,7.171992328949273e-4,5.832881534518551e-4,1.4384516504011269e-6
zooc,IPSL-CM6A-LR,historical,r1i1p1f1,2004,7.428523722005052e-4,7.15006870450452e-4,5.736475245716723e-4,1.414676817256417e-6
zooc,IPSL-CM6A-LR,historical,r1i1p1f1,2005,7.359704801621765e-4,6.645898974966258e-4,5.664179283014135e-4,1.3968478512039701e-6
zooc,IPSL-CM6A-LR,historical,r1i1p1f1,2006,7.400109750975929e-4,6.887435156386346e-4,5.775836007348337e-4,1.4243836066357276e-6
zooc,IPSL-CM6A-LR,historical,r1i1p1f1,2007,7.591577057560057e-4,7.446651870850474e-4,5.85929797485031e-4,1.4449662301963908e-6
zooc,IPSL-CM6A-LR,historical,r1i1p1f1,2008,7.587545038438915e-4,7.270752394106239e-4,5.703367293572897e-4,1.406512038300964e-6
zooc,IPSL-CM6A-LR,historical,r1i1p1f1,2009,7.438390297138064e-4,6.750818574801087e-4,5.708954002593792e-4,1.407889781147936e-6
zooc,IPSL-CM6A-LR,historical,r1i1p1f1,2010,7.5368279421262e-4,7.060268253553659e-4,5.902373011005007e-4,1.4555889998311122e-6
zooc,IPSL-CM6A-LR,historical,r1i1p1f1,2011,7.637223307937558e-4,7.461815257556736e-4,5.864012580504112e-4,1.446128902924024e-6
zooc,IPSL-CM6A-LR,historical,r1i1p1f1,2012,7.524277822971006e-4,6.93389360094443e-4,5.726834230824721e-4,1.412299238747258e-6
zooc,IPSL-CM6A-LR,historical,r1i1p1f1,2013,7.475575636696213e-4,7.159160159062594e-4,5.783908768612339e-4,1.4263744368445664e-6
zooc,IPSL-CM6A-LR,historical,r1i1p1f1,2014,7.581902912001588e-4,7.41440977435559e-4,5.922015516562217e-4,1.4604330540724974e-6
zooc,IPSL-CM6A-LR,ssp119,r1i1p1f1,2015,7.597131339923088e-4,7.224487781058997e-4,5.79400274017858e-4,1.4288637193668728e-6
zooc,IPSL-CM6A-LR,ssp119,r1i1p1f1,2016,7.364049935258368e-4,6.465261685661972e-4,5.59857592049407e-4,1.3806693527156342e-6
zooc,IPSL-CM6A-LR,ssp119,r1i1p1f1,2017,7.398220360396803e-4,6.71701185638085e-4,5.843696163365551e-4,1.441118654800476e-6
zooc,IPSL-CM6A-LR,ssp119,r1i1p1f1,2018,7.552711346173104e-4,7.169059535954148e-4,5.893907386189359e-4,1.4535012852228726e-6
zooc,IPSL-CM6A-LR,ssp119,r1i1p1f1,2019,7.37681933201122e-4,6.891055672895163e-4,5.64226382799546e-4,1.3914432630506969e-6
zooc,IPSL-CM6A-LR,ssp119,r1i1p1f1,2020,7.364104530560279e-4,6.762131815776229e-4,5.777216051913053e-4,1.4247239405461617e-6
zooc,IPSL-CM6A-LR,ssp119,r1i1p1f1,2021,7.433650749077165e-4,7.088073180057108e-4,5.715025083562639e-4,1.4093869753542085e-6
zooc,IPSL-CM6A-LR,ssp119,r1i1p1f1,2022,7.314774968467245e-4,6.725717394147068e-4,5.694200745087162e-4,1.4042514683374295e-6
zooc,IPSL-CM6A-LR,ssp119,r1i1p1f1,2023,7.223619267248813e-4,6.610413547605276e-4,5.754788004276426e-4,1.4191929415112494e-6
zooc,IPSL-CM6A-LR,ssp119,r1i1p1f1,2024,7.299226612663249e-4,6.509895611088723e-4,5.806156635676285e-4,1.4318610014021783e-6
zooc,IPSL-CM6A-LR,ssp119,r1i1p1f1,2025,7.326627639181787e-4,6.422655133064836e-4,5.808430914263025e-4,1.4324218630907291e-6
zooc,IPSL-CM6A-LR,ssp119,r1i1p1f1,2026,7.405499973971146e-4,6.841994472779334e-4,5.901645665955727e-4,1.4554096286780455e-6
zooc,IPSL-CM6A-LR,ssp119,r1i1p1f1,2027,7.32697757443411e-4,6.932047836016864e-4,5.832757560575902e-4,1.4384210770864873e-6
zooc,IPSL-CM6A-LR,ssp119,r1i1p1f1,2028,7.059986105724526e-4,6.142571510281414e-4,5.650292592761313e-4,1.3934232432474105e-6
zooc,IPSL-CM6A-LR,ssp119,r1i1p1f1,2029,7.301380235430624e-4,6.652965385001153e-4,5.878577064827863e-4,1.4497206622266534e-6
zooc,IPSL-CM6A-LR,ssp119,r1i1p1f1,2030,7.386436827568583e-4,6.791460909880698e-4,5.828906490849836e-4,1.4374713616550173e-6
zooc,IPSL-CM6A-LR,ssp119,r1i1p1f1,2031,7.346971325274196e-4,6.76421943353489e-4,5.751076647619976e-4,1.418277680833297e-6
zooc,IPSL-CM6A-LR,ssp119,r1i1p1f1,2032,7.595393586768515e-4,7.516715850215405e-4,5.75596130624937e-4,1.4194822904632917e-6
zooc,IPSL-CM6A-LR,ssp119,r1i1p1f1,2033,7.468128458547527e-4,6.983463827054948e-4,5.713053769901268e-4,1.4089008280918518e-6
zooc,IPSL-CM6A-LR,ssp119,r1i1p1f1,2034,7.33504781431142e-4,6.670358125120401e-4,5.730762461255007e-4,1.4132679828426354e-6
zooc,IPSL-CM6A-LR,ssp119,r1i1p1f1,2035,7.397459460349405e-4,6.773089698981494e-4,5.790220367660791e-4,1.4279309454097048e-6
zooc,IPSL-CM6A-LR,ssp119,r1i1p1f1,2036,7.376356919775297e-4,6.654570170212537e-4,5.608007360709674e-4,1.3829952478437125e-6
zooc,IPSL-CM6A-LR,ssp119,r1i1p1f1,2037,7.352136986061344e-4,6.205005920492113e-4,5.747189216505408e-4,1.4173189982902901e-6
zooc,IPSL-CM6A-LR,ssp119,r1i1p1f1,2038,7.278671771952186e-4,6.510196253657341e-4,5.770494754085275e-4,1.4230663958324574e-6
zooc,IPSL-CM6A-LR,ssp119,r1i1p1f1,2039,7.22911219860269e-4,6.395694508682936e-4,5.689642626438828e-4,1.4031273869972517e-6
zooc,IPSL-CM6A-LR,ssp119,r1i1p1f1,2040,7.409245765783961e-4,6.870688521303236e-4,5.828161464053166e-4,1.4372876299918723e-6
zooc,IPSL-CM6A-LR,ssp119,r1i1p1f1,2041,7.461093735401589e-4,6.999410106800497e-4,5.914197283118845e-4,1.4585049931761315e-6
zooc,IPSL-CM6A-LR,ssp119,r1i1p1f1,2042,7.388021760387014e-4,6.857289408799261e-4,5.776690054288694e-4,1.4245942238450102e-6
zooc,IPSL-CM6A-LR,ssp119,r1i1p1f1,2043,7.318189243728998e-4,6.820283306296915e-4,5.747049081027752e-4,1.4172844393663824e-6
zooc,IPSL-CM6A-LR,ssp119,r1i1p1f1,2044,7.466819074290997e-4,7.118842622730881e-4,5.772669539904157e-4,1.4236027215287582e-6
zooc,IPSL-CM6A-LR,ssp119,r1i1p1f1,2045,7.437022407708596e-4,6.979965255595744e-4,5.761612719048275e-4,1.4208759899614856e-6
zooc,IPSL-CM6A-LR,ssp119,r1i1p1f1,2046,7.283359905655447e-4,6.439678836613894e-4,5.82161375605573e-4,1.4356728944071501e-6
zooc,IPSL-CM6A-LR,ssp119,r1i1p1f1,2047,7.214673449687615e-4,6.59387354971841e-4,5.696886182898379e-4,1.4049137263361106e-6
zooc,IPSL-CM6A-LR,ssp119,r1i1p1f1,2048,7.210034173267736e-4,6.455706607084721e-4,5.68957325793198e-4,1.4031102799734641e-6
zooc,IPSL-CM6A-LR,ssp119,r1i1p1f1,2049,7.495160479193994e-4,7.108315476216376e-4,5.854378168666984e-4,1.443752952799588e-6
zooc,IPSL-CM6A-LR,ssp119,r1i1p1f1,2050,7.401113090761003e-4,7.051356660667807e-4,5.794056002112291e-4,1.4288768543355838e-6
zooc,IPSL-CM6A-LR,ssp119,r1i1p1f1,2051,7.522481080606526e-4,7.034287264104933e-4,5.88933373207605e-4,1.4523733726690656e-6
zooc,IPSL-CM6A-LR,ssp119,r1i1p1f1,2052,7.316587077448723e-4,6.604068912565708e-4,5.713137893210022e-4,1.4089215738093156e-6
zooc,IPSL-CM6A-LR,ssp119,r1i1p1f1,2053,7.363907485398067e-4,6.555665167979896e-4,5.887208855489238e-4,1.4518493551290023e-6
zooc,IPSL-CM6A-LR,ssp119,r1i1p1f1,2054,7.483747051620909e-4,6.928191869519651e-4,5.888676885261964e-4,1.452211387143011e-6
zooc,IPSL-CM6A-LR,ssp119,r1i1p1f1,2055,7.486610822992446e-4,6.896796985529363e-4,5.752080171876253e-4,1.4185251607648054e-6
zooc,IPSL-CM6A-LR,ssp119,r1i1p1f1,2056,7.391528001971311e-4,6.543571362271905e-4,5.718956664573256e-4,1.4103565457389216e-6
zooc,IPSL-CM6A-LR,ssp119,r1i1p1f1,2057,7.309635916156831e-4,6.201488140504807e-4,5.777246471281542e-4,1.4247314422913194e-6
zooc,IPSL-CM6A-LR,ssp119,r1i1p1f1,2058,7.332640919677731e-4,6.299932138063014e-4,5.824744614788386e-4,1.4364449980208632e-6
zooc,IPSL-CM6A-LR,ssp119,r1i1p1f1,2059,7.384910923488432e-4,6.646567780990154e-4,5.793398390062425e-4,1.4287146800941124e-6
zooc,IPSL-CM6A-LR,ssp119,r1i1p1f1,2060,0.00073559099097518575,6.327129958663136e-4,5.860347738417388e-4,1.4452251132418729e-6
zooc,IPSL-CM6A-LR,ssp119,r1i1p1f1,2061,7.39559247934066e-4,6.750692264176905e-4,5.902310072578091e-4,1.4555734785345568e-6
zooc,IPSL-CM6A-LR,ssp119,r1i1p1f1,2062,7.412009656377318e-4,6.828049954492599e-4,5.74712104849891e-4,1.4173021873228686e-6
zooc,IPSL-CM6A-LR,ssp119,r1i1p1f1,2063,7.350827126250163e-4,6.68236258206889e-4,5.786518756816909e-4,1.4270180881545018e-6
zooc,IPSL-CM6A-LR,ssp119,r1i1p1f1,2064,7.509643003254326e-4,7.094750762917101e-4,5.913281828808393e-4,1.4582792322454588e-6
zooc,IPSL-CM6A-LR,ssp119,r1i1p1f1,2065,7.593209753963379e-4,7.333137909881771e-4,5.8849003821982e-4,1.451280060656665e-6
zooc,IPSL-CM6A-LR,ssp119,r1i1p1f1,2066,7.420289835328426e-4,6.673565949313343e-4,5.782366755213401e-4,1.4259941596684372e-6
zooc,IPSL-CM6A-LR,ssp119,r1i1p1f1,2067,7.37337076590151e-4,6.733719492331147e-4,5.841495714945506e-4,1.4405760004292695e-6
zooc,IPSL-CM6A-LR,ssp119,r1i1p1f1,2068,7.495130123144333e-4,7.114031759556383e-4,5.792316286843254e-4,1.4284478217407738e-6
zooc,IPSL-CM6A-LR,ssp119,r1i1p1f1,2069,7.451850765678351e-4,7.09580141119659e-4,5.703787275610895e-4,1.4066156104122989e-6
zooc,IPSL-CM6A-LR,ssp119,r1i1p1f1,2070,7.48912878387671e-4,6.840961577836424e-4,5.751944051591272e-4,1.418491592030823e-6
zooc,IPSL-CM6A-LR,ssp119,r1i1p1f1,2071,7.37816613229461e-4,6.532773259095848e-4,5.710178223089015e-4,1.4081916871580933e-6
zooc,IPSL-CM6A-LR,ssp119,r1i1p1f1,2072,7.55263253898855e-4,6.959981692489237e-4,5.802617587758229e-4,1.4309882339220827e-6
zooc,IPSL-CM6A-LR,ssp119,r1i1p1f1,2073,7.457127548446175e-4,6.759731040801853e-4,5.841833947311314e-4,1.4406594121875807e-6
zooc,IPSL-CM6A-LR,ssp119,r1i1p1f1,2074,7.507518300573996e-4,6.97158626280725e-4,5.852648585315747e-4,1.4433264188452516e-6
zooc,IPSL-CM6A-LR,ssp119,r1i1p1f1,2075,7.50750575794897e-4,7.073398737702519e-4,5.883307422833216e-4,1.4508872196544908e-6
zooc,IPSL-CM6A-LR,ssp119,r1i1p1f1,2076,7.400919280484222e-4,6.818881374783814e-4,5.711839650539184e-4,1.4086014131303377e-6
zooc,IPSL-CM6A-LR,ssp119,r1i1p1f1,2077,7.644764704953303e-4,7.125372649170458e-4,5.990322813319141e-4,1.4772783719780577e-6
zooc,IPSL-CM6A-LR,ssp119,r1i1p1f1,2078,7.541605800069102e-4,7.208833412732929e-4,5.765225263814938e-4,1.4217668825590812e-6
zooc,IPSL-CM6A-LR,ssp119,r1i1p1f1,2079,7.498174342316212e-4,6.994580617174506e-4,5.712519967391906e-4,1.4087691866216735e-6
zooc,IPSL-CM6A-LR,ssp119,r1i1p1f1,2080,7.596309999172928e-4,7.278851990122348e-4,5.869056100259861e-4,1.4473726894253535e-6
zooc,IPSL-CM6A-LR,ssp119,r1i1p1f1,2081,7.431842050546834e-4,6.872978119645268e-4,5.776515003492773e-4,1.4245510544261207e-6
zooc,IPSL-CM6A-LR,ssp119,r1i1p1f1,2082,7.276838902951857e-4,6.350530602503568e-4,5.728261614708219e-4,1.4126512470455275e-6
zooc,IPSL-CM6A-LR,ssp119,r1i1p1f1,2083,7.254345148571517e-4,6.116762524470687e-4,5.724980877965686e-4,1.4118421818941267e-6
zooc,IPSL-CM6A-LR,ssp119,r1i1p1f1,2084,7.375365764637192e-4,6.427932530641556e-4,5.834288009351024e-4,1.438798502301349e-6
zooc,IPSL-CM6A-LR,ssp119,r1i1p1f1,2085,7.606859565310748e-4,7.201347907539457e-4,5.95769537188512e-4,1.4692320921588314e-6
zooc,IPSL-CM6A-LR,ssp119,r1i1p1f1,2086,7.577667620002066e-4,7.219981634989381e-4,5.764726526263776e-4,1.4216438884867105e-6
zooc,IPSL-CM6A-LR,ssp119,r1i1p1f1,2087,7.477003864992304e-4,6.685885309707373e-4,5.684724536931886e-4,1.4019145329514057e-6
zooc,IPSL-CM6A-LR,ssp119,r1i1p1f1,2088,7.395138245614649e-4,6.621936627198011e-4,5.757465349397295e-4,1.419853203764994e-6
zooc,IPSL-CM6A-LR,ssp119,r1i1p1f1,2089,7.571673612060472e-4,7.077079208102077e-4,5.898653948285786e-4,1.4546718387547645e-6
zooc,IPSL-CM6A-LR,ssp119,r1i1p1f1,2090,7.600748585232945e-4,7.260058191604912e-4,5.669989524894664e-4,1.398280719670922e-6
zooc,IPSL-CM6A-LR,ssp119,r1i1p1f1,2091,7.613389829666494e-4,7.209294708445668e-4,5.774254252231433e-4,1.423993528722268e-6
zooc,IPSL-CM6A-LR,ssp119,r1i1p1f1,2092,7.630454926840274e-4,7.192326884251088e-4,5.762706754358929e-4,1.4211457908975914e-6
zooc,IPSL-CM6A-LR,ssp119,r1i1p1f1,2093,7.587904062066194e-4,6.710278976242989e-4,5.719668871563121e-4,1.4105321836828668e-6
zooc,IPSL-CM6A-LR,ssp119,r1i1p1f1,2094,7.489535865107451e-4,6.649489514529705e-4,5.668297128964115e-4,1.3978633565365906e-6
zooc,IPSL-CM6A-LR,ssp119,r1i1p1f1,2095,7.607897157430407e-4,7.123262039385736e-4,5.820705000963775e-4,1.4354487855761894e-6
zooc,IPSL-CM6A-LR,ssp119,r1i1p1f1,2096,7.599155137660504e-4,7.173118356149644e-4,5.744666609960366e-4,1.4166968962423479e-6
zooc,IPSL-CM6A-LR,ssp119,r1i1p1f1,2097,7.526394818200287e-4,7.188398158177733e-4,5.700879036064593e-4,1.4058984070968565e-6
zooc,IPSL-CM6A-LR,ssp119,r1i1p1f1,2098,7.364665638924167e-4,6.298259540926665e-4,5.599944499868597e-4,1.3810068591862085e-6
zooc,IPSL-CM6A-LR,ssp119,r1i1p1f1,2099,7.501174739043276e-4,6.591420969925821e-4,5.783016120872555e-4,1.4261543002608006e-6
zooc,IPSL-CM6A-LR,ssp119,r1i1p1f1,2100,7.461313995821335e-4,6.662120576947927e-4,5.773922499350884e-4,1.4239117148750767e-6
zooc,IPSL-CM6A-LR,ssp126,r1i1p1f1,2015,7.668265702328824e-4,7.419102475978434e-4,5.808867359293152e-4,1.432529495153918e-6
zooc,IPSL-CM6A-LR,ssp126,r1i1p1f1,2016,7.512682491490692e-4,6.980210309848189e-4,5.692876765357851e-4,1.4039249606215682e-6
zooc,IPSL-CM6A-LR,ssp126,r1i1p1f1,2017,7.539851085401326e-4,6.806389719713479e-4,5.86409521855001e-4,1.4461492823596092e-6
zooc,IPSL-CM6A-LR,ssp126,r1i1p1f1,2018,7.425813394537666e-4,6.778250972274691e-4,5.839156048740885e-4,1.4399990134471905e-6
zooc,IPSL-CM6A-LR,ssp126,r1i1p1f1,2019,7.568694322819717e-4,7.253684452734888e-4,5.843807394494172e-4,1.4411460855994033e-6
zooc,IPSL-CM6A-LR,ssp126,r1i1p1f1,2020,7.451928505581309e-4,6.988564564380795e-4,5.718287735844001e-4,1.4101915806819592e-6
zooc,IPSL-CM6A-LR,ssp126,r1i1p1f1,2021,7.360514175576774e-4,6.731466564815491e-4,5.740454388027356e-4,1.4156581167719375e-6
zooc,IPSL-CM6A-LR,ssp126,r1i1p1f1,2022,7.556341129503863e-4,7.28569139027968e-4,5.808636436562399e-4,1.4324725471118222e-6
zooc,IPSL-CM6A-LR,ssp126,r1i1p1f1,2023,7.49126975550254e-4,6.82638114085421e-4,5.722933698934471e-4,1.4113373254113248e-6
zooc,IPSL-CM6A-LR,ssp126,r1i1p1f1,2024,7.30931593770644e-4,6.406153843272477e-4,5.746090652268854e-4,1.4170480804720916e-6
zooc,IPSL-CM6A-LR,ssp126,r1i1p1f1,2025,7.569438004780875e-4,6.929381634108722e-4,5.912539669176431e-4,1.4580962076561303e-6
zooc,IPSL-CM6A-LR,ssp126,r1i1p1f1,2026,7.426437690741039e-4,7.027582032606006e-4,5.843313949054922e-4,1.4410243966190475e-6
zooc,IPSL-CM6A-LR,ssp126,r1i1p1f1,2027,7.419258402342753e-4,6.856317340862006e-4,5.822908966750165e-4,1.4359923073679658e-6
zooc,IPSL-CM6A-LR,ssp126,r1i1p1f1,2028,7.322407715464071e-4,6.578671745955944e-4,5.723631026884931e-4,1.4115092940232835e-6
zooc,IPSL-CM6A-LR,ssp126,r1i1p1f1,2029,7.396881275075062e-4,6.800918490625918e-4,5.84287087797978e-4,1.4409151305015186e-6
zooc,IPSL-CM6A-LR,ssp126,r1i1p1f1,2030,7.385585063869277e-4,6.624045490752906e-4,5.815320469005275e-4,1.4341209017787035e-6
zooc,IPSL-CM6A-LR,ssp126,r1i1p1f1,2031,7.455389045185266e-4,6.678697827737778e-4,5.892858821659359e-4,1.4532426978728974e-6
zooc,IPSL-CM6A-LR,ssp126,r1i1p1f1,2032,7.307880242315847e-4,6.356268422678113e-4,5.86078269148053e-4,1.4453323773698724e-6
zooc,IPSL-CM6A-LR,ssp126,r1i1p1f1,2033,7.169826590901227e-4,6.121979095041752e-4,5.818050467398528e-4,1.4347941488986951e-6
zooc,IPSL-CM6A-LR,ssp126,r1i1p1f1,2034,7.334365785048358e-4,6.424504099413753e-4,5.907519632589841e-4,1.456858212358211e-6
zooc,IPSL-CM6A-LR,ssp126,r1i1p1f1,2035,7.397139844760186e-4,6.935443670954555e-4,5.896972158840996e-4,1.4542570912944963e-6
zooc,IPSL-CM6A-LR,ssp126,r1i1p1f1,2036,7.268164895020034e-4,6.959337624721229e-4,5.77309491674832e-4,1.4237076240576208e-6
zooc,IPSL-CM6A-LR,ssp126,r1i1p1f1,2037,7.302772861255116e-4,6.348105380311608e-4,5.748936319917517e-4,1.417749852881061e-6
zooc,IPSL-CM6A-LR,ssp126,r1i1p1f1,2038,7.337911728008923e-4,6.461962766479701e-4,5.879711964877146e-4,1.4500005408491267e-6
zooc,IPSL-CM6A-LR,ssp126,r1i1p1f1,2039,7.408925160685397e-4,6.799868715461344e-4,5.955543676732637e-4,1.4687014608705165e-6
zooc,IPSL-CM6A-LR,ssp126,r1i1p1f1,2040,7.314409980969224e-4,6.755748181603849e-4,5.828653025891238e-4,1.4374088544558127e-6
zooc,IPSL-CM6A-LR,ssp126,r1i1p1f1,2041,7.247661247959801e-4,6.196243048179895e-4,5.744975460073066e-4,1.4167730620193677e-6
zooc,IPSL-CM6A-LR,ssp126,r1i1p1f1,2042,7.465386593979773e-4,6.755820941179991e-4,5.950732800696425e-4,1.467515046825724e-6
zooc,IPSL-CM6A-LR,ssp126,r1i1p1f1,2043,7.425298858750585e-4,7.154015183914453e-4,5.753187163808199e-4,1.4187981569438064e-6
zooc,IPSL-CM6A-LR,ssp126,r1i1p1f1,2044,7.387772405556276e-4,6.252080202102661e-4,5.791886019731417e-4,1.4283417132190298e-6
zooc,IPSL-CM6A-LR,ssp126,r1i1p1f1,2045,7.430382779298468e-4,6.590236444026232e-4,5.992966888350144e-4,1.4779304294679317e-6
zooc,IPSL-CM6A-LR,ssp126,r1i1p1f1,2046,7.448586680470429e-4,6.987743254285306e-4,5.885506840867474e-4,1.4514296199214219e-6
zooc,IPSL-CM6A-LR,ssp126,r1i1p1f1,2047,7.338376508498422e-4,6.455527327489108e-4,5.770896170311113e-4,1.423165389413784e-6
zooc,IPSL-CM6A-LR,ssp126,r1i1p1f1,2048,7.358482305765705e-4,6.61563768517226e-4,5.758306679360871e-4,1.420060684830309e-6
zooc,IPSL-CM6A-LR,ssp126,r1i1p1f1,2049,7.515777252651326e-4,6.948884984012693e-4,5.785682501958519e-4,1.4268118586649967e-6
zooc,IPSL-CM6A-LR,ssp126,r1i1p1f1,2050,7.431825304899436e-4,6.714549090247601e-4,5.613299725391011e-4,1.3843004021941552e-6
zooc,IPSL-CM6A-LR,ssp126,r1i1p1f1,2051,7.412706052936833e-4,6.68724940624088e-4,5.826827197770191e-4,1.4369585855006612e-6
zooc,IPSL-CM6A-LR,ssp126,r1i1p1f1,2052,7.398453740935437e-4,7.108227873686701e-4,5.788726357425489e-4,1.4275625063327292e-6
zooc,IPSL-CM6A-LR,ssp126,r1i1p1f1,2053,7.222818248082097e-4,6.509905506391078e-4,5.729121585360527e-4,1.4128633251062233e-6
zooc,IPSL-CM6A-LR,ssp126,r1i1p1f1,2054,7.444575621938951e-4,6.789696926716715e-4,5.914836786943185e-4,1.4586627017334056e-6
zooc,IPSL-CM6A-LR,ssp126,r1i1p1f1,2055,7.22176047071957e-4,6.498461589217186e-4,5.730034476619922e-4,1.4130884539607941e-6
zooc,IPSL-CM6A-LR,ssp126,r1i1p1f1,2056,7.31774607296918e-4,6.357977399602532e-4,5.728162721459613e-4,1.4126268589012067e-6
zooc,IPSL-CM6A-LR,ssp126,r1i1p1f1,2057,7.42075975236722e-4,6.712675676681101e-4,5.804836949389458e-4,1.4315355524956534e-6
zooc,IPSL-CM6A-LR,ssp126,r1i1p1f1,2058,7.27510020538278e-4,6.300040695350617e-4,5.614744340656953e-4,1.384656659937638e-6
zooc,IPSL-CM6A-LR,ssp126,r1i1p1f1,2059,7.246088515386751e-4,6.334528443403542e-4,5.775253349290385e-4,1.42423991685905e-6
zooc,IPSL-CM6A-LR,ssp126,r1i1p1f1,2060,7.513050506835052e-4,7.020982156973332e-4,5.894361420783058e-4,1.453613255062613e-6
zooc,IPSL-CM6A-LR,ssp126,r1i1p1f1,2061,7.490072888575623e-4,7.075433095451444e-4,5.688526799647262e-4,1.4028522120463478e-6
zooc,IPSL-CM6A-LR,ssp126,r1i1p1f1,2062,7.299239436114575e-4,6.341515982057899e-4,5.767649242473596e-4,1.4223646619038955e-6
zooc,IPSL-CM6A-LR,ssp126,r1i1p1f1,2063,7.288316693365919e-4,6.445726903621107e-4,5.814963034533108e-4,1.4340327545733547e-6
zooc,IPSL-CM6A-LR,ssp126,r1i1p1f1,2064,7.376184920900397e-4,6.607733957935125e-4,5.883888944591506e-4,1.451030629207386e-6
zooc,IPSL-CM6A-LR,ssp126,r1i1p1f1,2065,7.226699511655611e-4,6.293352344073355e-4,5.702564608594476e-4,1.4063140875068105e-6
zooc,IPSL-CM6A-LR,ssp126,r1i1p1f1,2066,7.338992018764587e-4,6.490231025964022e-4,5.811403077661473e-4,1.4331548307192431e-6
zooc,IPSL-CM6A-LR,ssp126,r1i1p1f1,2067,7.330711139991861e-4,6.727231084369123e-4,5.733997227673972e-4,1.4140657112152221e-6
zooc,IPSL-CM6A-LR,ssp126,r1i1p1f1,2068,7.309458287851656e-4,6.750700995326042e-4,5.698674134056372e-4,1.4053546544226546e-6
zooc,IPSL-CM6A-LR,ssp126,r1i1p1f1,2069,7.313116355245693e-4,6.482113094534725e-4,5.693155060163807e-4,1.403993591129587e-6
zooc,IPSL-CM6A-LR,ssp126,r1i1p1f1,2070,7.201912382754105e-4,5.876277282368392e-4,5.737613147136807e-4,1.41495743604938e-6
zooc,IPSL-CM6A-LR,ssp126,r1i1p1f1,2071,7.256870367389921e-4,6.302956899162382e-4,5.83585086796593e-4,1.4391839201331104e-6
zooc,IPSL-CM6A-LR,ssp126,r1i1p1f1,2072,7.378176651210027e-4,6.945740606170148e-4,5.819495813692938e-4,1.4351505869217018e-6
zooc,IPSL-CM6A-LR,ssp126,r1i1p1f1,2073,7.405177474966348e-4,6.905050249770284e-4,5.730543444954728e-4,1.4132139710550246e-6
zooc,IPSL-CM6A-LR,ssp126,r1i1p1f1,2074,7.411250036175803e-4,7.007239910308272e-4,5.73602792921424e-4,1.4145665041706052e-6
zooc,IPSL-CM6A-LR,ssp126,r1i1p1f1,2075,7.42812905040358e-4,6.966722430661321e-4,5.577633354842979e-4,1.3755046895990992e-6
zooc,IPSL-CM6A-LR,ssp126,r1i1p1f1,2076,7.340399357163271e-4,6.503024196717888e-4,5.588771966673745e-4,1.3782515917050864e-6
zooc,IPSL-CM6A-LR,ssp126,r1i1p1f1,2077,7.483060978386904e-4,6.608749099541456e-4,5.700768274959205e-4,1.4058710922107402e-6
zooc,IPSL-CM6A-LR,ssp126,r1i1p1f1,2078,7.443046672307407e-4,6.804412405472249e-4,5.808142408222262e-4,1.4323507143818056e-6
zooc,IPSL-CM6A-LR,ssp126,r1i1p1f1,2079,7.546842421657431e-4,6.783847638871521e-4,5.704160791513978e-4,1.4067077234723811e-6
zooc,IPSL-CM6A-LR,ssp126,r1i1p1f1,2080,7.497645436356187e-4,6.514864508062601e-4,5.790670899684416e-4,1.428042051477796e-6
zooc,IPSL-CM6A-LR,ssp126,r1i1p1f1,2081,7.552383722661928e-4,6.770426698494703e-4,5.820090598611114e-4,1.4352972673132237e-6
zooc,IPSL-CM6A-LR,ssp126,r1i1p1f1,2082,7.428822860587965e-4,6.50929199764505e-4,5.691289591463293e-4,1.4035335463789527e-6
zooc,IPSL-CM6A-LR,ssp126,r1i1p1f1,2083,7.561545812480949e-4,6.779609830118716e-4,5.82188428254379e-4,1.4357396091639859e-6
zooc,IPSL-CM6A-LR,ssp126,r1i1p1f1,2084,7.478841200749196e-4,6.82085839798674e-4,5.701990191702749e-4,1.406172430090826e-6
zooc,IPSL-CM6A-LR,ssp126,r1i1p1f1,2085,7.449736531372451e-4,7.005138613749295e-4,5.69245043320741e-4,1.4038198225038486e-6
zooc,IPSL-CM6A-LR,ssp126,r1i1p1f1,2086,7.634763181541783e-4,7.282796723302454e-4,5.664805016128669e-4,1.3970021637553196e-6
zooc,IPSL-CM6A-LR,ssp126,r1i1p1f1,2087,7.487130096567635e-4,6.653543678112328e-4,5.542810898411389e-4,1.3669170953493942e-6
zooc,IPSL-CM6A-LR,ssp126,r1i1p1f1,2088,7.557373750766938e-4,7.026167877484113e-4,5.764314155104207e-4,1.4215421933002835e-6
zooc,IPSL-CM6A-LR,ssp126,r1i1p1f1,2089,7.590423981576623e-4,7.233052747324109e-4,5.827843478272839e-4,1.437209211260443e-6
zooc,IPSL-CM6A-LR,ssp126,r1i1p1f1,2090,7.618196392308125e-4,7.18278402928263e-4,5.676819046714467e-4,1.3999649535911565e-6
zooc,IPSL-CM6A-LR,ssp126,r1i1p1f1,2091,7.640120405541234e-4,7.183380366768688e-4,5.816382222845823e-4,1.4343827417552603e-6
zooc,IPSL-CM6A-LR,ssp126,r1i1p1f1,2092,7.579188256196138e-4,7.339347794186324e-4,5.741283127818814e-4,1.4158624929646856e-6
zooc,IPSL-CM6A-LR,ssp126,r1i1p1f1,2093,7.424411422528282e-4,6.76988682243973e-4,5.687462539043557e-4,1.4025897538748939e-6
zooc,IPSL-CM6A-LR,ssp126,r1i1p1f1,2094,7.431780777581088e-4,6.954529089853168e-4,5.770012527234323e-4,1.422947473477269e-6
zooc,IPSL-CM6A-LR,ssp126,r1i1p1f1,2095,7.580951854554024e-4,7.108685094863176e-4,5.827325988386023e-4,1.4370815926593534e-6
zooc,IPSL-CM6A-LR,ssp126,r1i1p1f1,2096,7.727062524572264e-4,7.329162035603076e-4,5.956695395490458e-4,1.468985487168356e-6
zooc,IPSL-CM6A-LR,ssp126,r1i1p1f1,2097,7.596578887130864e-4,7.244506850838661e-4,5.73851178485804e-4,1.4151790498273339e-6
zooc,IPSL-CM6A-LR,ssp126,r1i1p1f1,2098,7.417249786007395e-4,6.517377914860845e-4,5.623672708966571e-4,1.386858492094584e-6
zooc,IPSL-CM6A-LR,ssp126,r1i1p1f1,2099,7.522607013067924e-4,6.851206708233804e-4,5.807080152834852e-4,1.43208875071837e-6
zooc,IPSL-CM6A-LR,ssp126,r1i1p1f1,2100,7.553526282903881e-4,6.84056052705273e-4,5.716590138803335e-4,1.4097729348976393e-6
zooc,IPSL-CM6A-LR,ssp245,r1i1p1f1,2015,7.610811553629804e-4,7.383365300484002e-4,5.846503808348933e-4,1.4418110504090932e-6
zooc,IPSL-CM6A-LR,ssp245,r1i1p1f1,2016,7.622155759877075e-4,7.155497733037919e-4,5.723313062711753e-4,1.4114308806204105e-6
zooc,IPSL-CM6A-LR,ssp245,r1i1p1f1,2017,7.369262198864141e-4,6.648244161624461e-4,5.724044617403688e-4,1.4116112899168697e-6
zooc,IPSL-CM6A-LR,ssp245,r1i1p1f1,2018,7.446589966262626e-4,6.934941920917481e-4,5.887557857478062e-4,1.4519354227927883e-6
zooc,IPSL-CM6A-LR,ssp245,r1i1p1f1,2019,7.50493505017132e-4,7.12854292942211e-4,5.765645506242542e-4,1.4218705188853083e-6
zooc,IPSL-CM6A-LR,ssp245,r1i1p1f1,2020,7.357868095573815e-4,6.863094749860466e-4,5.680408312301935e-4,1.4008501052914727e-6
zooc,IPSL-CM6A-LR,ssp245,r1i1p1f1,2021,7.34753979446409e-4,6.811563507653773e-4,5.787090631133811e-4,1.4271591185440446e-6
zooc,IPSL-CM6A-LR,ssp245,r1i1p1f1,2022,7.507439670014299e-4,7.294830284081399e-4,5.89383519517635e-4,1.4534834821385493e-6
zooc,IPSL-CM6A-LR,ssp245,r1i1p1f1,2023,7.449887938353805e-4,7.021346827968955e-4,5.714240862569927e-4,1.4091935779785599e-6
zooc,IPSL-CM6A-LR,ssp245,r1i1p1f1,2024,7.420351915449696e-4,6.743649137206376e-4,5.817090848606342e-4,1.434557496529329e-6
zooc,IPSL-CM6A-LR,ssp245,r1i1p1f1,2025,7.31846663073366e-4,6.38183148112148e-4,5.775225277172681e-4,1.424232993971314e-6
zooc,IPSL-CM6A-LR,ssp245,r1i1p1f1,2026,7.141899144667351e-4,6.0781798674725e-4,5.747933570796658e-4,1.4175025641063274e-6
zooc,IPSL-CM6A-LR,ssp245,r1i1p1f1,2027,7.356334912743309e-4,6.65709376335144e-4,5.904538099326981e-4,1.4561229340198279e-6
zooc,IPSL-CM6A-LR,ssp245,r1i1p1f1,2028,7.314879428414646e-4,6.634317396674305e-4,5.793712460304281e-4,1.4287921332114208e-6
zooc,IPSL-CM6A-LR,ssp245,r1i1p1f1,2029,7.516686213272956e-4,7.097559573594481e-4,5.849911167107913e-4,1.4426513419187628e-6
zooc,IPSL-CM6A-LR,ssp245,r1i1p1f1,2030,7.572941552366553e-4,7.30122672393918e-4,5.83747934251297e-4,1.4395855195631628e-6
zooc,IPSL-CM6A-LR,ssp245,r1i1p1f1,2031,7.381299212268565e-4,6.741182296536863e-4,5.771610854917883e-4,1.4233416383648453e-6
zooc,IPSL-CM6A-LR,ssp245,r1i1p1f1,2032,7.321686579031793e-4,6.337205122690648e-4,5.816850781910522e-4,1.4344982934865853e-6
zooc,IPSL-CM6A-LR,ssp245,r1i1p1f1,2033,7.453438519569497e-4,6.705220148433e-4,5.953431139799851e-4,1.4681804864225501e-6
zooc,IPSL-CM6A-LR,ssp245,r1i1p1f1,2034,7.378641848082244e-4,6.838922272436321e-4,5.831735275891315e-4,1.4381689706305236e-6
zooc,IPSL-CM6A-LR,ssp245,r1i1p1f1,2035,7.447904263139745e-4,6.777448288630694e-4,5.87753585790215e-4,1.4494638893414443e-6
zooc,IPSL-CM6A-LR,ssp245,r1i1p1f1,2036,7.410832500387506e-4,6.770847248844802e-4,5.765132001534373e-4,1.42174388307236e-6
zooc,IPSL-CM6A-LR,ssp245,r1i1p1f1,2037,7.325623753758595e-4,6.644447275903076e-4,5.784773580647167e-4,1.4265877088425357e-6
zooc,IPSL-CM6A-LR,ssp245,r1i1p1f1,2038,7.473199238051177e-4,6.964911881368607e-4,5.941856019035839e-4,1.4653259364941743e-6
zooc,IPSL-CM6A-LR,ssp245,r1i1p1f1,2039,7.255347184501608e-4,6.09079550486058e-4,5.797141866616701e-4,1.4296378618861424e-6
zooc,IPSL-CM6A-LR,ssp245,r1i1p1f1,2040,7.242114421454185e-4,6.314389174804091e-4,5.898773692254581e-4,1.4547013689121178e-6
zooc,IPSL-CM6A-LR,ssp245,r1i1p1f1,2041,7.38533461522807e-4,6.781117699574679e-4,5.916851465063113e-4,1.4591595431400908e-6
zooc,IPSL-CM6A-LR,ssp245,r1i1p1f1,2042,7.320758484871617e-4,6.857482076156884e-4,5.750732915882026e-4,1.4181929128703576e-6
zooc,IPSL-CM6A-LR,ssp245,r1i1p1f1,2043,7.360437427752888e-4,6.53004419291392e-4,5.772294979019648e-4,1.4235103507649583e-6
zooc,IPSL-CM6A-LR,ssp245,r1i1p1f1,2044,7.45217597976283e-4,6.94205256877467e-4,5.834853299258844e-4,1.4389379089044226e-6
zooc,IPSL-CM6A-LR,ssp245,r1i1p1f1,2045,7.315866347450795e-4,6.516854045912623e-4,5.77290453581699e-4,1.4236606740615934e-6
zooc,IPSL-CM6A-LR,ssp245,r1i1p1f1,2046,7.271131664317319e-4,6.428572523873299e-4,5.808139780732137e-4,1.4323500664143327e-6
zooc,IPSL-CM6A-LR,ssp245,r1i1p1f1,2047,7.263056291725886e-4,6.339968822430819e-4,5.79386961383263e-4,1.4288308889706252e-6
zooc,IPSL-CM6A-LR,ssp245,r1i1p1f1,2048,7.20663965282125e-4,6.334482750389725e-4,5.851998620900128e-4,1.4431661305930702e-6
zooc,IPSL-CM6A-LR,ssp245,r1i1p1f1,2049,7.282604172594398e-4,6.478184077423066e-4,5.823664984646257e-4,1.4361787495550615e-6
zooc,IPSL-CM6A-LR,ssp245,r1i1p1f1,2050,7.261869369041555e-4,6.41199090750888e-4,5.877717866434925e-4,1.4495087746134678e-6
zooc,IPSL-CM6A-LR,ssp245,r1i1p1f1,2051,7.373192767355202e-4,6.864064198452979e-4,5.925573051891316e-4,1.4613103807480384e-6
zooc,IPSL-CM6A-LR,ssp245,r1i1p1f1,2052,7.2432238905271e-4,6.466240156441927e-4,5.74690829692395e-4,1.4172497204842544e-6
zooc,IPSL-CM6A-LR,ssp245,r1i1p1f1,2053,7.146856408787426e-4,6.127248925622553e-4,5.703220666044127e-4,1.4064758783670608e-6
zooc,IPSL-CM6A-LR,ssp245,r1i1p1f1,2054,6.954674537904923e-4,5.772169388365e-4,5.722532743303773e-4,1.4112384454177399e-6
zooc,IPSL-CM6A-LR,ssp245,r1i1p1f1,2055,7.072997415404275e-4,6.179690826684237e-4,5.768380283772512e-4,1.4225449445920853e-6
zooc,IPSL-CM6A-LR,ssp245,r1i1p1f1,2056,7.270180943571285e-4,6.914074765518308e-4,5.800769108951439e-4,1.4305323790629326e-6
zooc,IPSL-CM6A-LR,ssp245,r1i1p1f1,2057,7.157288743527898e-4,6.289945740718395e-4,5.638678187161378e-4,1.390559005253756e-6
zooc,IPSL-CM6A-LR,ssp245,r1i1p1f1,2058,7.283902064414762e-4,6.56682183034718e-4,5.818228124346726e-4,1.4348379610229135e-6
zooc,IPSL-CM6A-LR,ssp245,r1i1p1f1,2059,7.218917512283047e-4,6.651246221736073e-4,5.681074414038269e-4,1.4010143731814158e-6
zooc,IPSL-CM6A-LR,ssp245,r1i1p1f1,2060,7.052018255414305e-4,5.970374040771276e-4,5.683250561182975e-4,1.401551034595383e-6
zooc,IPSL-CM6A-LR,ssp245,r1i1p1f1,2061,7.145423605948585e-4,6.078921142034233e-4,5.789518083778985e-4,1.4277577546114938e-6
zooc,IPSL-CM6A-LR,ssp245,r1i1p1f1,2062,7.062380353114575e-4,5.972458457108587e-4,5.719017643929894e-4,1.4103715839075655e-6
zooc,IPSL-CM6A-LR,ssp245,r1i1p1f1,2063,7.186338742751761e-4,6.264431867748499e-4,5.70436620417212e-4,1.4067583804547608e-6
zooc,IPSL-CM6A-LR,ssp245,r1i1p1f1,2064,7.367551139567617e-4,6.900321750435978e-4,5.789152535632014e-4,1.4276676064862148e-6
zooc,IPSL-CM6A-LR,ssp245,r1i1p1f1,2065,7.405908005549646e-4,7.065957470331341e-4,5.658345037721124e-4,1.3954090632359802e-6
zooc,IPSL-CM6A-LR,ssp245,r1i1p1f1,2066,7.31159756337357e-4,6.476845883298665e-4,5.661718993986368e-4,1.3962411173295528e-6
zooc,IPSL-CM6A-LR,ssp245,r1i1p1f1,2067,7.035717164639258e-4,5.694210412912071e-4,5.696922102929034e-4,1.4049225846040307e-6
zooc,IPSL-CM6A-LR,ssp245,r1i1p1f1,2068,7.151912907998355e-4,5.863676487933844e-4,5.792920584058671e-4,1.4285968479676403e-6
zooc,IPSL-CM6A-LR,ssp245,r1i1p1f1,2069,7.451456852635204e-4,6.99011143296957e-4,5.92717008502713e-4,1.4617042263861437e-6
zooc,IPSL-CM6A-LR,ssp245,r1i1p1f1,2070,7.36357202439479e-4,6.996238662395626e-4,5.611991279018696e-4,1.383977725172073e-6
zooc,IPSL-CM6A-LR,ssp245,r1i1p1f1,2071,7.193829364850991e-4,6.168002728372812e-4,5.687013342251973e-4,1.4024789770894604e-6
zooc,IPSL-CM6A-LR,ssp245,r1i1p1f1,2072,7.165117910769292e-4,6.160891498439014e-4,5.7373991978058e-4,1.4149046738311751e-6
zooc,IPSL-CM6A-LR,ssp245,r1i1p1f1,2073,7.167678524608462e-4,5.998094275128096e-4,5.753656119722583e-4,1.4189138065425544e-6
zooc,IPSL-CM6A-LR,ssp245,r1i1p1f1,2074,7.24658250698767e-4,6.374716467689723e-4,5.817808122663102e-4,1.4347343840667547e-6
zooc,IPSL-CM6A-LR,ssp245,r1i1p1f1,2075,7.346990330654804e-4,6.656426121480763e-4,5.644645407047205e-4,1.39203058619403e-6
zooc,IPSL-CM6A-LR,ssp245,r1i1p1f1,2076,7.150329407521148e-4,6.222595111466944e-4,5.709278413415754e-4,1.407969784364099e-6
zooc,IPSL-CM6A-LR,ssp245,r1i1p1f1,2077,7.100328852019153e-4,6.27511617494747e-4,5.657297895144148e-4,1.3951508265549945e-6
zooc,IPSL-CM6A-LR,ssp245,r1i1p1f1,2078,7.300507691017609e-4,6.428275955840945e-4,5.749195457705099e-4,1.4178137590612263e-6
zooc,IPSL-CM6A-LR,ssp245,r1i1p1f1,2079,7.337519000034485e-4,6.550742837134749e-4,5.810872480497466e-4,1.433023979721885e-6
zooc,IPSL-CM6A-LR,ssp245,r1i1p1f1,2080,7.350060164737272e-4,6.888526841066778e-4,5.78911455336362e-4,1.4276582396481718e-6
zooc,IPSL-CM6A-LR,ssp245,r1i1p1f1,2081,7.28721150642138e-4,6.870233046356589e-4,5.654102237439763e-4,1.394362742814259e-6
zooc,IPSL-CM6A-LR,ssp245,r1i1p1f1,2082,7.25039844896629e-4,6.446219340432435e-4,5.648395925383972e-4,1.3929555045657568e-6
zooc,IPSL-CM6A-LR,ssp245,r1i1p1f1,2083,7.209096790484082e-4,6.133865972515196e-4,5.764362766249372e-4,1.4215541813342553e-6
zooc,IPSL-CM6A-LR,ssp245,r1i1p1f1,2084,7.025763827407776e-4,5.581220320891589e-4,5.729705442289165e-4,1.413007310537374e-6
zooc,IPSL-CM6A-LR,ssp245,r1i1p1f1,2085,7.002220511213649e-4,5.78506151214242e-4,5.796446088124307e-4,1.4294662753872954e-6
zooc,IPSL-CM6A-LR,ssp245,r1i1p1f1,2086,7.134699656974045e-4,6.106562213972211e-4,5.77533920478924e-4,1.4242610897533207e-6
zooc,IPSL-CM6A-LR,ssp245,r1i1p1f1,2087,7.281482731105509e-4,6.67274376610294e-4,5.76614700419396e-4,1.421994193702227e-6
zooc,IPSL-CM6A-LR,ssp245,r1i1p1f1,2088,7.295154063710026e-4,6.885077455081046e-4,5.721581389266442e-4,1.4110038312262778e-6
zooc,IPSL-CM6A-LR,ssp245,r1i1p1f1,2089,7.195565021340013e-4,6.28726469585672e-4,5.660971978672578e-4,1.396056895276587e-6
zooc,IPSL-CM6A-LR,ssp245,r1i1p1f1,2090,7.093818022180118e-4,5.806292174383998e-4,5.699503341106661e-4,1.4055591458464822e-6
zooc,IPSL-CM6A-LR,ssp245,r1i1p1f1,2091,7.155233766507511e-4,6.102639599703252e-4,5.771046986575115e-4,1.4232025823350829e-6
zooc,IPSL-CM6A-LR,ssp245,r1i1p1f1,2092,7.292046436522718e-4,6.415896641556174e-4,5.72974613472075e-4,1.4130173457309613e-6
zooc,IPSL-CM6A-LR,ssp245,r1i1p1f1,2093,7.198037844366656e-4,6.30834314506501e-4,5.685838153874755e-4,1.4021891629297285e-6
zooc,IPSL-CM6A-LR,ssp245,r1i1p1f1,2094,7.291077433445797e-4,6.263403629418463e-4,5.637535753242137e-4,1.3902772686974962e-6
zooc,IPSL-CM6A-LR,ssp245,r1i1p1f1,2095,7.526406004236316e-4,6.863344460725784e-4,5.792462821174071e-4,1.428483958691054e-6
zooc,IPSL-CM6A-LR,ssp245,r1i1p1f1,2096,7.343373883486408e-4,6.660274520982057e-4,5.632089617047337e-4,1.3889341926292857e-6
zooc,IPSL-CM6A-LR,ssp245,r1i1p1f1,2097,7.280806216904191e-4,6.320960819721222e-4,5.689412402759257e-4,1.4030706113487355e-6
zooc,IPSL-CM6A-LR,ssp245,r1i1p1f1,2098,7.521032333557168e-4,7.009675027802587e-4,5.831836124824067e-4,1.4381938410676994e-6
zooc,IPSL-CM6A-LR,ssp245,r1i1p1f1,2099,7.499269474473577e-4,6.982177146710455e-4,5.741105317697743e-4,1.415818643066381e-6
zooc,IPSL-CM6A-LR,ssp245,r1i1p1f1,2100,7.257722744228841e-4,6.431386864278466e-4,5.576861637464896e-4,1.3753143757500048e-6
zooc,IPSL-CM6A-LR,ssp370,r1i1p1f1,2015,7.590075518343243e-4,7.483690860681236e-4,5.813877083896749e-4,1.43376494740534e-6
zooc,IPSL-CM6A-LR,ssp370,r1i1p1f1,2016,7.556548862806473e-4,7.042129291221499e-4,5.767283611018619e-4,1.4222744932339615e-6
zooc,IPSL-CM6A-LR,ssp370,r1i1p1f1,2017,7.33505541750072e-4,6.464555917773396e-4,5.772713884248305e-4,1.4236136573234674e-6
zooc,IPSL-CM6A-LR,ssp370,r1i1p1f1,2018,7.463934105716826e-4,6.97989744367078e-4,5.793840017298603e-4,1.4288235901453424e-6
zooc,IPSL-CM6A-LR,ssp370,r1i1p1f1,2019,7.532481664453487e-4,7.23037519492209e-4,5.807684017359728e-4,1.4322376702390711e-6
zooc,IPSL-CM6A-LR,ssp370,r1i1p1f1,2020,7.390518553676462e-4,6.723073020111769e-4,5.667395173286068e-4,1.3976409245146136e-6
zooc,IPSL-CM6A-LR,ssp370,r1i1p1f1,2021,7.501065543298306e-4,7.008642132859677e-4,5.817799478033661e-4,1.4347322522076706e-6
zooc,IPSL-CM6A-LR,ssp370,r1i1p1f1,2022,7.482987335146326e-4,7.097047637216747e-4,5.812406927723928e-4,1.4334023909980779e-6
zooc,IPSL-CM6A-LR,ssp370,r1i1p1f1,2023,7.428943568520975e-4,6.848933116998523e-4,5.727327524093538e-4,1.41242089020074e-6
zooc,IPSL-CM6A-LR,ssp370,r1i1p1f1,2024,7.387837439610294e-4,6.703204417135566e-4,5.771045768016896e-4,1.4232022818254515e-6
zooc,IPSL-CM6A-LR,ssp370,r1i1p1f1,2025,7.447858465041719e-4,6.550478865392506e-4,5.858979707221096e-4,1.4448877419579784e-6
zooc,IPSL-CM6A-LR,ssp370,r1i1p1f1,2026,7.598551974242557e-4,7.170333701651543e-4,6.02508795791306e-4,1.4858518325089484e-6
zooc,IPSL-CM6A-LR,ssp370,r1i1p1f1,2027,7.446053411246306e-4,6.659945647697896e-4,5.779991772443871e-4,1.425408463239616e-6
zooc,IPSL-CM6A-LR,ssp370,r1i1p1f1,2028,7.426727625072699e-4,6.293063925113529e-4,5.869926579134298e-4,1.4475873589272393e-6
zooc,IPSL-CM6A-LR,ssp370,r1i1p1f1,2029,7.292120982255384e-4,6.394441006705165e-4,5.735488054488244e-4,1.4144333652261531e-6
zooc,IPSL-CM6A-LR,ssp370,r1i1p1f1,2030,7.53457812767919e-4,7.016036834102124e-4,5.884244553855456e-4,1.4511183262966548e-6
zooc,IPSL-CM6A-LR,ssp370,r1i1p1f1,2031,7.503789639862855e-4,6.992144917603582e-4,5.846623396777859e-4,1.4418405422086335e-6
zooc,IPSL-CM6A-LR,ssp370,r1i1p1f1,2032,7.465190421079757e-4,6.820996350143105e-4,5.759722912732725e-4,1.42040994329185e-6
zooc,IPSL-CM6A-LR,ssp370,r1i1p1f1,2033,7.498392292191998e-4,6.896106351632625e-4,5.83065560585416e-4,1.437902712326177e-6
zooc,IPSL-CM6A-LR,ssp370,r1i1p1f1,2034,7.392666155313439e-4,6.775329238735139e-4,5.726326146760643e-4,1.4121739397237494e-6
zooc,IPSL-CM6A-LR,ssp370,r1i1p1f1,2035,7.361152173738501e-4,6.550487014465034e-4,5.695764377191511e-4,1.4046370769200505e-6
zooc,IPSL-CM6A-LR,ssp370,r1i1p1f1,2036,7.493827809788281e-4,6.94826856488362e-4,5.865536963077927e-4,1.4465048321480571e-6
zooc,IPSL-CM6A-LR,ssp370,r1i1p1f1,2037,7.504988849129137e-4,6.999043980613351e-4,5.773618164508794e-4,1.4238366626126077e-6
zooc,IPSL-CM6A-LR,ssp370,r1i1p1f1,2038,7.13414287488866e-4,6.192796863615513e-4,5.57901561937654e-4,1.3758455709778527e-6
zooc,IPSL-CM6A-LR,ssp370,r1i1p1f1,2039,7.228177768347844e-4,6.445959152188152e-4,5.748279966211865e-4,1.4175879889608776e-6
zooc,IPSL-CM6A-LR,ssp370,r1i1p1f1,2040,7.184005463328671e-4,6.550881953444332e-4,5.736706967972863e-4,1.4147339624701174e-6
zooc,IPSL-CM6A-LR,ssp370,r1i1p1f1,2041,7.249484539342157e-4,6.337935337796807e-4,5.704372076183089e-4,1.4067598285561527e-6
zooc,IPSL-CM6A-LR,ssp370,r1i1p1f1,2042,7.278171220074843e-4,6.414549716282636e-4,5.827777924032359e-4,1.4371930448759809e-6
zooc,IPSL-CM6A-LR,ssp370,r1i1p1f1,2043,7.41230599884863e-4,6.8102907971479e-4,5.879675332844115e-4,1.449991506993723e-6
zooc,IPSL-CM6A-LR,ssp370,r1i1p1f1,2044,7.305140531544639e-4,6.677423662040383e-4,5.769943904608356e-4,1.422930550395771e-6
zooc,IPSL-CM6A-LR,ssp370,r1i1p1f1,2045,7.471845393278362e-4,6.916683341842145e-4,5.89139457909163e-4,1.4528815998245874e-6
zooc,IPSL-CM6A-LR,ssp370,r1i1p1f1,2046,7.416164435080245e-4,6.580824265256524e-4,5.702464989566627e-4,1.4062895203774812e-6
zooc,IPSL-CM6A-LR,ssp370,r1i1p1f1,2047,7.419716441668712e-4,6.617183680646122e-4,5.832113872573063e-4,1.4382623366655568e-6
zooc,IPSL-CM6A-LR,ssp370,r1i1p1f1,2048,7.323153214024287e-4,6.631978030782193e-4,5.658230641277333e-4,1.3953808518361089e-6
zooc,IPSL-CM6A-LR,ssp370,r1i1p1f1,2049,7.158082049441812e-4,6.135376170277596e-4,5.668820147986654e-4,1.3979923386823295e-6
zooc,IPSL-CM6A-LR,ssp370,r1i1p1f1,2050,7.255653643994648e-4,6.421809084713459e-4,5.793638780471537e-4,1.428773962968054e-6
zooc,IPSL-CM6A-LR,ssp370,r1i1p1f1,2051,7.09572180605756e-4,5.944234144408256e-4,5.645601982934013e-4,1.3922664881500307e-6
zooc,IPSL-CM6A-LR,ssp370,r1i1p1f1,2052,6.990547811136213e-4,6.02028623688966e-4,5.600815215219804e-4,1.3812215870058224e-6
zooc,IPSL-CM6A-LR,ssp370,r1i1p1f1,2053,7.257879716647986e-4,6.573463906534016e-4,5.768537734889589e-4,1.4225837737398876e-6
zooc,IPSL-CM6A-LR,ssp370,r1i1p1f1,2054,7.380264075832602e-4,6.758348026778549e-4,5.813544890886906e-4,1.4336830250175061e-6
zooc,IPSL-CM6A-LR,ssp370,r1i1p1f1,2055,7.121664937421763e-4,6.011954101268202e-4,5.628044768966737e-4,1.3879366893604933e-6
zooc,IPSL-CM6A-LR,ssp370,r1i1p1f1,2056,7.190558050628575e-4,6.382457795552909e-4,5.809119774509695e-4,1.432591743475382e-6
zooc,IPSL-CM6A-LR,ssp370,r1i1p1f1,2057,7.240106158408044e-4,6.59423356410116e-4,5.736163172759286e-4,1.4145998566910407e-6
zooc,IPSL-CM6A-LR,ssp370,r1i1p1f1,2058,7.140275250113565e-4,6.200941279530525e-4,5.764491137420479e-4,1.4215858390529748e-6
zooc,IPSL-CM6A-LR,ssp370,r1i1p1f1,2059,7.340682148519623e-4,6.712726317346096e-4,5.823224319426816e-4,1.4360700767475603e-6
zooc,IPSL-CM6A-LR,ssp370,r1i1p1f1,2060,7.236294799584696e-4,6.696460186503828e-4,5.688880186477422e-4,1.4029393610594154e-6
zooc,IPSL-CM6A-LR,ssp370,r1i1p1f1,2061,7.337309778252986e-4,6.676538323517889e-4,5.751825452071285e-4,1.4184623441069191e-6
zooc,IPSL-CM6A-LR,ssp370,r1i1p1f1,2062,7.282495390659152e-4,6.384346052072942e-4,5.606058721779579e-4,1.3825146924152433e-6
zooc,IPSL-CM6A-LR,ssp370,r1i1p1f1,2063,7.077560081667052e-4,6.070355593692511e-4,5.66871105909675e-4,1.3979654361826309e-6
zooc,IPSL-CM6A-LR,ssp370,r1i1p1f1,2064,7.335024893213375e-4,6.642023799940944e-4,5.748455851360578e-4,1.4176313641401865e-6
zooc,IPSL-CM6A-LR,ssp370,r1i1p1f1,2065,7.181318975952297e-4,6.320646498352289e-4,5.519275571821107e-4,1.361113029352824e-6
zooc,IPSL-CM6A-LR,ssp370,r1i1p1f1,2066,7.044236440834332e-4,5.888599262107164e-4,5.677651132854592e-4,1.4001701550296659e-6
zooc,IPSL-CM6A-LR,ssp370,r1i1p1f1,2067,7.123260626635892e-4,6.144676590338349e-4,5.722158225011935e-4,1.411146085157753e-6
zooc,IPSL-CM6A-LR,ssp370,r1i1p1f1,2068,7.058398358835455e-4,6.18405407294631e-4,5.652814122814803e-4,1.3940450798208972e-6
zooc,IPSL-CM6A-LR,ssp370,r1i1p1f1,2069,7.204733415938777e-4,6.283538823481649e-4,5.799818517678785e-4,1.4302979529774867e-6
zooc,IPSL-CM6A-LR,ssp370,r1i1p1f1,2070,7.255341850242898e-4,6.647697300650179e-4,5.707141618474381e-4,1.407442827628942e-6
zooc,IPSL-CM6A-LR,ssp370,r1i1p1f1,2071,7.241332542971618e-4,6.094247219152749e-4,5.629957730115836e-4,1.3884084462624276e-6
zooc,IPSL-CM6A-LR,ssp370,r1i1p1f1,2072,7.004355221547319e-4,5.827141285408288e-4,5.638549476758134e-4,1.390527263876724e-6
zooc,IPSL-CM6A-LR,ssp370,r1i1p1f1,2073,7.21380775543102e-4,6.239397916942835e-4,5.760004224181062e-4,1.4204793177364948e-6
zooc,IPSL-CM6A-LR,ssp370,r1i1p1f1,2074,7.119387925637765e-4,6.018644489813596e-4,5.753291355721545e-4,1.4188238517961403e-6
zooc,IPSL-CM6A-LR,ssp370,r1i1p1f1,2075,7.029366089567301e-4,5.481333646457642e-4,5.727966560166995e-4,1.412578483405589e-6
zooc,IPSL-CM6A-LR,ssp370,r1i1p1f1,2076,7.076676021033267e-4,5.655735149048269e-4,5.8082308537292e-4,1.432372526000072e-6
zooc,IPSL-CM6A-LR,ssp370,r1i1p1f1,2077,7.033806313631047e-4,5.971116770524532e-4,5.790476298717643e-4,1.4279940607754017e-6
zooc,IPSL-CM6A-LR,ssp370,r1i1p1f1,2078,6.988199504206304e-4,5.61432185349986e-4,5.715012248407177e-4,1.4093838100661007e-6
zooc,IPSL-CM6A-LR,ssp370,r1i1p1f1,2079,6.970205788647168e-4,5.636930291075259e-4,5.765686861038803e-4,1.4218807174251861e-6
zooc,IPSL-CM6A-LR,ssp370,r1i1p1f1,2080,7.095716903350921e-4,6.26138033112511e-4,5.833807519942583e-4,1.4386800084182687e-6
zooc,IPSL-CM6A-LR,ssp370,r1i1p1f1,2081,6.878913857205806e-4,5.584805621765554e-4,5.657898822309068e-4,1.3952990216909724e-6
zooc,IPSL-CM6A-LR,ssp370,r1i1p1f1,2082,6.885433475003834e-4,5.463797424454242e-4,5.690036812252009e-4,1.403224597480643e-6
zooc,IPSL-CM6A-LR,ssp370,r1i1p1f1,2083,7.007640162919115e-4,5.824211402796209e-4,5.76157857050372e-4,1.4208675685611908e-6
zooc,IPSL-CM6A-LR,ssp370,r1i1p1f1,2084,6.94668690608363e-4,5.577026749961078e-4,5.728881845805328e-4,1.4128042027398935e-6
zooc,IPSL-CM6A-LR,ssp370,r1i1p1f1,2085,6.752722977750949e-4,5.285183433443308e-4,5.597602266219512e-4,1.3804292390445662e-6
zooc,IPSL-CM6A-LR,ssp370,r1i1p1f1,2086,7.002807520977438e-4,5.936167726758868e-4,5.725939315574893e-4,1.4120785429709995e-6
zooc,IPSL-CM6A-LR,ssp370,r1i1p1f1,2087,7.018662831778716e-4,6.058146827854216e-4,5.694007521848192e-4,1.404203817397607e-6
zooc,IPSL-CM6A-LR,ssp370,r1i1p1f1,2088,7.109919231336696e-4,5.959229019936174e-4,5.778008068087539e-4,1.424919260297916e-6
zooc,IPSL-CM6A-LR,ssp370,r1i1p1f1,2089,6.976137609465277e-4,5.851227906532586e-4,5.73785305203795e-4,1.4150165991918076e-6
zooc,IPSL-CM6A-LR,ssp370,r1i1p1f1,2090,6.914612565555318e-4,5.732151330448687e-4,5.698181125161939e-4,1.4052330730989702e-6
zooc,IPSL-CM6A-LR,ssp370,r1i1p1f1,2091,7.03068287199499e-4,6.133480055723339e-4,5.814644633120625e-4,1.4339542333425419e-6
zooc,IPSL-CM6A-LR,ssp370,r1i1p1f1,2092,7.047735626820272e-4,5.85123198106885e-4,5.736096119391311e-4,1.41458332060553e-6
zooc,IPSL-CM6A-LR,ssp370,r1i1p1f1,2093,6.699741232853299e-4,5.250763206277043e-4,5.677559271211977e-4,1.4001475009554069e-6
zooc,IPSL-CM6A-LR,ssp370,r1i1p1f1,2094,6.947667292421545e-4,6.20759092271328e-4,5.70806444412852e-4,1.4076704064126654e-6
zooc,IPSL-CM6A-LR,ssp370,r1i1p1f1,2095,7.018982640208305e-4,6.511363026220351e-4,5.595814616329536e-4,1.3799883852539727e-6
zooc,IPSL-CM6A-LR,ssp370,r1i1p1f1,2096,7.038058429674906e-4,6.36686134384945e-4,5.548343328705881e-4,1.3682814524755842e-6
zooc,IPSL-CM6A-LR,ssp370,r1i1p1f1,2097,6.8245407411144e-4,5.565749888774008e-4,5.679229546460518e-4,1.4005594088903904e-6
zooc,IPSL-CM6A-LR,ssp370,r1i1p1f1,2098,6.95521370688402e-4,5.980673013255e-4,5.677984953028586e-4,1.4002524786937722e-6
zooc,IPSL-CM6A-LR,ssp370,r1i1p1f1,2099,6.848026257924755e-4,5.419619265012443e-4,5.611192122262268e-4,1.3837806444756093e-6
zooc,IPSL-CM6A-LR,ssp370,r1i1p1f1,2100,6.606646821210623e-4,4.910201823804528e-4,5.646685900753626e-4,1.3925337940034576e-6
zooc,IPSL-CM6A-LR,ssp434,r1i1p1f1,2015,7.596398705405443e-4,7.201943080872297e-4,5.782862856934132e-4,1.4261165037165253e-6
zooc,IPSL-CM6A-LR,ssp434,r1i1p1f1,2016,7.60909234743373e-4,7.148981094360352e-4,5.775436905301564e-4,1.424285183755979e-6
zooc,IPSL-CM6A-LR,ssp434,r1i1p1f1,2017,7.541848394529152e-4,7.065219106152654e-4,5.734477937743489e-4,1.4141842595157096e-6
zooc,IPSL-CM6A-LR,ssp434,r1i1p1f1,2018,7.471091609902976e-4,6.75771530950442e-4,5.854686346267757e-4,1.4438289527278953e-6
zooc,IPSL-CM6A-LR,ssp434,r1i1p1f1,2019,7.494893992941903e-4,6.952056719455868e-4,5.797696124103754e-4,1.4297745477749745e-6
zooc,IPSL-CM6A-LR,ssp434,r1i1p1f1,2020,7.606413458544591e-4,7.13422690751031e-4,5.882584902673546e-4,1.4507090383713677e-6
zooc,IPSL-CM6A-LR,ssp434,r1i1p1f1,2021,7.725105175613925e-4,7.313929672818631e-4,5.93177364496744e-4,1.4628395140402254e-6
zooc,IPSL-CM6A-LR,ssp434,r1i1p1f1,2022,7.562869201851362e-4,6.950344541110098e-4,5.786969004014138e-4,1.4271291239813242e-6
zooc,IPSL-CM6A-LR,ssp434,r1i1p1f1,2023,7.400114223910445e-4,6.701181118842214e-4,5.693025749408971e-4,1.4039617016993613e-6
zooc,IPSL-CM6A-LR,ssp434,r1i1p1f1,2024,7.368102617324419e-4,6.578611501026899e-4,5.832416823467813e-4,1.4383370476316487e-6
zooc,IPSL-CM6A-LR,ssp434,r1i1p1f1,2025,7.433214589389745e-4,7.190618198364973e-4,5.768702777638099e-4,1.4226244750660807e-6
zooc,IPSL-CM6A-LR,ssp434,r1i1p1f1,2026,7.299304715640592e-4,6.600575579795986e-4,5.697975106753583e-4,1.4051822667320384e-6
zooc,IPSL-CM6A-LR,ssp434,r1i1p1f1,2027,7.202472971794755e-4,6.128135719336569e-4,5.666335989052554e-4,1.3973797182309337e-6
zooc,IPSL-CM6A-LR,ssp434,r1i1p1f1,2028,7.263700724441686e-4,6.480493757408112e-4,5.708080712095059e-4,1.4076744182690999e-6
zooc,IPSL-CM6A-LR,ssp434,r1i1p1f1,2029,7.378941710042607e-4,7.144216797314584e-4,5.784046983667772e-4,1.4264085221715907e-6
zooc,IPSL-CM6A-LR,ssp434,r1i1p1f1,2030,7.376426559149762e-4,6.870155339129269e-4,5.661298981248068e-4,1.3961375376471914e-6
zooc,IPSL-CM6A-LR,ssp434,r1i1p1f1,2031,7.315070794201762e-4,6.471290253102779e-4,5.643594263288524e-4,1.3917713627783759e-6
zooc,IPSL-CM6A-LR,ssp434,r1i1p1f1,2032,7.263607339185484e-4,6.299368396867067e-4,5.737165541059245e-4,1.4148470515512229e-6
zooc,IPSL-CM6A-LR,ssp434,r1i1p1f1,2033,7.336473512230739e-4,6.452926027122885e-4,5.786082643948206e-4,1.4269105380059116e-6
zooc,IPSL-CM6A-LR,ssp434,r1i1p1f1,2034,7.503128615951397e-4,6.893556856084615e-4,5.859351958122977e-4,1.444979543055087e-6
zooc,IPSL-CM6A-LR,ssp434,r1i1p1f1,2035,7.406974858114039e-4,6.456426635850221e-4,5.805193634411262e-4,1.4316235148784398e-6
zooc,IPSL-CM6A-LR,ssp434,r1i1p1f1,2036,7.268198061942656e-4,6.075566925574094e-4,5.772608922728592e-4,1.4235877726778827e-6
zooc,IPSL-CM6A-LR,ssp434,r1i1p1f1,2037,7.298263950956697e-4,6.364720757119358e-4,5.875060722676181e-4,1.4488534942340361e-6
zooc,IPSL-CM6A-LR,ssp434,r1i1p1f1,2038,7.543504213188873e-4,7.402210612781346e-4,5.90445969473639e-4,1.456103598600093e-6
zooc,IPSL-CM6A-LR,ssp434,r1i1p1f1,2039,7.439154100528591e-4,7.133205072022974e-4,5.669257315804639e-4,1.3981001489928182e-6
zooc,IPSL-CM6A-LR,ssp434,r1i1p1f1,2040,7.328256862760401e-4,6.537411245517433e-4,5.773390771915849e-4,1.4237805851406625e-6
zooc,IPSL-CM6A-LR,ssp434,r1i1p1f1,2041,7.517360828074857e-4,6.812673236709088e-4,5.928834756888003e-4,1.462114752465146e-6
zooc,IPSL-CM6A-LR,ssp434,r1i1p1f1,2042,7.333187345275453e-4,6.622897926717997e-4,5.74657527563454e-4,1.417167593833724e-6
zooc,IPSL-CM6A-LR,ssp434,r1i1p1f1,2043,7.225060673846221e-4,6.341648404486477e-4,5.716256103151185e-4,1.4096905580942903e-6
zooc,IPSL-CM6A-LR,ssp434,r1i1p1f1,2044,7.350816332423513e-4,6.760494434274733e-4,5.869824680103424e-4,1.447562229524513e-6
zooc,IPSL-CM6A-LR,ssp434,r1i1p1f1,2045,7.178324861107174e-4,6.138940225355327e-4,5.695474476149582e-4,1.4045655841887566e-6
zooc,IPSL-CM6A-LR,ssp434,r1i1p1f1,2046,7.085061895989594e-4,6.081086467020214e-4,5.792615637206189e-4,1.4285216447767918e-6
zooc,IPSL-CM6A-LR,ssp434,r1i1p1f1,2047,7.188784483237522e-4,6.134457653388381e-4,5.748352466614553e-4,1.4176058683440407e-6
zooc,IPSL-CM6A-LR,ssp434,r1i1p1f1,2048,7.377719239703511e-4,6.729604210704565e-4,5.729571398016747e-4,1.4129742537705348e-6
zooc,IPSL-CM6A-LR,ssp434,r1i1p1f1,2049,7.321274710835138e-4,6.856766121927649e-4,5.696665997532126e-4,1.404859426244191e-6
zooc,IPSL-CM6A-LR,ssp434,r1i1p1f1,2050,7.441732691171528e-4,7.016662566456944e-4,5.539169547217958e-4,1.3660190987755082e-6
zooc,IPSL-CM6A-LR,ssp434,r1i1p1f1,2051,7.299682899739288e-4,6.149809341877699e-4,5.68769664661853e-4,1.402647487334008e-6
zooc,IPSL-CM6A-LR,ssp434,r1i1p1f1,2052,7.19281649976686e-4,6.099070596974343e-4,5.772334451438713e-4,1.423520085090268e-6
zooc,IPSL-CM6A-LR,ssp434,r1i1p1f1,2053,7.511844723162927e-4,6.935609853826463e-4,5.81570630129665e-4,1.434216052193301e-6
zooc,IPSL-CM6A-LR,ssp434,r1i1p1f1,2054,7.2142290081508e-4,6.285838899202645e-4,5.745530007141126e-4,1.4169098193220069e-6
zooc,IPSL-CM6A-LR,ssp434,r1i1p1f1,2055,7.186010961423621e-4,6.271664751693606e-4,5.776887339318626e-4,1.424642876466399e-6
zooc,IPSL-CM6A-LR,ssp434,r1i1p1f1,2056,7.460001271703652e-4,6.910998199600726e-4,5.905323993287385e-4,1.4563167439673974e-6
zooc,IPSL-CM6A-LR,ssp434,r1i1p1f1,2057,7.36319861607606e-4,6.704406114295125e-4,5.695493382085657e-4,1.404570246597e-6
zooc,IPSL-CM6A-LR,ssp434,r1i1p1f1,2058,7.44246669438264e-4,6.752687331754714e-4,5.764265365443769e-4,1.421530161242515e-6
zooc,IPSL-CM6A-LR,ssp434,r1i1p1f1,2059,7.438223894963812e-4,6.717204523738474e-4,5.808145251749843e-4,1.4323514156264504e-6
zooc,IPSL-CM6A-LR,ssp434,r1i1p1f1,2060,7.34116982561653e-4,6.567570962943137e-4,5.65757309002493e-4,1.3952186925879493e-6
zooc,IPSL-CM6A-LR,ssp434,r1i1p1f1,2061,7.382900329931652e-4,6.658987840637565e-4,5.625747168592085e-4,1.3873700762668926e-6
zooc,IPSL-CM6A-LR,ssp434,r1i1p1f1,2062,7.480209069780004e-4,7.174879428930581e-4,5.629138853329521e-4,1.3882065023933847e-6
zooc,IPSL-CM6A-LR,ssp434,r1i1p1f1,2063,7.497246099512434e-4,7.059553172439337e-4,5.697957659853735e-4,1.4051779641379035e-6
zooc,IPSL-CM6A-LR,ssp434,r1i1p1f1,2064,7.418447855077786e-4,6.810856575611979e-4,5.659380547544532e-4,1.3956644311541647e-6
zooc,IPSL-CM6A-LR,ssp434,r1i1p1f1,2065,7.461820227612357e-4,6.90266489982605e-4,5.784742024789257e-4,1.4265799268267993e-6
zooc,IPSL-CM6A-LR,ssp434,r1i1p1f1,2066,7.200505296318317e-4,6.070120434742421e-4,5.646837205417745e-4,1.3925711073695062e-6
zooc,IPSL-CM6A-LR,ssp434,r1i1p1f1,2067,7.285110883236519e-4,6.398542900569737e-4,5.809190604388235e-4,1.432609210889229e-6
zooc,IPSL-CM6A-LR,ssp434,r1i1p1f1,2068,7.327274093931016e-4,6.459434807766229e-4,5.873334855971516e-4,1.4484278768449282e-6
zooc,IPSL-CM6A-LR,ssp434,r1i1p1f1,2069,7.361308814582963e-4,6.592259451281279e-4,5.795942163443535e-4,1.4293420021126805e-6
zooc,IPSL-CM6A-LR,ssp434,r1i1p1f1,2070,7.226887661625461e-4,6.46831002086401e-4,5.70557292383803e-4,1.4070559705711943e-6
zooc,IPSL-CM6A-LR,ssp434,r1i1p1f1,2071,7.353775301737164e-4,6.587685784325004e-4,5.8751611252129e-4,1.448878254585124e-6
zooc,IPSL-CM6A-LR,ssp434,r1i1p1f1,2072,7.30926503320656e-4,6.507449725177139e-4,5.628253958628715e-4,1.3879882777928555e-6
zooc,IPSL-CM6A-LR,ssp434,r1i1p1f1,2073,7.187938626009931e-4,6.046114431228489e-4,5.744202378772449e-4,1.4165824118122296e-6
zooc,IPSL-CM6A-LR,ssp434,r1i1p1f1,2074,7.319069136630752e-4,6.569799152202904e-4,5.706226027543322e-4,1.4072170330061506e-6
zooc,IPSL-CM6A-LR,ssp434,r1i1p1f1,2075,7.193179862476662e-4,6.377720274031162e-4,5.696045874088911e-4,1.4047064970984392e-6
zooc,IPSL-CM6A-LR,ssp434,r1i1p1f1,2076,0.00073680647430245745,6.707090651616454e-4,5.779821892775612e-4,1.425366569076717e-6
zooc,IPSL-CM6A-LR,ssp434,r1i1p1f1,2077,7.407417167169395e-4,6.490187370218337e-4,5.725630221196271e-4,1.4120023169553627e-6
zooc,IPSL-CM6A-LR,ssp434,r1i1p1f1,2078,7.352832172187693e-4,6.661768129561096e-4,5.792945583593656e-4,1.428603013123258e-6
zooc,IPSL-CM6A-LR,ssp434,r1i1p1f1,2079,7.264346796694828e-4,6.357002421282232e-4,5.71401118590482e-4,1.4091369372297247e-6
zooc,IPSL-CM6A-LR,ssp434,r1i1p1f1,2080,7.280069980047661e-4,6.478808936662972e-4,5.746931255710549e-4,1.4172553823692557e-6
zooc,IPSL-CM6A-LR,ssp434,r1i1p1f1,2081,7.488653931279478e-4,7.072795124258846e-4,5.793279108511921e-4,1.428685263974109e-6
zooc,IPSL-CM6A-LR,ssp434,r1i1p1f1,2082,7.264199774491839e-4,6.456213304772973e-4,5.588182399621296e-4,1.3781061980956673e-6
zooc,IPSL-CM6A-LR,ssp434,r1i1p1f1,2083,7.300716004164716e-4,6.285194540396333e-4,5.70772535953293e-4,1.4075867844852758e-6
zooc,IPSL-CM6A-LR,ssp434,r1i1p1f1,2084,7.401870128998073e-4,6.571545382030308e-4,5.817790111489778e-4,1.4347299423166798e-6
zooc,IPSL-CM6A-LR,ssp434,r1i1p1f1,2085,7.350504815324323e-4,6.675824988633394e-4,5.814240513770601e-4,1.4338545731415657e-6
zooc,IPSL-CM6A-LR,ssp434,r1i1p1f1,2086,7.270157504328027e-4,6.588640389963984e-4,5.607574139324857e-4,1.3828884107663107e-6
zooc,IPSL-CM6A-LR,ssp434,r1i1p1f1,2087,7.266672800357875e-4,6.584292277693748e-4,5.601276076189162e-4,1.381335240303606e-6
zooc,IPSL-CM6A-LR,ssp434,r1i1p1f1,2088,7.090868591515842e-4,6.077454891055822e-4,5.592643194254644e-4,1.3792062782815014e-6
zooc,IPSL-CM6A-LR,ssp434,r1i1p1f1,2089,7.314319247436795e-4,6.421795696951449e-4,5.737424846039185e-4,1.4149109989628315e-6
zooc,IPSL-CM6A-LR,ssp434,r1i1p1f1,2090,7.42931041107426e-4,6.904721376486123e-4,5.762152517803388e-4,1.4210091101706962e-6
zooc,IPSL-CM6A-LR,ssp434,r1i1p1f1,2091,7.409872899132086e-4,6.57310156384483e-4,5.697145329789058e-4,1.4049776347611983e-6
zooc,IPSL-CM6A-LR,ssp434,r1i1p1f1,2092,7.454939819110623e-4,6.660905200988054e-4,5.650566576036907e-4,1.3934908104854263e-6
zooc,IPSL-CM6A-LR,ssp434,r1i1p1f1,2093,7.423368597196333e-4,6.606891402043402e-4,5.773751485291513e-4,1.4238695409590648e-6
zooc,IPSL-CM6A-LR,ssp434,r1i1p1f1,2094,7.498287303522947e-4,6.862804293632507e-4,5.83914687325615e-4,1.4399967506734514e-6
zooc,IPSL-CM6A-LR,ssp434,r1i1p1f1,2095,7.482710803878146e-4,7.148860022425652e-4,5.636849825899819e-4,1.3901081115987667e-6
zooc,IPSL-CM6A-LR,ssp434,r1i1p1f1,2096,7.376139259340233e-4,6.560542387887836e-4,5.633123693329627e-4,1.3891892070207314e-6
zooc,IPSL-CM6A-LR,ssp434,r1i1p1f1,2097,7.402183425918742e-4,6.562061898875982e-4,5.703512891567353e-4,1.4065479443405742e-6
zooc,IPSL-CM6A-LR,ssp434,r1i1p1f1,2098,7.370099320021365e-4,6.895581318531185e-4,5.774574965731157e-4,1.4240726201387925e-6
zooc,IPSL-CM6A-LR,ssp434,r1i1p1f1,2099,7.369518900899784e-4,6.706216372549534e-4,5.626860624204646e-4,1.387644666459417e-6
zooc,IPSL-CM6A-LR,ssp434,r1i1p1f1,2100,7.393408674308356e-4,6.468546926043928e-4,5.751020972480054e-4,1.4182639507418437e-6
zooc,IPSL-CM6A-LR,ssp460,r1i1p1f1,2015,7.6178534093939e-4,7.3908397462219e-4,5.75293199296679e-4,1.4187352290554572e-6
zooc,IPSL-CM6A-LR,ssp460,r1i1p1f1,2016,7.462910388064496e-4,6.668615096714348e-4,5.753350450081667e-4,1.4188384251042634e-6
zooc,IPSL-CM6A-LR,ssp460,r1i1p1f1,2017,7.578007185644709e-4,6.957415025681257e-4,5.920595229213653e-4,1.460082795856469e-6
zooc,IPSL-CM6A-LR,ssp460,r1i1p1f1,2018,7.422423191157892e-4,6.637463520746678e-4,5.719199807395181e-4,1.4104165073876215e-6
zooc,IPSL-CM6A-LR,ssp460,r1i1p1f1,2019,7.440475590525571e-4,6.951095128897578e-4,5.756343784987008e-4,1.4195766138552796e-6
zooc,IPSL-CM6A-LR,ssp460,r1i1p1f1,2020,7.475413746706448e-4,7.295187679119408e-4,5.724326914686056e-4,1.4116809074788451e-6
zooc,IPSL-CM6A-LR,ssp460,r1i1p1f1,2021,7.405291260064072e-4,6.792143685743213e-4,5.778749768469806e-4,1.4251021716313043e-6
zooc,IPSL-CM6A-LR,ssp460,r1i1p1f1,2022,7.535769167182614e-4,7.251009519677609e-4,5.998739850845492e-4,1.4793541044354403e-6
zooc,IPSL-CM6A-LR,ssp460,r1i1p1f1,2023,7.549649394880992e-4,7.260745915118605e-4,5.881158528528989e-4,1.450357279085638e-6
zooc,IPSL-CM6A-LR,ssp460,r1i1p1f1,2024,7.357541978914276e-4,6.668838323093951e-4,5.781245939699633e-4,1.4257177544447012e-6
zooc,IPSL-CM6A-LR,ssp460,r1i1p1f1,2025,7.368644228423657e-4,6.691666494589299e-4,5.751674517585749e-4,1.4184251220309115e-6
zooc,IPSL-CM6A-LR,ssp460,r1i1p1f1,2026,7.605621015529912e-4,7.257725519593805e-4,5.98491326660549e-4,1.4759443192714968e-6
zooc,IPSL-CM6A-LR,ssp460,r1i1p1f1,2027,7.661974803947874e-4,7.336991839110851e-4,5.882594086176792e-4,1.4507113031225584e-6
zooc,IPSL-CM6A-LR,ssp460,r1i1p1f1,2028,7.457290050507392e-4,6.844229937996715e-4,5.777688445178976e-4,1.424840437832963e-6
zooc,IPSL-CM6A-LR,ssp460,r1i1p1f1,2029,7.286530150583438e-4,6.296084320638329e-4,5.751176395468087e-4,1.4183022797310959e-6
zooc,IPSL-CM6A-LR,ssp460,r1i1p1f1,2030,7.251659698558786e-4,6.211834843270481e-4,5.860718780396023e-4,1.4453166162054386e-6
zooc,IPSL-CM6A-LR,ssp460,r1i1p1f1,2031,7.383466367075569e-4,6.843222945462912e-4,5.837916200230511e-4,1.4396932533995297e-6
zooc,IPSL-CM6A-LR,ssp460,r1i1p1f1,2032,7.437396437394082e-4,6.742315308656543e-4,5.797723210580715e-4,1.429781227593047e-6
zooc,IPSL-CM6A-LR,ssp460,r1i1p1f1,2033,7.48636548625744e-4,6.97622075676918e-4,5.841959185254335e-4,1.440690297218378e-6
zooc,IPSL-CM6A-LR,ssp460,r1i1p1f1,2034,7.378583819848723e-4,6.619544583372772e-4,5.816165699989685e-4,1.4343293448779332e-6
zooc,IPSL-CM6A-LR,ssp460,r1i1p1f1,2035,7.342839353361424e-4,6.624337111134082e-4,5.897594163788067e-4,1.4544104844394415e-6
zooc,IPSL-CM6A-LR,ssp460,r1i1p1f1,2036,7.305131030878969e-4,6.50646397843957e-4,5.802375047369912e-4,1.430928420840024e-6
zooc,IPSL-CM6A-LR,ssp460,r1i1p1f1,2037,7.23624466368678e-4,6.294238846749067e-4,5.796742481934254e-4,1.429539369305381e-6
zooc,IPSL-CM6A-LR,ssp460,r1i1p1f1,2038,7.357690642776551e-4,6.595379672944546e-4,5.908148515467543e-4,1.4570133016752126e-6
zooc,IPSL-CM6A-LR,ssp460,r1i1p1f1,2039,7.555875884556784e-4,7.53691652789712e-4,5.960636591397971e-4,1.4699574286905979e-6
zooc,IPSL-CM6A-LR,ssp460,r1i1p1f1,2040,7.392112539940186e-4,6.956106226425618e-4,5.672237793134659e-4,1.3988351669267467e-6
zooc,IPSL-CM6A-LR,ssp460,r1i1p1f1,2041,7.293693687233903e-4,6.343684799503535e-4,5.720230801665086e-4,1.410670761721491e-6
zooc,IPSL-CM6A-LR,ssp460,r1i1p1f1,2042,7.192319948523615e-4,6.173143046908081e-4,5.740926822733715e-4,1.4157746242783985e-6
zooc,IPSL-CM6A-LR,ssp460,r1i1p1f1,2043,7.134539213991143e-4,6.018523417878896e-4,5.764713079266723e-4,1.4216405723118507e-6
zooc,IPSL-CM6A-LR,ssp460,r1i1p1f1,2044,7.174032803065497e-4,6.174621230456978e-4,5.690324341238261e-4,1.4032955052373607e-6
zooc,IPSL-CM6A-LR,ssp460,r1i1p1f1,2045,7.449341209224091e-4,7.023393409326673e-4,5.749989545303039e-4,1.4180095896484003e-6
zooc,IPSL-CM6A-LR,ssp460,r1i1p1f1,2046,7.32789773606809e-4,6.640196370426565e-4,5.711026140426414e-4,1.4084007927410145e-6
zooc,IPSL-CM6A-LR,ssp460,r1i1p1f1,2047,7.345325000668487e-4,6.386662716977298e-4,5.785364277139641e-4,1.4267333809840763e-6
zooc,IPSL-CM6A-LR,ssp460,r1i1p1f1,2048,7.33421014103211e-4,6.37994846329093e-4,5.883482835960365e-4,1.4509304784281783e-6
zooc,IPSL-CM6A-LR,ssp460,r1i1p1f1,2049,7.225659645697202e-4,6.463499157689512e-4,5.746697823908043e-4,1.4171978155629379e-6
zooc,IPSL-CM6A-LR,ssp460,r1i1p1f1,2050,7.367652191539986e-4,6.538399029523134e-4,5.871464985047169e-4,1.4479667464583007e-6
zooc,IPSL-CM6A-LR,ssp460,r1i1p1f1,2051,7.465742278178507e-4,6.849722703918815e-4,5.825223984222412e-4,1.4365632157061438e-6
zooc,IPSL-CM6A-LR,ssp460,r1i1p1f1,2052,7.390127915710537e-4,7.030668493825942e-4,5.754954446624556e-4,1.4192339879938407e-6
zooc,IPSL-CM6A-LR,ssp460,r1i1p1f1,2053,7.403985844165011e-4,6.846104806754738e-4,5.667727838797936e-4,1.3977229634265556e-6
zooc,IPSL-CM6A-LR,ssp460,r1i1p1f1,2054,7.2993045911024e-4,6.104594503995031e-4,5.713809715966332e-4,1.4090872525646397e-6
zooc,IPSL-CM6A-LR,ssp460,r1i1p1f1,2055,7.294210695640838e-4,6.215003377292305e-4,5.779667139392242e-4,1.4253284052192144e-6
zooc,IPSL-CM6A-LR,ssp460,r1i1p1f1,2056,7.108090302264469e-4,6.108535744715482e-4,5.680505521309671e-4,1.4008740780837853e-6
zooc,IPSL-CM6A-LR,ssp460,r1i1p1f1,2057,7.213957043081469e-4,6.400455604307353e-4,5.771817544382038e-4,1.4233926102213925e-6
zooc,IPSL-CM6A-LR,ssp460,r1i1p1f1,2058,7.140601561330066e-4,6.00676954491064e-4,5.691627915658664e-4,1.4036169807834269e-6
zooc,IPSL-CM6A-LR,ssp460,r1i1p1f1,2059,7.051364041515762e-4,5.983996961731464e-4,5.727204052729584e-4,1.4123904408274403e-6
zooc,IPSL-CM6A-LR,ssp460,r1i1p1f1,2060,7.037661514373931e-4,5.979172419756651e-4,5.748415403530807e-4,1.417621389268051e-6
zooc,IPSL-CM6A-LR,ssp460,r1i1p1f1,2061,7.173979243035702e-4,6.344545399770141e-4,5.746305508623694e-4,1.4171010663721806e-6
zooc,IPSL-CM6A-LR,ssp460,r1i1p1f1,2062,7.391084235260666e-4,6.856790860183537e-4,5.728708771010511e-4,1.4127615206242404e-6
zooc,IPSL-CM6A-LR,ssp460,r1i1p1f1,2063,7.286975426255832e-4,6.335794168990105e-4,5.688625630919003e-4,1.4028765849065037e-6
zooc,IPSL-CM6A-LR,ssp460,r1i1p1f1,2064,7.361713320610753e-4,6.47655688226223e-4,5.735425577376594e-4,1.4144179576949297e-6
zooc,IPSL-CM6A-LR,ssp460,r1i1p1f1,2065,7.367629229890485e-4,6.555249274242669e-4,5.763695199967842e-4,1.4213895522716323e-6
zooc,IPSL-CM6A-LR,ssp460,r1i1p1f1,2066,7.202170594996821e-4,6.339189421851188e-4,5.678510388435925e-4,1.4003820567461281e-6
zooc,IPSL-CM6A-LR,ssp460,r1i1p1f1,2067,7.32297788986188e-4,6.464286125265062e-4,5.666868879369482e-4,1.3975111347445952e-6
zooc,IPSL-CM6A-LR,ssp460,r1i1p1f1,2068,7.349667949048172e-4,7.039133051875979e-4,5.727568807545996e-4,1.412480393308826e-6
zooc,IPSL-CM6A-LR,ssp460,r1i1p1f1,2069,7.452263999971612e-4,7.178131781984121e-4,5.606440720898748e-4,1.382608897528131e-6
zooc,IPSL-CM6A-LR,ssp460,r1i1p1f1,2070,7.519126995651558e-4,7.203079294413328e-4,5.6507821100592e-4,1.393543963505636e-6
zooc,IPSL-CM6A-LR,ssp460,r1i1p1f1,2071,7.25379825959582e-4,6.304566049948335e-4,0.00056042644653499305,1.382072209380538e-6
zooc,IPSL-CM6A-LR,ssp460,r1i1p1f1,2072,7.167877390710861e-4,5.973891529720277e-4,5.742557594034972e-4,1.4161767901128728e-6
zooc,IPSL-CM6A-LR,ssp460,r1i1p1f1,2073,7.052161074241299e-4,5.66650734981522e-4,5.72235677972814e-4,1.4111950508975044e-6
zooc,IPSL-CM6A-LR,ssp460,r1i1p1f1,2074,7.080584784436226e-4,5.947744066361338e-4,5.704520857949904e-4,1.4067965197484493e-6
zooc,IPSL-CM6A-LR,ssp460,r1i1p1f1,2075,7.366442002841774e-4,6.68844673782587e-4,5.835813396191966e-4,1.4391746791885132e-6
zooc,IPSL-CM6A-LR,ssp460,r1i1p1f1,2076,7.178550210051423e-4,6.44023617496714e-4,5.673837434778237e-4,1.3992296558510695e-6
zooc,IPSL-CM6A-LR,ssp460,r1i1p1f1,2077,7.127342271355647e-4,6.061604653950781e-4,5.756760373686518e-4,1.4196793491326552e-6
zooc,IPSL-CM6A-LR,ssp460,r1i1p1f1,2078,7.320484167962892e-4,6.469577783718705e-4,5.805330302591525e-4,1.4316572187293227e-6
zooc,IPSL-CM6A-LR,ssp460,r1i1p1f1,2079,7.308801070915685e-4,6.462768942583352e-4,5.815825547955276e-4,1.43424545970859e-6
zooc,IPSL-CM6A-LR,ssp460,r1i1p1f1,2080,7.094777270163873e-4,5.844291008543223e-4,5.815712386006718e-4,1.4342175527485905e-6
zooc,IPSL-CM6A-LR,ssp460,r1i1p1f1,2081,7.179318264115229e-4,5.938859540037811e-4,5.809944904590621e-4,1.4327952294744854e-6
zooc,IPSL-CM6A-LR,ssp460,r1i1p1f1,2082,7.113422642231584e-4,5.973211664240807e-4,0.00057892484535794605,1.4276912608891014e-6
zooc,IPSL-CM6A-LR,ssp460,r1i1p1f1,2083,7.122685269925352e-4,6.062780448701233e-4,5.766748426270278e-4,1.4221425108887063e-6
zooc,IPSL-CM6A-LR,ssp460,r1i1p1f1,2084,7.000535514384435e-4,5.823808314744383e-4,5.682682496864753e-4,1.4014109437927079e-6
zooc,IPSL-CM6A-LR,ssp460,r1i1p1f1,2085,7.165187527415469e-4,6.09835929935798e-4,5.78948494370376e-4,1.4277495819106393e-6
zooc,IPSL-CM6A-LR,ssp460,r1i1p1f1,2086,7.13464012543147e-4,6.049024232197553e-4,5.818776472840089e-4,1.434973189690015e-6
zooc,IPSL-CM6A-LR,ssp460,r1i1p1f1,2087,7.222673979869637e-4,6.305857677944005e-4,5.868293004869144e-4,1.4471845018515628e-6
zooc,IPSL-CM6A-LR,ssp460,r1i1p1f1,2088,7.251898876136563e-4,6.501533498521894e-4,5.773242833374432e-4,1.4237441018968662e-6
zooc,IPSL-CM6A-LR,ssp460,r1i1p1f1,2089,7.214181742316852e-4,6.472746026702225e-4,5.786998035649516e-4,1.4271362834964929e-6
zooc,IPSL-CM6A-LR,ssp460,r1i1p1f1,2090,7.178729355091784e-4,6.34309253655374e-4,5.68505423255857e-4,1.4019958394575514e-6
zooc,IPSL-CM6A-LR,ssp460,r1i1p1f1,2091,7.102145778376756e-4,6.216809269972146e-4,5.761302551679642e-4,1.4207994993349111e-6
zooc,IPSL-CM6A-LR,ssp460,r1i1p1f1,2092,7.186681572024556e-4,6.302640249487013e-4,5.720213175825179e-4,1.4106664149988029e-6
zooc,IPSL-CM6A-LR,ssp460,r1i1p1f1,2093,7.428873258686373e-4,6.831603532191366e-4,5.767006019773509e-4,1.4222060362316542e-6
zooc,IPSL-CM6A-LR,ssp460,r1i1p1f1,2094,7.202853792925139e-4,6.503330660052598e-4,5.56041952191578e-4,1.3712595722866143e-6
zooc,IPSL-CM6A-LR,ssp460,r1i1p1f1,2095,6.849886357057889e-4,5.573280795942992e-4,5.629121881326068e-4,1.388202316913835e-6
zooc,IPSL-CM6A-LR,ssp460,r1i1p1f1,2096,6.979537437696484e-4,5.809883878100663e-4,5.693593935349472e-4,1.4041018224954055e-6
zooc,IPSL-CM6A-LR,ssp460,r1i1p1f1,2097,7.045971172855456e-4,6.17958401562646e-4,5.705755564857438e-4,1.4071010118212599e-6
zooc,IPSL-CM6A-LR,ssp460,r1i1p1f1,2098,6.992662794525607e-4,6.12188276136294e-4,5.642174416213016e-4,1.3914212131384434e-6
zooc,IPSL-CM6A-LR,ssp460,r1i1p1f1,2099,7.057930094260414e-4,6.284624396357685e-4,5.705124089614938e-4,1.4069452831990708e-6
zooc,IPSL-CM6A-LR,ssp460,r1i1p1f1,2100,7.260774379220173e-4,6.561015616171062e-4,5.74228979819481e-4,1.4161107487633318e-6
zooc,IPSL-CM6A-LR,ssp534-over,r1i1p1f1,2040,7.281224028558491e-4,6.727831205353141e-4,5.824874141680506e-4,1.4364769407528796e-06
zooc,IPSL-CM6A-LR,ssp534-over,r1i1p1f1,2041,7.1349464070199e-4,6.044580950401723e-4,5.718112960239201e-4,1.4101484791281752e-6
zooc,IPSL-CM6A-LR,ssp534-over,r1i1p1f1,2042,7.194605663135101e-4,6.056165148038417e-4,5.873126817949835e-4,1.4483765724195148e-6
zooc,IPSL-CM6A-LR,ssp534-over,r1i1p1f1,2043,7.34144787153835e-4,6.397197721526027e-4,5.919196404563162e-4,1.459737830573836e-6
zooc,IPSL-CM6A-LR,ssp534-over,r1i1p1f1,2044,7.192823795267458e-4,6.31578266620636e-4,5.730768670351071e-4,1.4132695140728563e-6
zooc,IPSL-CM6A-LR,ssp534-over,r1i1p1f1,2045,7.355230001826928e-4,6.495928391814232e-4,5.903168489032594e-4,1.45578517331327e-6
zooc,IPSL-CM6A-LR,ssp534-over,r1i1p1f1,2046,7.156699871062777e-4,6.029102660249919e-4,5.701355389328873e-4,1.4060158809620674e-6
zooc,IPSL-CM6A-LR,ssp534-over,r1i1p1f1,2047,7.196204757003676e-4,6.134913419373333e-4,5.858380496250385e-4,1.4447399700540477e-6
zooc,IPSL-CM6A-LR,ssp534-over,r1i1p1f1,2048,7.104073667475667e-4,5.972356593701988e-4,5.678951713232707e-4,1.400490892212533e-6
zooc,IPSL-CM6A-LR,ssp534-over,r1i1p1f1,2049,7.170786457165404e-4,5.957268294878304e-4,5.788449680761881e-4,1.427494274876109e-6
zooc,IPSL-CM6A-LR,ssp534-over,r1i1p1f1,2050,7.035230721962284e-4,5.98757789703086e-4,5.675437618382379e-4,1.399624278428727e-6
zooc,IPSL-CM6A-LR,ssp534-over,r1i1p1f1,2051,7.212306633746859e-4,6.383638828992844e-4,5.906983959318888e-4,1.4567261095379982e-6
zooc,IPSL-CM6A-LR,ssp534-over,r1i1p1f1,2052,7.154128736836064e-4,6.513793487101793e-4,5.673133253823754e-4,1.3990559972142257e-6
zooc,IPSL-CM6A-LR,ssp534-over,r1i1p1f1,2053,7.15911718368726e-4,5.93788776313886e-4,5.682100873754395e-4,1.401267509245297e-6
zooc,IPSL-CM6A-LR,ssp534-over,r1i1p1f1,2054,7.293521675098046e-4,6.240305956453085e-4,5.872414734301437e-4,1.448200964892909e-6
zooc,IPSL-CM6A-LR,ssp534-over,r1i1p1f1,2055,7.308442988515619e-4,6.581266934517771e-4,5.780543265068435e-4,1.4255444672834653e-6
zooc,IPSL-CM6A-LR,ssp534-over,r1i1p1f1,2056,7.318452957909656e-4,6.609543925151229e-4,5.766431440030721e-4,1.4220643386548375e-6
zooc,IPSL-CM6A-LR,ssp534-over,r1i1p1f1,2057,7.17834878051652e-4,6.077680445741862e-4,5.713057887357068e-4,1.4089018435009694e-6
zooc,IPSL-CM6A-LR,ssp534-over,r1i1p1f1,2058,7.185124050759944e-4,6.279150256887078e-4,5.708787663564356e-4,1.4078487601448515e-6
zooc,IPSL-CM6A-LR,ssp534-over,r1i1p1f1,2059,7.414183378077178e-4,6.899813306517899e-4,5.731540100330337e-4,1.4134597570462954e-6
zooc,IPSL-CM6A-LR,ssp534-over,r1i1p1f1,2060,7.378103802231417e-4,6.418614648282528e-4,5.713081924460706e-4,1.408907771310611e-6
zooc,IPSL-CM6A-LR,ssp534-over,r1i1p1f1,2061,7.301761813427629e-4,6.348074530251324e-4,5.817708942610891e-4,1.434709925193564e-6
zooc,IPSL-CM6A-LR,ssp534-over,r1i1p1f1,2062,7.316446519686668e-4,6.71251822495833e-4,5.728088106077813e-4,1.4126084579413275e-6
zooc,IPSL-CM6A-LR,ssp534-over,r1i1p1f1,2063,7.240842067825121e-4,6.423083541449159e-4,5.685348801129878e-4,1.4020684832520546e-6
zooc,IPSL-CM6A-LR,ssp534-over,r1i1p1f1,2064,7.220436895694118e-4,6.338349194265902e-4,5.566193583995393e-4,1.372683518423491e-6
zooc,IPSL-CM6A-LR,ssp534-over,r1i1p1f1,2065,7.46763081085422e-4,6.96200761012733e-4,5.790299055626521e-4,1.427950350712813e-6
zooc,IPSL-CM6A-LR,ssp534-over,r1i1p1f1,2066,7.30052232055985e-4,6.394510564859957e-4,5.697912543957543e-4,1.4051668380701181e-6
zooc,IPSL-CM6A-LR,ssp534-over,r1i1p1f1,2067,7.085642045020612e-4,5.954908847343177e-4,5.634356560613567e-4,1.389493245422474e-6
zooc,IPSL-CM6A-LR,ssp534-over,r1i1p1f1,2068,7.142937519633166e-4,6.104725180193782e-4,5.696898689249294e-4,1.4049168105374626e-6
zooc,IPSL-CM6A-LR,ssp534-over,r1i1p1f1,2069,7.272625472209107e-4,6.642404769081622e-4,5.756243041184345e-4,1.4195517693443202e-6
zooc,IPSL-CM6A-LR,ssp534-over,r1i1p1f1,2070,7.392515380938129e-4,6.715188210364431e-4,5.632879236804358e-4,1.3891289213985834e-6
zooc,IPSL-CM6A-LR,ssp534-over,r1i1p1f1,2071,7.228038488075392e-4,6.287790893111378e-4,5.61095743876113e-4,1.383722768986876e-6
zooc,IPSL-CM6A-LR,ssp534-over,r1i1p1f1,2072,7.345733473307288e-4,6.382862920872867e-4,5.720964830804069e-4,1.4108517812433454e-6
zooc,IPSL-CM6A-LR,ssp534-over,r1i1p1f1,2073,7.221287822841109e-4,6.019729189574718e-4,5.77948545196109e-4,1.4252835991343227e-6
zooc,IPSL-CM6A-LR,ssp534-over,r1i1p1f1,2074,7.105168545121415e-4,5.879701348021626e-4,5.650235077966046e-4,1.393409059477059e-6
zooc,IPSL-CM6A-LR,ssp534-over,r1i1p1f1,2075,7.414771500933216e-4,6.687475543003529e-4,5.884724000610952e-4,1.4512365630502457e-6
zooc,IPSL-CM6A-LR,ssp534-over,r1i1p1f1,2076,7.38073277562489e-4,6.704715196974576e-4,5.70303828857376e-4,1.4064309021110385e-6
zooc,IPSL-CM6A-LR,ssp534-over,r1i1p1f1,2077,7.447403886911943e-4,6.608454568777233e-4,5.764850669496007e-4,1.4216745035499912e-6
zooc,IPSL-CM6A-LR,ssp534-over,r1i1p1f1,2078,7.4230641610105e-4,6.624239904340357e-4,5.764397720265926e-4,1.4215628013726538e-6
zooc,IPSL-CM6A-LR,ssp534-over,r1i1p1f1,2079,7.437756801613018e-4,6.45164429442957e-4,5.859314684357455e-4,1.4449703509415126e-6
zooc,IPSL-CM6A-LR,ssp534-over,r1i1p1f1,2080,7.424558196817727e-4,6.509783561341465e-4,5.76779804083315e-4,1.4224013571881407e-6
zooc,IPSL-CM6A-LR,ssp534-over,r1i1p1f1,2081,7.411570526664379e-4,6.282564718276262e-4,5.772135810382262e-4,1.4234710980580785e-6
zooc,IPSL-CM6A-LR,ssp534-over,r1i1p1f1,2082,7.537374605891495e-4,6.642411754000932e-4,5.808781828543836e-4,1.4325084023463946e-6
zooc,IPSL-CM6A-LR,ssp534-over,r1i1p1f1,2083,7.374393392859726e-4,6.483680626843125e-4,5.664435887807047e-4,1.3969111327202635e-6
zooc,IPSL-CM6A-LR,ssp534-over,r1i1p1f1,2084,7.506677577941114e-4,6.814539374317974e-4,5.72600082551627e-4,1.4120937119875768e-6
zooc,IPSL-CM6A-LR,ssp534-over,r1i1p1f1,2085,7.418805939479801e-4,6.947961228433996e-4,5.673903800550751e-4,1.3992460223681054e-6
zooc,IPSL-CM6A-LR,ssp534-over,r1i1p1f1,2086,7.491379336824429e-4,6.648055568803102e-4,5.767077672898554e-4,1.4222237066669903e-6
zooc,IPSL-CM6A-LR,ssp534-over,r1i1p1f1,2087,7.276262604159722e-4,6.437947740778327e-4,5.628883306469649e-4,1.388143481774817e-6
zooc,IPSL-CM6A-LR,ssp534-over,r1i1p1f1,2088,7.411871302496851e-4,6.815161323174834e-4,5.639525388612251e-4,1.3907679342913199e-6
zooc,IPSL-CM6A-LR,ssp534-over,r1i1p1f1,2089,7.270364940795177e-4,6.266068376135081e-4,5.670429015786838e-4,1.3983891028766227e-6
zooc,IPSL-CM6A-LR,ssp534-over,r1i1p1f1,2090,7.207818052433109e-4,6.264279363676906e-4,5.71286918354486e-4,1.4088553071006497e-6
zooc,IPSL-CM6A-LR,ssp534-over,r1i1p1f1,2091,7.287371024861369e-4,6.569966790266335e-4,5.80471727141436e-4,1.431506038613059e-6
zooc,IPSL-CM6A-LR,ssp534-over,r1i1p1f1,2092,7.626569750907532e-4,7.281485013663769e-4,5.899815906227025e-4,1.4549583901459388e-6
zooc,IPSL-CM6A-LR,ssp534-over,r1i1p1f1,2093,7.515468221555372e-4,7.09909072611481e-4,5.674803875146566e-4,1.3994679904948663e-6
zooc,IPSL-CM6A-LR,ssp534-over,r1i1p1f1,2094,7.342684636528617e-4,6.635840691160411e-4,5.715081713424403e-4,1.409400940890391e-6
zooc,IPSL-CM6A-LR,ssp534-over,r1i1p1f1,2095,7.530745026525968e-4,6.857900298200548e-4,5.935090214135194e-4,1.463657415855099e-6
zooc,IPSL-CM6A-LR,ssp534-over,r1i1p1f1,2096,7.523469403475896e-4,6.848385964985937e-4,5.827248184259988e-4,1.43706240532067e-6
zooc,IPSL-CM6A-LR,ssp534-over,r1i1p1f1,2097,7.432709966291251e-4,6.632607255596668e-4,5.848930816389372e-4,1.442409576832208e-6
zooc,IPSL-CM6A-LR,ssp534-over,r1i1p1f1,2098,7.523459645408816e-4,6.81254401570186e-4,5.874547205248278e-4,1.448726855284264e-6
zooc,IPSL-CM6A-LR,ssp534-over,r1i1p1f1,2099,7.496318815771442e-4,6.935001292731613e-4,5.774265909108227e-4,1.4239964034341173e-6
zooc,IPSL-CM6A-LR,ssp534-over,r1i1p1f1,2100,7.507351660594662e-4,7.023129146546125e-4,5.694663034128707e-4,1.4043654738132544e-6
zooc,IPSL-CM6A-LR,ssp585,r1i1p1f1,2015,7.593867688388877e-4,7.159017550293356e-4,5.746986917326146e-4,1.4172691091254645e-6
zooc,IPSL-CM6A-LR,ssp585,r1i1p1f1,2016,7.445555958282248e-4,6.544915086124092e-4,5.752903908543185e-4,1.418728303132953e-6
zooc,IPSL-CM6A-LR,ssp585,r1i1p1f1,2017,7.565778999752094e-4,6.729103333782405e-4,5.907904936479234e-4,1.4569532324631667e-6
zooc,IPSL-CM6A-LR,ssp585,r1i1p1f1,2018,7.562671772670918e-4,7.301446166820824e-4,5.818758890952246e-4,1.4349688538063807e-6
zooc,IPSL-CM6A-LR,ssp585,r1i1p1f1,2019,7.544259594755378e-4,6.934005941729993e-4,5.891189377904184e-4,1.4528309949931676e-6
zooc,IPSL-CM6A-LR,ssp585,r1i1p1f1,2020,7.570741693419803e-4,6.964083295315504e-4,5.870703083123031e-4,1.447778853206272e-6
zooc,IPSL-CM6A-LR,ssp585,r1i1p1f1,2021,7.342390992454567e-4,6.543830677401274e-4,5.783070752824863e-4,1.42616777309091e-6
zooc,IPSL-CM6A-LR,ssp585,r1i1p1f1,2022,7.428857246751336e-4,6.87701627612114e-4,5.86878639804623e-4,1.4473061779435038e-6
zooc,IPSL-CM6A-LR,ssp585,r1i1p1f1,2023,7.52447354545063e-4,7.099553477019072e-4,5.889215775205414e-4,1.4523442832294397e-6
zooc,IPSL-CM6A-LR,ssp585,r1i1p1f1,2024,7.387375420743669e-4,6.902630266267806e-4,5.740612024116553e-4,1.4156969915358644e-6
zooc,IPSL-CM6A-LR,ssp585,r1i1p1f1,2025,7.303388851894144e-4,6.601804634556174e-4,5.803164889649976e-4,1.43112320448591e-6
zooc,IPSL-CM6A-LR,ssp585,r1i1p1f1,2026,7.41337412593997e-4,6.740098469890654e-4,5.852897104972428e-4,1.4433877064795357e-6
zooc,IPSL-CM6A-LR,ssp585,r1i1p1f1,2027,7.436219847771458e-4,6.765037542209029e-4,5.828900816866458e-4,1.4374699623893701e-6
zooc,IPSL-CM6A-LR,ssp585,r1i1p1f1,2028,7.24064486370708e-4,6.426875479519367e-4,5.655445627281557e-4,1.394694037273717e-6
zooc,IPSL-CM6A-LR,ssp585,r1i1p1f1,2029,7.023954094321494e-4,5.856862990185618e-4,5.666157385796732e-4,1.397335672737024e-6
zooc,IPSL-CM6A-LR,ssp585,r1i1p1f1,2030,7.367708780229131e-4,6.524045602418482e-4,5.860317467365978e-4,1.4452176480733105e-6
zooc,IPSL-CM6A-LR,ssp585,r1i1p1f1,2031,7.418263506627788e-4,6.753805791959167e-4,5.911232905783721e-4,1.4577739456750146e-6
zooc,IPSL-CM6A-LR,ssp585,r1i1p1f1,2032,7.344343740076048e-4,6.569226388819516e-4,5.820194671569074e-4,1.4353229328298733e-6
zooc,IPSL-CM6A-LR,ssp585,r1i1p1f1,2033,7.386685726889841e-4,6.646357069257647e-4,5.863581830549068e-4,1.446022675327925e-6
zooc,IPSL-CM6A-LR,ssp585,r1i1p1f1,2034,7.300533146502813e-4,6.460321601480246e-4,5.821788866562748e-4,1.435716078551442e-6
zooc,IPSL-CM6A-LR,ssp585,r1i1p1f1,2035,7.454994133226368e-4,7.000368495937437e-4,5.865868683588858e-4,1.4465866380125508e-6
zooc,IPSL-CM6A-LR,ssp585,r1i1p1f1,2036,7.287336404915996e-4,6.460732838604599e-4,5.804605581625091e-4,1.431478494703457e-6
zooc,IPSL-CM6A-LR,ssp585,r1i1p1f1,2037,7.386565407396272e-4,6.705023406539112e-4,5.83008848693371e-4,1.4377628546688138e-6
zooc,IPSL-CM6A-LR,ssp585,r1i1p1f1,2038,7.266891308337233e-4,6.259199872147292e-4,5.826665528477289e-4,1.4369187161050946e-6
zooc,IPSL-CM6A-LR,ssp585,r1i1p1f1,2039,7.445278049303144e-4,6.634703022427857e-4,5.961009217690441e-4,1.4700493223630846e-6
zooc,IPSL-CM6A-LR,ssp585,r1i1p1f1,2040,7.363642580632672e-4,6.704477127641439e-4,5.905637537391979e-4,1.4563940673335685e-6
zooc,IPSL-CM6A-LR,ssp585,r1i1p1f1,2041,7.399008163783725e-4,0.00067904507159255445,5.831867910075163e-4,1.4382016796542757e-6
zooc,IPSL-CM6A-LR,ssp585,r1i1p1f1,2042,7.407636148235691e-4,6.494230474345386e-4,5.871857014372337e-4,1.4480634251284326e-6
zooc,IPSL-CM6A-LR,ssp585,r1i1p1f1,2043,7.222828984763389e-4,6.149691762402654e-4,5.726126333629236e-4,1.4121246636452036e-6
zooc,IPSL-CM6A-LR,ssp585,r1i1p1f1,2044,7.17846316594224e-4,6.220662326086313e-4,5.790056747846563e-4,1.4278905949944903e-6
zooc,IPSL-CM6A-LR,ssp585,r1i1p1f1,2045,7.254091325642936e-4,6.598449836019427e-4,5.860581615121163e-4,1.4452827897656537e-6
zooc,IPSL-CM6A-LR,ssp585,r1i1p1f1,2046,7.269576981992134e-4,6.831214122939855e-4,5.7611234715654e-4,1.4207553362425593e-6
zooc,IPSL-CM6A-LR,ssp585,r1i1p1f1,2047,7.075525639209511e-4,6.083421758376062e-4,5.673165190682562e-4,1.3990638731889027e-6
zooc,IPSL-CM6A-LR,ssp585,r1i1p1f1,2048,7.028346589819947e-4,6.068863440304995e-4,5.699544187475516e-4,1.405569219002665e-6
zooc,IPSL-CM6A-LR,ssp585,r1i1p1f1,2049,7.360723991599095e-4,6.680288061033934e-4,5.882862777124198e-4,1.4507775652152234e-6
zooc,IPSL-CM6A-LR,ssp585,r1i1p1f1,2050,7.353572170813455e-4,6.832482176832855e-4,5.7924451909873e-4,1.428479610896382e-6
zooc,IPSL-CM6A-LR,ssp585,r1i1p1f1,2051,7.194426622527082e-4,6.283281836658716e-4,5.724868411506757e-4,1.4118144464493892e-6
zooc,IPSL-CM6A-LR,ssp585,r1i1p1f1,2052,7.122044067477892e-4,6.240075454115868e-4,5.624200022502497e-4,1.3869885333137552e-6
zooc,IPSL-CM6A-LR,ssp585,r1i1p1f1,2053,7.179028363085471e-4,6.124779756646603e-4,5.613183287734065e-4,1.384271687409051e-6
zooc,IPSL-CM6A-LR,ssp585,r1i1p1f1,2054,7.336898588023269e-4,6.543670315295458e-4,5.71495125115999e-4,1.4093687674854537e-6
zooc,IPSL-CM6A-LR,ssp585,r1i1p1f1,2055,7.251471178176439e-4,6.401171267498285e-4,5.674896312484464e-4,1.3994907865418065e-6
zooc,IPSL-CM6A-LR,ssp585,r1i1p1f1,2056,7.18848653927124e-4,5.987801414448768e-4,5.699871233711311e-4,1.4056498721403728e-6
zooc,IPSL-CM6A-LR,ssp585,r1i1p1f1,2057,7.168059819956369e-4,6.261860835365951e-4,5.803625020612093e-4,1.4312366777560151e-6
zooc,IPSL-CM6A-LR,ssp585,r1i1p1f1,2058,7.256540940177996e-4,6.289171578828245e-4,5.822864137920336e-4,1.4359812520938494e-6
zooc,IPSL-CM6A-LR,ssp585,r1i1p1f1,2059,7.149536151494284e-4,6.136948650237173e-4,5.743435067650682e-4,1.4163931845935822e-6
zooc,IPSL-CM6A-LR,ssp585,r1i1p1f1,2060,7.117594794299521e-4,6.204805104061961e-4,5.700611123112151e-4,1.4058323368661612e-6
zooc,IPSL-CM6A-LR,ssp585,r1i1p1f1,2061,7.227657494907981e-4,6.412566581275314e-4,5.832659066505808e-4,1.4383967873839032e-6
zooc,IPSL-CM6A-LR,ssp585,r1i1p1f1,2062,7.182454462431978e-4,6.465805927291512e-4,5.752615461928158e-4,1.418657169079058e-6
zooc,IPSL-CM6A-LR,ssp585,r1i1p1f1,2063,7.145984968363187e-4,5.966953176539391e-4,5.715388880368982e-4,1.4094766915799536e-6
zooc,IPSL-CM6A-LR,ssp585,r1i1p1f1,2064,7.174460958531039e-4,5.942892166785896e-4,5.839263330983058e-4,1.4400254704080253e-6
zooc,IPSL-CM6A-LR,ssp585,r1i1p1f1,2065,7.141898565438337e-4,6.029573851265013e-4,5.712451213718094e-4,1.4087522312223601e-6
zooc,IPSL-CM6A-LR,ssp585,r1i1p1f1,2066,6.944053561570445e-4,5.393563769757748e-4,5.755820037762079e-4,1.419447452126958e-6
zooc,IPSL-CM6A-LR,ssp585,r1i1p1f1,2067,7.071631754993839e-4,5.875948118045926e-4,5.931536973115789e-4,1.462781148202758e-6
zooc,IPSL-CM6A-LR,ssp585,r1i1p1f1,2068,6.989916671354457e-4,5.967235774733126e-4,5.704647588587238e-4,1.406827772893803e-6
zooc,IPSL-CM6A-LR,ssp585,r1i1p1f1,2069,7.064263324594081e-4,5.983918672427535e-4,5.807881964592264e-4,1.4322864861667818e-6
zooc,IPSL-CM6A-LR,ssp585,r1i1p1f1,2070,7.117330530278191e-4,6.216734182089567e-4,5.689108609505634e-4,1.4029956926478381e-6
zooc,IPSL-CM6A-LR,ssp585,r1i1p1f1,2071,6.928297084454999e-4,6.035003170836717e-4,5.521959853320302e-4,1.3617750021924588e-6
zooc,IPSL-CM6A-LR,ssp585,r1i1p1f1,2072,7.08598085088892e-4,6.210216670297086e-4,5.71144492108531e-4,1.4085040685792738e-6
zooc,IPSL-CM6A-LR,ssp585,r1i1p1f1,2073,6.984042458582412e-4,6.015042599756271e-4,5.641130966541048e-4,1.3911638871677598e-6
zooc,IPSL-CM6A-LR,ssp585,r1i1p1f1,2074,6.962933188504162e-4,5.838401848450303e-4,5.75138022038123e-4,1.4183525451583924e-6
zooc,IPSL-CM6A-LR,ssp585,r1i1p1f1,2075,6.983551829278751e-4,5.85422501899302e-4,5.745797398783138e-4,1.4169757609919138e-6
zooc,IPSL-CM6A-LR,ssp585,r1i1p1f1,2076,6.959076711279835e-4,5.711174744646996e-4,5.72951492678751e-4,1.412960327354849e-6
zooc,IPSL-CM6A-LR,ssp585,r1i1p1f1,2077,7.038890508096629e-4,5.75809070141986e-4,5.844372750231049e-4,1.4412855084366343e-6
zooc,IPSL-CM6A-LR,ssp585,r1i1p1f1,2078,6.935188036593638e-4,5.69084077142179e-4,5.804024522846861e-4,1.43133519932645e-6
zooc,IPSL-CM6A-LR,ssp585,r1i1p1f1,2079,6.880851211783877e-4,5.67480776226148e-4,5.765708449629843e-4,1.4218860414051485e-6
zooc,IPSL-CM6A-LR,ssp585,r1i1p1f1,2080,6.668068657561273e-4,4.982823738828301e-4,5.759776091689622e-4,1.4204230577975813e-6
zooc,IPSL-CM6A-LR,ssp585,r1i1p1f1,2081,6.712948349918937e-4,4.935977922286838e-4,5.814758932557763e-4,1.4339824208195236e-6
zooc,IPSL-CM6A-LR,ssp585,r1i1p1f1,2082,6.826162510819071e-4,5.601994635071605e-4,5.806059316532701e-4,1.4318370014491747e-6
zooc,IPSL-CM6A-LR,ssp585,r1i1p1f1,2083,6.852859176732113e-4,5.72171644307673e-4,5.626048931514057e-4,1.3874444942660531e-6
zooc,IPSL-CM6A-LR,ssp585,r1i1p1f1,2084,6.832294829855389e-4,5.587366758845747e-4,5.665682359027824e-4,1.3972185259999134e-6
zooc,IPSL-CM6A-LR,ssp585,r1i1p1f1,2085,6.952821275179555e-4,5.9740268625319e-4,5.735394857263144e-4,1.414410381782813e-6
zooc,IPSL-CM6A-LR,ssp585,r1i1p1f1,2086,6.754420368912432e-4,5.533040966838598e-4,5.591821605333843e-4,1.379003665570771e-6
zooc,IPSL-CM6A-LR,ssp585,r1i1p1f1,2087,6.678117552164608e-4,5.488070310093462e-4,5.573680225750243e-4,1.3745298052243622e-6
zooc,IPSL-CM6A-LR,ssp585,r1i1p1f1,2088,6.777579140777193e-4,5.427690921351314e-4,5.772784707171178e-4,1.4236311230219718e-6
zooc,IPSL-CM6A-LR,ssp585,r1i1p1f1,2089,6.748921342799874e-4,5.45624119695276e-4,5.697179959314586e-4,1.4049861747766012e-6
zooc,IPSL-CM6A-LR,ssp585,r1i1p1f1,2090,6.668040122428388e-4,5.584077734965831e-4,5.56909393447542e-4,1.373398776209895e-6
zooc,IPSL-CM6A-LR,ssp585,r1i1p1f1,2091,6.724785398400082e-4,5.206089408602566e-4,5.734241295092637e-4,1.4141259008794746e-6
zooc,IPSL-CM6A-LR,ssp585,r1i1p1f1,2092,6.640636743523174e-4,5.369306018110365e-4,5.702292069927486e-4,1.406246876524895e-6
zooc,IPSL-CM6A-LR,ssp585,r1i1p1f1,2093,6.844335364172754e-4,5.720374174416065e-4,5.740959863906414e-4,1.415782772588821e-6
zooc,IPSL-CM6A-LR,ssp585,r1i1p1f1,2094,6.760806412645471e-4,5.289044347591698e-4,5.697139958177552e-4,1.4049763100637241e-6
zooc,IPSL-CM6A-LR,ssp585,r1i1p1f1,2095,6.708833896876267e-4,5.059762042947114e-4,5.729473476803523e-4,1.4129501053406483e-6
zooc,IPSL-CM6A-LR,ssp585,r1i1p1f1,2096,6.88917255931003e-4,5.607306666206568e-4,5.757821912464951e-4,1.4199411360725692e-6
zooc,IPSL-CM6A-LR,ssp585,r1i1p1f1,2097,6.946369709629978e-4,5.819970392622054e-4,5.800644556922269e-4,1.430501663185907e-6
zooc,IPSL-CM6A-LR,ssp585,r1i1p1f1,2098,6.754584328835932e-4,5.347890837583691e-4,5.61187173965585e-4,1.3839482454727585e-6
zooc,IPSL-CM6A-LR,ssp585,r1i1p1f1,2099,6.670145089180357e-4,5.340783100109547e-4,5.665755462465157e-4,1.39723655409794e-6
zooc,IPSL-CM6A-LR,ssp585,r1i1p1f1,2100,6.745711953598289e-4,5.320243071764708e-4,5.701886412953035e-4,1.4061468371291108e-6
zooc,MIROC-ES2L,historical,r1i1p1f2,NA,7.441288335003121e-4,6.617262843064964e-4,5.373905414777705e-4,1.3398386058442892e-6
zooc,MIROC-ES2L,historical,r1i1p1f2,NA,7.47254851657006e-4,6.773131026420742e-4,5.27458404721668e-4,1.3150754973836213e-6
zooc,MIROC-ES2L,historical,r1i1p1f2,NA,7.499878640125767e-4,6.89164618961513e-4,5.279706177930375e-4,1.3163525627475776e-6
zooc,MIROC-ES2L,historical,r1i1p1f2,NA,7.593936580307011e-4,7.019383483566344e-4,5.396175678583082e-4,1.345391096427158e-6
zooc,MIROC-ES2L,historical,r1i1p1f2,NA,7.596134279646996e-4,7.093748135957867e-4,5.221016072699984e-4,1.3017197654243302e-6
zooc,MIROC-ES2L,historical,r1i1p1f2,NA,7.597267317244662e-4,6.952575931791216e-4,5.340189769393577e-4,1.3314325175677096e-6
zooc,MIROC-ES2L,historical,r1i1p1f2,NA,7.632788282961082e-4,6.940194871276617e-4,5.2836141174627e-4,1.317326902236381e-6
zooc,MIROC-ES2L,historical,r1i1p1f2,NA,7.652732909744788e-4,6.789374747313559e-4,5.511630198979352e-4,1.3741765721113368e-6
zooc,MIROC-ES2L,historical,r1i1p1f2,NA,7.660434940402548e-4,7.132773171178997e-4,5.292911217998827e-4,1.3196448839013476e-6
zooc,MIROC-ES2L,historical,r1i1p1f2,NA,7.662677646472263e-4,6.887424387969077e-4,5.423414508502799e-4,1.3521823651763445e-6
zooc,MIROC-ES2L,historical,r1i1p1f2,NA,7.671597168744252e-4,6.905921909492463e-4,5.490245954168542e-4,1.368844986505911e-6
zooc,MIROC-ES2L,historical,r1i1p1f2,NA,7.678118630986934e-4,6.910335505381227e-4,5.445375631881851e-4,1.3576577799184888e-6
zooc,MIROC-ES2L,historical,r1i1p1f2,NA,7.689884962428335e-4,7.066116959322244e-4,5.321739565308926e-4,1.3268324560090632e-6
zooc,MIROC-ES2L,historical,r1i1p1f2,NA,7.696636897633895e-4,7.067208935040981e-4,5.336559371279797e-4,1.3305273755579432e-6
zooc,MIROC-ES2L,historical,r1i1p1f2,NA,7.697469410500532e-4,7.03569152392447e-4,5.446600162781553e-4,1.357963083723978e-6
zooc,MIROC-ES2L,historical,r1i1p1f2,NA,7.699709551789014e-4,7.046465470921248e-4,5.466078139558003e-4,1.3628193927273075e-6
zooc,MIROC-ES2L,historical,r1i1p1f2,NA,7.707712118681209e-4,7.126140117179602e-4,5.328267761874097e-4,1.328460086030333e-6
zooc,MIROC-ES2L,historical,r1i1p1f2,NA,7.709194387569686e-4,6.994165305513889e-4,5.499729627112329e-4,1.3712094849766777e-6
zooc,MIROC-ES2L,historical,r1i1p1f2,NA,7.709410939296409e-4,7.183931884355843e-4,5.283187984969731e-4,1.317220657574219e-6
zooc,MIROC-ES2L,historical,r1i1p1f2,NA,7.710790250984549e-4,6.81643869029358e-4,5.619051337717167e-4,1.400959140403085e-6
zooc,MIROC-ES2L,historical,r1i1p1f2,NA,7.713386605731209e-4,6.971406401135027e-4,5.394522917676461e-4,1.3449790250008857e-6
zooc,MIROC-ES2L,historical,r1i1p1f2,NA,7.718352882294198e-4,7.333098037634045e-4,5.276052450846727e-4,1.3154416042873804e-6
zooc,MIROC-ES2L,historical,r1i1p1f2,NA,7.723275208289393e-4,7.051736465655267e-4,5.51911954075913e-4,1.3760438378100063e-6
zooc,MIROC-ES2L,historical,r1i1p1f2,NA,7.7235878477437e-4,7.077750633470714e-4,5.210069600538519e-4,1.2989905573591125e-6
zooc,MIROC-ES2L,historical,r1i1p1f2,NA,7.727538367222224e-4,6.932932301424444e-4,5.45113479078023e-4,1.3590936711063057e-6
zooc,MIROC-ES2L,historical,r1i1p1f2,NA,7.737683519077335e-4,7.152945327106863e-4,5.413227129510339e-4,1.3496424165518433e-6
zooc,MIROC-ES2L,historical,r1i1p1f2,NA,7.747511722306095e-4,7.047175895422697e-4,5.438165499128357e-4,1.3558601274719406e-6
zooc,MIROC-ES2L,historical,r1i1p1f2,NA,7.751065005651273e-4,7.059907948132604e-4,5.446030470804082e-4,1.3578210463701465e-6
zooc,MIROC-ES2L,historical,r1i1p1f2,NA,7.751484787632457e-4,7.30386731447652e-4,5.33786965215743e-4,1.3308540588113411e-6
zooc,MIROC-ES2L,historical,r1i1p1f2,NA,7.755340930661395e-4,7.089285645633936e-4,5.508162145433219e-4,1.3733119063478741e-6
zooc,MIROC-ES2L,historical,r1i1p1f2,NA,7.760617005221079e-4,6.86637416947633e-4,5.570002609649733e-4,1.388730160850972e-6
zooc,MIROC-ES2L,historical,r1i1p1f2,NA,7.765649625476854e-4,7.260501151904464e-4,5.243427000768386e-4,1.3073073268533563e-6
zooc,MIROC-ES2L,historical,r1i1p1f2,NA,7.771876470657951e-4,7.011012057773769e-4,5.643875355688101e-4,1.4071483408192605e-6
zooc,MIROC-ES2L,historical,r1i1p1f2,NA,7.774029220912877e-4,7.048839179333299e-4,5.521279003009629e-4,1.3765822415718452e-6
zooc,MIROC-ES2L,historical,r1i1p1f2,NA,7.778088551966325e-4,7.012116548139602e-4,5.680063663666295e-4,1.4161709209294417e-6
zooc,MIROC-ES2L,historical,r1i1p1f2,NA,7.78160694757879e-4,6.965906650293618e-4,5.614825577238197e-4,1.3999055608195656e-6
zooc,MIROC-ES2L,historical,r1i1p1f2,NA,7.785087362885206e-4,7.021103810984641e-4,5.704520984673032e-4,1.4222686953320653e-6
zooc,MIROC-ES2L,historical,r1i1p1f2,NA,7.788979315736926e-4,6.992514245212078e-4,5.49817002135823e-4,1.3708206392791904e-6
zooc,MIROC-ES2L,historical,r1i1p1f2,NA,7.791847342711409e-4,7.001639169175178e-4,5.64625926855681e-4,1.40774270529871e-6
zooc,MIROC-ES2L,historical,r1i1p1f2,NA,7.803638516896602e-4,7.151601021178067e-4,5.694314432355107e-4,1.4197239663551614e-6
zooc,MIROC-ES2L,historical,r1i1p1f2,NA,7.80862409823593e-4,7.089905848260969e-4,5.495066400253117e-4,1.370046834931405e-6
zooc,MIROC-ES2L,historical,r1i1p1f2,NA,7.80965080454396e-4,7.06185179296881e-4,5.317157407569855e-4,1.3256900183658563e-6
zooc,MIROC-ES2L,historical,r1i1p1f2,NA,7.810224135621783e-4,7.199279789347202e-4,5.373772447364875e-4,1.3398054540004665e-6
zooc,MIROC-ES2L,historical,r1i1p1f2,NA,7.811589336263723e-4,7.137981301639229e-4,5.420287658086219e-4,1.351402769225267e-6
zooc,MIROC-ES2L,historical,r1i1p1f2,NA,7.813035923055907e-4,7.186936854850501e-4,5.37881727313749e-4,1.3410632454590435e-6
zooc,MIROC-ES2L,historical,r1i1p1f2,NA,7.820101987471047e-4,6.986381486058235e-4,5.713274353729833e-4,1.4244511121943445e-6
zooc,MIROC-ES2L,historical,r1i1p1f2,NA,7.820111615251185e-4,7.267890905495733e-4,5.356719813213e-4,1.3355538388705851e-6
zooc,MIROC-ES2L,historical,r1i1p1f2,NA,7.826531015764174e-4,7.072817534208298e-4,5.573933704551807e-4,1.3897102735076915e-6
zooc,MIROC-ES2L,historical,r1i1p1f2,NA,7.827622031740619e-4,6.867949268780649e-4,5.51189934315581e-4,1.3742436759641817e-6
zooc,MIROC-ES2L,historical,r1i1p1f2,NA,7.82790744521555e-4,7.239026017487049e-4,5.414365424302596e-4,1.3499262197061196e-6
zooc,MIROC-ES2L,historical,r1i1p1f2,NA,7.829433913529314e-4,6.869702483527362e-4,5.805960054134593e-4,1.447559795735838e-6
zooc,MIROC-ES2L,historical,r1i1p1f2,NA,7.832549776568267e-4,7.121027738321573e-4,5.354767277389072e-4,1.335067026641066e-6
zooc,MIROC-ES2L,historical,r1i1p1f2,NA,7.833320460162845e-4,7.13406945578754e-4,5.484187973814562e-4,1.367334592234849e-6
zooc,MIROC-ES2L,historical,r1i1p1f2,NA,7.834957604921283e-4,6.997501477599144e-4,5.614906991151772e-4,1.3999258591865893e-6
zooc,MIROC-ES2L,historical,r1i1p1f2,NA,7.835471889985696e-4,7.0782913826406e-4,5.643620630307864e-4,1.4070848319049818e-6
zooc,MIROC-ES2L,historical,r1i1p1f2,NA,7.843040579666814e-4,6.877689447719604e-4,5.659260566910759e-4,1.4109842289423562e-6
zooc,MIROC-ES2L,historical,r1i1p1f2,NA,7.847812843672639e-4,7.235716911964118e-4,5.566351897632616e-4,1.3878199541164243e-6
zooc,MIROC-ES2L,historical,r1i1p1f2,NA,7.852975464785003e-4,7.084266690071672e-4,5.634884843712689e-4,1.4049067987560457e-6
zooc,MIROC-ES2L,historical,r1i1p1f2,NA,7.857573404683429e-4,7.167573494371027e-4,5.66956384697889e-4,1.4135530743790747e-6
zooc,MIROC-ES2L,historical,r1i1p1f2,NA,7.86056817211565e-4,7.126448326744139e-4,5.650801904483534e-4,1.4088752892422576e-6
zooc,MIROC-ES2L,historical,r1i1p1f2,NA,7.861526183782069e-4,7.313045207411051e-4,5.361141117328686e-4,1.3366561719942913e-6
zooc,MIROC-ES2L,historical,r1i1p1f2,NA,7.862488111661079e-4,7.051495485939085e-4,5.710053848440621e-4,1.4236481659227286e-6
zooc,MIROC-ES2L,historical,r1i1p1f2,NA,7.867363328456047e-4,7.122429669834673e-4,5.873641597993982e-4,1.4644343661584183e-6
zooc,MIROC-ES2L,historical,r1i1p1f2,NA,7.869204171398111e-4,6.821389542892575e-4,5.743787451453108e-4,1.432058731450374e-6
zooc,MIROC-ES2L,historical,r1i1p1f2,NA,7.869817324952968e-4,6.836810207460076e-4,5.95164439299623e-4,1.4838822626212727e-6
zooc,MIROC-ES2L,historical,r1i1p1f2,NA,7.873196385053862e-4,7.298768905457109e-4,5.470948191704615e-4,1.364033609088571e-6
zooc,MIROC-ES2L,historical,r1i1p1f2,NA,7.876493187217448e-4,7.165090937633067e-4,5.822503665967177e-4,1.4516844998574335e-6
zooc,MIROC-ES2L,historical,r1i1p1f2,NA,7.888182956444044e-4,6.918541912455112e-4,5.939384869546919e-4,1.4808256805754721e-6
zooc,MIROC-ES2L,historical,r1i1p1f2,NA,7.888528109099244e-4,7.051886350382119e-4,5.662802136336774e-4,1.4118672239108209e-6
zooc,MIROC-ES2L,historical,r1i1p1f2,NA,7.897633783150487e-4,7.01938581187278e-4,5.608339188753712e-4,1.3982883545174007e-6
zooc,MIROC-ES2L,historical,r1i1p1f2,NA,7.897923429751755e-4,6.948595400899649e-4,5.941961150302196e-4,1.481468006807326e-6
zooc,MIROC-ES2L,historical,r1i1p1f2,NA,7.900547219937857e-4,7.167956791818142e-4,5.722243048062555e-4,1.4266872146158635e-6
zooc,MIROC-ES2L,historical,r1i1p1f2,NA,7.903907525275149e-4,7.043116784188896e-4,5.739395781416258e-4,1.4309637867862345e-6
zooc,MIROC-ES2L,historical,r1i1p1f2,NA,7.905360978817399e-4,7.270871719811112e-4,5.505685347325668e-4,1.372694383435347e-6
zooc,MIROC-ES2L,historical,r1i1p1f2,NA,7.90869969567935e-4,7.232126081362367e-4,5.515671648735126e-4,1.3751841987791742e-6
zooc,MIROC-ES2L,historical,r1i1p1f2,NA,7.911807483348e-4,7.299303833860904e-4,5.376869856348489e-4,1.3405777095230374e-6
zooc,MIROC-ES2L,historical,r1i1p1f2,NA,7.916991047169702e-4,7.049081032164395e-4,5.709141327350451e-4,1.4234206533613996e-6
zooc,MIROC-ES2L,historical,r1i1p1f2,NA,7.9179250601796e-4,7.045575184747577e-4,5.64471823879015e-4,1.407358491023474e-6
zooc,MIROC-ES2L,historical,r1i1p1f2,NA,7.918324627987985e-4,7.26225902326405e-4,5.831922903814273e-4,1.4540329331719582e-6
zooc,MIROC-ES2L,historical,r1i1p1f2,NA,7.918700178094785e-4,7.075750618241727e-4,5.740283059764003e-4,1.4311850057494805e-6
zooc,MIROC-ES2L,historical,r1i1p1f2,NA,7.918759012143271e-4,7.05043290508911e-4,5.81452618454644e-4,1.4496955296839883e-6
zooc,MIROC-ES2L,historical,r1i1p1f2,NA,7.930275684315046e-4,6.910417578183115e-4,5.689781544476057e-4,1.4185938128248045e-6
zooc,MIROC-ES2L,historical,r1i1p1f2,NA,7.930445699987996e-4,7.196430815383792e-4,5.391146315866962e-4,1.3441371602653266e-6
zooc,MIROC-ES2L,historical,r1i1p1f2,NA,7.935049363029748e-4,7.164795242715627e-4,5.704091418341609e-4,1.4221615945347515e-6
zooc,MIROC-ES2L,historical,r1i1p1f2,NA,7.937002532173407e-4,7.088920392561704e-4,5.635152707519804e-4,1.404973583383273e-6
zooc,MIROC-ES2L,historical,r1i1p1f2,NA,7.939156335718941e-4,7.127684657461941e-4,5.803410147274001e-4,1.4469240451244234e-6
zooc,MIROC-ES2L,historical,r1i1p1f2,NA,7.939939214831767e-4,7.192730554379523e-4,5.544276747222913e-4,1.382316109804724e-6
zooc,MIROC-ES2L,historical,r1i1p1f2,NA,7.943444238631839e-4,7.104778778739274e-4,5.724280610812297e-4,1.4271952260197165e-6
zooc,MIROC-ES2L,historical,r1i1p1f2,NA,7.944075867122953e-4,7.278273697011173e-4,5.488675290270414e-4,1.3684533837579857e-6
zooc,MIROC-ES2L,historical,r1i1p1f2,NA,7.946059295516599e-4,6.898774299770594e-4,6.125049586154125e-4,1.52711617805416e-6
zooc,MIROC-ES2L,historical,r1i1p1f2,NA,7.946349158385107e-4,7.213549979496747e-4,5.587158520647343e-4,1.393007525281283e-6
zooc,MIROC-ES2L,historical,r1i1p1f2,NA,7.948349965502109e-4,7.362966425716877e-4,5.354440172251992e-4,1.3349854717834712e-6
zooc,MIROC-ES2L,historical,r1i1p1f2,NA,7.950855523932958e-4,7.151544559746981e-4,6.024258575328027e-4,1.50198665362012e-6
zooc,MIROC-ES2L,historical,r1i1p1f2,NA,7.951899853774059e-4,7.108765421435237e-4,5.901560227144951e-4,1.4713951245401818e-6
zooc,MIROC-ES2L,historical,r1i1p1f2,NA,7.954162335819422e-4,7.041912176646292e-4,5.556107843835657e-4,1.3852658751555687e-6
zooc,MIROC-ES2L,historical,r1i1p1f2,NA,7.955437266419841e-4,7.091895386110991e-4,5.76394248919143e-4,1.4370838473725473e-6
zooc,MIROC-ES2L,historical,r1i1p1f2,NA,7.959791505160026e-4,7.22758675692603e-4,5.633955182294259e-4,1.404675012715422e-6
zooc,MIROC-ES2L,historical,r1i1p1f2,NA,7.961331400972735e-4,7.242796709761024e-4,5.477574615834277e-4,1.3656857295079598e-6
zooc,MIROC-ES2L,historical,r1i1p1f2,NA,7.963943179601191e-4,7.155750354286283e-4,5.544598614441976e-4,1.3823963587285087e-6
zooc,MIROC-ES2L,historical,r1i1p1f2,NA,7.965460598130218e-4,6.998592289164662e-4,5.843192617324629e-4,1.4568427327632307e-6
zooc,MIROC-ES2L,historical,r1i1p1f2,NA,7.972765769329274e-4,7.219752005767077e-4,5.876279787020583e-4,1.4650921275506516e-6
zooc,MIROC-ES2L,historical,r1i1p1f2,NA,7.973433576434873e-4,7.069344283081591e-4,5.934013447151904e-4,1.4794864610437428e-6
zooc,MIROC-ES2L,historical,r1i1p1f2,NA,7.978075479101309e-4,7.05147220287472e-4,5.85483050225156e-4,1.4597443259830511e-6
zooc,MIROC-ES2L,historical,r1i1p1f2,NA,7.988163420249583e-4,7.177188817877322e-4,5.736912256562396e-4,1.4303445867406533e-6
zooc,MIROC-ES2L,historical,r1i1p1f2,NA,7.990874948499201e-4,7.095474866218865e-4,5.94247009874976e-4,1.481594899397686e-6
zooc,MIROC-ES2L,historical,r1i1p1f2,NA,7.991727168971988e-4,7.18862924259156e-4,5.706340444979809e-4,1.4227223287648602e-6
zooc,MIROC-ES2L,historical,r1i1p1f2,NA,7.994024102970865e-4,7.175330247264355e-4,5.727343800704788e-4,1.4279589499333725e-6
zooc,MIROC-ES2L,historical,r1i1p1f2,NA,7.994201491888857e-4,7.00770498951897e-4,6.072717563609778e-4,1.5140685974372744e-6
zooc,MIROC-ES2L,historical,r1i1p1f2,NA,7.99496873211585e-4,7.24958663340658e-4,5.74632637531699e-4,1.4326917437473106e-6
zooc,MIROC-ES2L,historical,r1i1p1f2,NA,7.99819620565759e-4,7.087779813446105e-4,5.811172806300768e-4,1.448859455118702e-6
zooc,MIROC-ES2L,historical,r1i1p1f2,NA,8.004510555760646e-4,7.298154523596168e-4,5.792643073760174e-4,1.4442395652811202e-6
zooc,MIROC-ES2L,historical,r1i1p1f2,NA,8.008083723850888e-4,7.040428172331303e-4,6.033249609174893e-4,1.5042283257979288e-6
zooc,MIROC-ES2L,historical,r1i1p1f2,NA,8.010252973838319e-4,7.261740684043616e-4,5.775383226667758e-4,1.439936287184376e-6
zooc,MIROC-ES2L,historical,r1i1p1f2,NA,8.01406290296362e-4,7.103551470208913e-4,5.853765498725955e-4,1.459478796032516e-6
zooc,MIROC-ES2L,historical,r1i1p1f2,NA,8.014927013051372e-4,7.194058562163264e-4,5.864978860260345e-4,1.4622745457760362e-6
zooc,MIROC-ES2L,historical,r1i1p1f2,NA,8.016470278139349e-4,7.216664962470531e-4,5.715656198649007e-4,1.4250449610862636e-6
zooc,MIROC-ES2L,historical,r1i1p1f2,NA,8.0168454857523e-4,7.061853248160332e-4,6.077440844166078e-4,1.515246220254781e-6
zooc,MIROC-ES2L,historical,r1i1p1f2,NA,8.018343340432997e-4,7.414976425934583e-4,5.661583863817749e-4,1.411563480464027e-6
zooc,MIROC-ES2L,historical,r1i1p1f2,NA,8.019131320700951e-4,7.048264960758388e-4,5.978339113186326e-4,1.4905378722612467e-6
zooc,MIROC-ES2L,historical,r1i1p1f2,NA,8.01985179203798e-4,7.191059412434697e-4,5.78850722160065e-4,1.4432084019159898e-6
zooc,MIROC-ES2L,historical,r1i1p1f2,NA,8.028519447823774e-4,7.156814972404391e-4,6.019994895343834e-4,1.5009236198290751e-6
zooc,MIROC-ES2L,historical,r1i1p1f2,NA,8.02903883434428e-4,7.001807680353522e-4,5.965373068342599e-4,1.4873051381310622e-6
zooc,MIROC-ES2L,historical,r1i1p1f2,NA,8.030641214769015e-4,7.104147807694972e-4,5.861520795847726e-4,1.4614123705340264e-6
zooc,MIROC-ES2L,historical,r1i1p1f2,NA,8.034621560047301e-4,7.195412763394415e-4,5.86388234113477e-4,1.4620011582593053e-6
zooc,MIROC-ES2L,historical,r1i1p1f2,NA,8.036327230627335e-4,6.909863150212914e-4,5.984006002559602e-4,1.4919507585276263e-6
zooc,MIROC-ES2L,historical,r1i1p1f2,NA,8.039920058369403e-4,6.900634616613388e-4,6.047176624149258e-4,1.50770065195304e-6
zooc,MIROC-ES2L,historical,r1i1p1f2,NA,8.042005333843578e-4,7.163136033341289e-4,5.927271305622745e-4,1.4778054896068444e-6
zooc,MIROC-ES2L,historical,r1i1p1f2,NA,8.042096231169469e-4,7.170515600591898e-4,5.804118893100252e-4,1.4471007518109853e-6
zooc,MIROC-ES2L,historical,r1i1p1f2,NA,8.049388043281424e-4,7.363235927186906e-4,5.718866983093969e-4,1.42584548372713e-6
zooc,MIROC-ES2L,historical,r1i1p1f2,NA,8.050741134469453e-4,7.170872413553298e-4,5.872891704407834e-4,1.4642474003859591e-6
zooc,MIROC-ES2L,historical,r1i1p1f2,NA,8.053636864920333e-4,6.956419092603028e-4,6.142702191747908e-4,1.5315173799069604e-6
zooc,MIROC-ES2L,historical,r1i1p1f2,NA,8.056743082382873e-4,7.055405876599252e-4,6.196004214795791e-4,1.5448068040290834e-6
zooc,MIROC-ES2L,historical,r1i1p1f2,NA,8.067664724119524e-4,7.147842843551189e-4,5.975198319575217e-4,1.4897547999500776e-6
zooc,MIROC-ES2L,historical,r1i1p1f2,NA,8.08886260100462e-4,7.219641993287951e-4,6.083412635761105e-4,1.5167351256797017e-6
zooc,MIROC-ES2L,historical,r1i1p1f2,NA,8.095678032673985e-4,7.097123307175934e-4,5.889257565635025e-4,1.468327787180595e-6
zooc,MIROC-ES2L,historical,r1i1p1f2,NA,8.098388081685277e-4,7.079416536726058e-4,5.842690698753431e-4,1.456717592883241e-6
zooc,MIROC-ES2L,historical,r1i1p1f2,NA,8.10193823703977e-4,7.260522688739002e-4,6.030705635365483e-4,1.5035940544330605e-6
zooc,MIROC-ES2L,historical,r1i1p1f2,NA,8.101967917911756e-4,7.107919082045555e-4,5.944456897722344e-4,1.4820902542206796e-6
zooc,MIROC-ES2L,historical,r1i1p1f2,NA,8.102662282064372e-4,7.235538796521723e-4,6.028266290767225e-4,1.5029858695445218e-6
zooc,MIROC-ES2L,historical,r1i1p1f2,NA,8.103301039358826e-4,7.381588511634618e-4,5.89735018149816e-4,1.4703454630268948e-6
zooc,MIROC-ES2L,historical,r1i1p1f2,NA,8.112578975474085e-4,7.198375533334911e-4,5.821197789923619e-4,1.451358914830798e-6
zooc,MIROC-ES2L,historical,r1i1p1f2,NA,8.116701976590097e-4,7.097640191204846e-4,5.915250421604168e-4,1.474808405876979e-6
zooc,MIROC-ES2L,historical,r1i1p1f2,NA,8.117217442992985e-4,7.172082259785384e-4,5.775458869218628e-4,1.4399551466175214e-6
zooc,MIROC-ES2L,historical,r1i1p1f2,NA,8.120543357763847e-4,7.060159696266055e-4,6.043487397942135e-4,1.5067808427423302e-6
zooc,MIROC-ES2L,historical,r1i1p1f2,NA,8.125920344757687e-4,6.902936729602516e-4,6.282684902943816e-4,1.56641829946823e-6
zooc,MIROC-ES2L,historical,r1i1p1f2,NA,8.1299478484839e-4,7.347379869315773e-4,5.850501614425242e-4,1.4586650343724992e-6
zooc,MIROC-ES2L,historical,r1i1p1f2,NA,8.138253960797339e-4,7.094797620084137e-4,6.187226544319005e-4,1.5426183282621233e-6
zooc,MIROC-ES2L,historical,r1i1p1f2,NA,8.138448457873912e-4,7.163180271163583e-4,6.061781950368872e-4,1.511342096751487e-6
zooc,MIROC-ES2L,historical,r1i1p1f2,NA,8.141090334241622e-4,7.079689530655742e-4,6.116352156539375e-4,1.5249477081854105e-6
zooc,MIROC-ES2L,historical,r1i1p1f2,NA,8.159823108511189e-4,7.353534456342459e-4,5.91564149737249e-4,1.4749059100888632e-6
zooc,MIROC-ES2L,historical,r1i1p1f2,NA,8.183506345801746e-4,7.164882845245302e-4,6.042684024288605e-4,1.5065805431551884e-6
zooc,MIROC-ES2L,historical,r1i1p1f2,NA,8.187611904032777e-4,6.978389865253121e-4,6.388344762544508e-4,1.5927617402351255e-6
zooc,MIROC-ES2L,historical,r1i1p1f2,NA,8.198320436060775e-4,7.231956697069108e-4,6.160389717800043e-4,1.5359272882357073e-6
zooc,MIROC-ES2L,historical,r1i1p1f2,NA,8.198654010950501e-4,7.304104801733047e-4,6.278950156253327e-4,1.5654871409507755e-6
zooc,MIROC-ES2L,historical,r1i1p1f2,NA,8.206246713265657e-4,7.323741738218814e-4,6.186025670622435e-4,1.5423189227431906e-6
zooc,MIROC-ES2L,historical,r1i1p1f2,NA,8.211980376263391e-4,7.343517208937556e-4,6.063801872243146e-4,1.5118457098780784e-6
zooc,MIROC-ES2L,historical,r1i1p1f2,NA,8.23285580115001e-4,7.409245008602738e-4,6.037341907894439e-4,1.5052486302856144e-6
zooc,MIROC-ES2L,historical,r1i1p1f2,NA,8.236677601845271e-4,7.037819304969162e-4,6.352968548843558e-4,1.583941633964779e-6
zooc,MIROC-ES2L,historical,r1i1p1f2,NA,8.239882881546077e-4,7.375246204901487e-4,5.798389715051681e-4,1.4456723355407394e-6
zooc,MIROC-ES2L,historical,r1i1p1f2,NA,8.240927070334667e-4,7.314565009437501e-4,5.778602685922904e-4,1.4407389726555651e-6
zooc,MIROC-ES2L,historical,r1i1p1f2,NA,8.243729139280527e-4,7.218166429083794e-4,6.334496393817289e-4,1.5793360995299382e-6
zooc,MIROC-ES2L,historical,r1i1p1f2,NA,8.254896234284888e-4,7.18447903636843e-4,6.124457163241246e-4,1.5269684733536865e-6
zooc,MIROC-ES2L,historical,r1i1p1f2,NA,8.267657750714826e-4,7.245236192829907e-4,6.183797969753926e-4,1.5417635055194907e-6
zooc,MIROC-ES2L,historical,r1i1p1f2,NA,8.306104200905889e-4,7.212280761450529e-4,5.767538549886715e-4,1.437980428271655e-6
zooc,MIROC-ES2L,historical,r1i1p1f2,NA,8.371326611246083e-4,7.366726931650192e-4,6.002359267791124e-4,1.4965266509936292e-6
zooc,MIROC-ES2L,ssp119,r1i1p1f2,NA,7.455403762590909e-4,7.01048324117437e-4,5.479304909352112e-4,1.366117131603029e-6
zooc,MIROC-ES2L,ssp119,r1i1p1f2,NA,7.506410045526694e-4,6.67213142151013e-4,5.814918513764394e-4,1.4497933464097849e-6
zooc,MIROC-ES2L,ssp119,r1i1p1f2,NA,7.539397639576043e-4,7.099283393472433e-4,5.487154385721983e-4,1.36807418716398e-6
zooc,MIROC-ES2L,ssp119,r1i1p1f2,NA,7.552006905211253e-4,6.829489720985293e-4,5.750496636284842e-4,1.433731486022232e-6
zooc,MIROC-ES2L,ssp119,r1i1p1f2,NA,7.567872460147062e-4,7.016640447545797e-4,5.637076132090513e-4,1.4054531375057143e-6
zooc,MIROC-ES2L,ssp119,r1i1p1f2,NA,7.593763342561951e-4,7.098686182871461e-4,5.602883025386795e-4,1.3969280071062448e-6
zooc,MIROC-ES2L,ssp119,r1i1p1f2,NA,7.650830030789882e-4,6.834135565441102e-4,5.683290346558332e-4,1.4169754074199704e-6
zooc,MIROC-ES2L,ssp119,r1i1p1f2,NA,7.672081153603309e-4,7.070683350320905e-4,5.667585983306892e-4,1.4130599473326715e-6
zooc,MIROC-ES2L,ssp119,r1i1p1f2,NA,7.676321291424206e-4,7.156931387726218e-4,5.552663997793248e-4,1.3844072448812963e-6
zooc,MIROC-ES2L,ssp119,r1i1p1f2,NA,7.697914173184256e-4,7.241811545100063e-4,5.614835915607331e-4,1.399908138413516e-6
zooc,MIROC-ES2L,ssp119,r1i1p1f2,NA,7.705058104668883e-4,7.336535200010985e-4,5.574539656249129e-4,1.3898613512462603e-6
zooc,MIROC-ES2L,ssp119,r1i1p1f2,NA,7.713954708680839e-4,7.082111842464656e-4,5.649482131009889e-4,1.408546239265662e-6
zooc,MIROC-ES2L,ssp119,r1i1p1f2,NA,7.71397978642039e-4,7.031040440779179e-4,5.635984455695472e-4,1.4051809573934364e-6
zooc,MIROC-ES2L,ssp119,r1i1p1f2,NA,7.72265214862292e-4,6.824484444223344e-4,5.651287841618578e-4,1.4089964445814926e-6
zooc,MIROC-ES2L,ssp119,r1i1p1f2,NA,7.726273790600653e-4,7.148607110138983e-4,5.749612557048748e-4,1.4335110646713302e-6
zooc,MIROC-ES2L,ssp119,r1i1p1f2,NA,7.732934045030956e-4,7.241735002025962e-4,5.655250740779638e-4,1.4099844867737605e-6
zooc,MIROC-ES2L,ssp119,r1i1p1f2,NA,7.769908870190704e-4,7.017911993898451e-4,5.900157520128714e-4,1.4710453973179878e-6
zooc,MIROC-ES2L,ssp119,r1i1p1f2,NA,7.772228820690567e-4,7.356922142207623e-4,5.787048056295075e-4,1.4428445983396667e-6
zooc,MIROC-ES2L,ssp119,r1i1p1f2,NA,7.784970196909372e-4,7.202640117611736e-4,5.549698459009863e-4,1.3836678676421323e-6
zooc,MIROC-ES2L,ssp119,r1i1p1f2,NA,7.789069780217574e-4,7.193084165919572e-4,5.831132145135406e-4,1.453835778789051e-6
zooc,MIROC-ES2L,ssp119,r1i1p1f2,NA,7.797749898413076e-4,6.998821918386966e-4,5.497706399002351e-4,1.3707050475292445e-6
zooc,MIROC-ES2L,ssp119,r1i1p1f2,NA,7.807498324213867e-4,6.93414593115449e-4,6.100061914443932e-4,1.5208861749849925e-6
zooc,MIROC-ES2L,ssp119,r1i1p1f2,NA,7.809351446940396e-4,7.00177188264206e-4,5.861201210558167e-4,1.4613326905479154e-6
zooc,MIROC-ES2L,ssp119,r1i1p1f2,NA,7.825536032916774e-4,6.959926686249673e-4,5.561430320527113e-4,1.3865928913941333e-6
zooc,MIROC-ES2L,ssp119,r1i1p1f2,NA,7.873674037699757e-4,7.264657760970294e-4,0.00056092940304579785,1.3985264185842388e-6
zooc,MIROC-ES2L,ssp119,r1i1p1f2,NA,7.87691776433814e-4,6.969443638809025e-4,6.062390855402275e-4,1.51149391082488e-6
zooc,MIROC-ES2L,ssp119,r1i1p1f2,NA,7.880320255879927e-4,7.352991669904441e-4,5.754685344165408e-4,1.4347758275380975e-6
zooc,MIROC-ES2L,ssp119,r1i1p1f2,NA,7.8816495054397e-4,7.279308920260519e-4,5.72939407192176e-4,1.4284701298513138e-6
zooc,MIROC-ES2L,ssp119,r1i1p1f2,NA,7.8954419926329e-4,7.088933489285409e-4,5.940604341761301e-4,1.4811297231339979e-6
zooc,MIROC-ES2L,ssp119,r1i1p1f2,NA,7.911483642863802e-4,7.222548592835665e-4,5.59893703415697e-4,1.3959441804513314e-6
zooc,MIROC-ES2L,ssp119,r1i1p1f2,NA,7.916391269434932e-4,7.25304358638823e-4,6.068156835969545e-4,1.5129315028121397e-6
zooc,MIROC-ES2L,ssp119,r1i1p1f2,NA,7.9177306549969e-4,7.141337264329195e-4,5.574479645025188e-4,1.389846389063562e-6
zooc,MIROC-ES2L,ssp119,r1i1p1f2,NA,7.920057493081209e-4,6.893910467624664e-4,6.265208624726614e-4,1.5620610600986103e-6
zooc,MIROC-ES2L,ssp119,r1i1p1f2,NA,7.920827149685496e-4,7.136069471016526e-4,5.785292871578274e-4,1.4424069902944095e-6
zooc,MIROC-ES2L,ssp119,r1i1p1f2,NA,7.934470820289752e-4,7.343593460973352e-4,5.467483656365403e-4,1.3631698204952654e-6
zooc,MIROC-ES2L,ssp119,r1i1p1f2,NA,7.94046269120223e-4,7.312564121093601e-4,6.084102243513017e-4,1.5169070608027802e-6
zooc,MIROC-ES2L,ssp119,r1i1p1f2,NA,7.940849081352077e-4,7.216316589619964e-4,5.606776715099752e-4,1.3978987937863104e-6
zooc,MIROC-ES2L,ssp119,r1i1p1f2,NA,7.951098973059597e-4,7.263223815243691e-4,5.94822770762415e-4,1.4830304041287604e-6
zooc,MIROC-ES2L,ssp119,r1i1p1f2,NA,7.952061795362682e-4,6.827774341218174e-4,6.469379458138467e-4,1.6129655594670495e-6
zooc,MIROC-ES2L,ssp119,r1i1p1f2,NA,7.954237967376729e-4,7.178391679190099e-4,6.295012337907714e-4,1.5694918134214616e-6
zooc,MIROC-ES2L,ssp119,r1i1p1f2,NA,7.954912408057088e-4,6.932291435077786e-4,6.280519895831448e-4,1.5658785132443974e-6
zooc,MIROC-ES2L,ssp119,r1i1p1f2,NA,7.958604918188132e-4,7.331602391786873e-4,5.656034980087818e-4,1.4101800157271415e-6
zooc,MIROC-ES2L,ssp119,r1i1p1f2,NA,7.959355026983895e-4,6.872710946481675e-4,6.502755550205463e-4,1.6212869892675448e-06
zooc,MIROC-ES2L,ssp119,r1i1p1f2,NA,7.960035450321696e-4,6.747862207703292e-4,6.484465199014541e-4,1.616726782723407e-6
zooc,MIROC-ES2L,ssp119,r1i1p1f2,NA,7.961184432699827e-4,7.33768567442894e-4,5.916758269273711e-4,1.4751843470898316e-6
zooc,MIROC-ES2L,ssp119,r1i1p1f2,NA,7.964459748764946e-4,7.296807016246021e-4,5.565233361395168e-4,1.387541077225728e-6
zooc,MIROC-ES2L,ssp119,r1i1p1f2,NA,7.981289782343628e-4,7.264293089974672e-4,5.509986125569514e-4,1.3737666666784487e-6
zooc,MIROC-ES2L,ssp119,r1i1p1f2,NA,7.9828425289769e-4,7.107483979780227e-4,6.055712628297614e-4,1.5098288747286333e-6
zooc,MIROC-ES2L,ssp119,r1i1p1f2,NA,7.985872180583135e-4,7.059198978822678e-4,5.89709381364944e-4,1.4702815446073282e-6
zooc,MIROC-ES2L,ssp119,r1i1p1f2,NA,7.987299782308352e-4,7.272436341736466e-4,5.816957046725704e-4,1.4503015997097665e-6
zooc,MIROC-ES2L,ssp119,r1i1p1f2,NA,7.992121055008739e-4,7.281291182152927e-4,5.972341184505331e-4,1.489042450257763e-6
zooc,MIROC-ES2L,ssp119,r1i1p1f2,NA,8.002740588586612e-4,7.184610585682094e-4,6.318617959913127e-4,1.5753772396127838e-6
zooc,MIROC-ES2L,ssp119,r1i1p1f2,NA,8.00295415912666e-4,7.139163499232382e-4,6.035659516268589e-4,1.5048291712374026e-6
zooc,MIROC-ES2L,ssp119,r1i1p1f2,NA,8.004619146903997e-4,7.101455121301115e-4,6.45817791796568e-4,1.6101727570617178e-6
zooc,MIROC-ES2L,ssp119,r1i1p1f2,NA,8.007741519501229e-4,7.267346663866192e-4,5.701069803599952e-4,1.4214082362654143e-6
zooc,MIROC-ES2L,ssp119,r1i1p1f2,NA,8.016035015840895e-4,7.232093485072255e-4,6.19834402058438e-4,1.5453901715958272e-6
zooc,MIROC-ES2L,ssp119,r1i1p1f2,NA,8.017619062823923e-4,7.098339847289026e-4,6.198465098534428e-4,1.5454203591222666e-6
zooc,MIROC-ES2L,ssp119,r1i1p1f2,NA,8.026289282900953e-4,7.476600585505366e-4,5.662347832206277e-4,1.411753955409451e-6
zooc,MIROC-ES2L,ssp119,r1i1p1f2,NA,8.032737909835903e-4,7.03436613548547e-4,6.583347628531502e-4,1.6413804538025773e-6
zooc,MIROC-ES2L,ssp119,r1i1p1f2,NA,8.06670360145626e-4,6.98614603606984e-4,6.313941907761235e-4,1.5742113919261425e-6
zooc,MIROC-ES2L,ssp119,r1i1p1f2,NA,8.068070620385954e-4,7.177803490776569e-4,6.364324660862942e-4,1.5867729746977254e-6
zooc,MIROC-ES2L,ssp119,r1i1p1f2,NA,8.076105049716171e-4,7.49222410377115e-4,5.80240004612707e-4,1.4466722036035914e-6
zooc,MIROC-ES2L,ssp119,r1i1p1f2,NA,8.079117274191227e-4,7.028058753348887e-4,6.082566547950854e-4,1.5165241764677952e-6
zooc,MIROC-ES2L,ssp119,r1i1p1f2,NA,8.080228636765446e-4,6.785889563616365e-4,6.400512356924811e-4,1.5957954022430488e-6
zooc,MIROC-ES2L,ssp119,r1i1p1f2,NA,8.085039695398212e-4,7.224104192573577e-4,6.181138396136974e-4,1.5411004124555006e-6
zooc,MIROC-ES2L,ssp119,r1i1p1f2,NA,8.095523499148231e-4,7.137701322790235e-4,5.982119596928195e-4,1.4914804340808489e-6
zooc,MIROC-ES2L,ssp119,r1i1p1f2,NA,8.102408026863975e-4,6.857141270302236e-4,6.497386587766624e-4,1.6199483830596457e-6
zooc,MIROC-ES2L,ssp119,r1i1p1f2,NA,8.11854549973049e-4,7.590878230985254e-4,5.829037292291769e-4,1.4533134836430014e-6
zooc,MIROC-ES2L,ssp119,r1i1p1f2,NA,8.121521493256379e-4,6.89175387378782e-4,6.587302168821463e-4,1.6423664119354252e-6
zooc,MIROC-ES2L,ssp119,r1i1p1f2,NA,8.122179469127899e-4,7.007584208622575e-4,6.312460358397955e-4,1.573842007487792e-6
zooc,MIROC-ES2L,ssp119,r1i1p1f2,NA,8.134837652523582e-4,7.146673451643437e-4,6.242075747805357e-4,1.556293500163872e-6
zooc,MIROC-ES2L,ssp119,r1i1p1f2,NA,8.154265087410497e-4,7.383133051916957e-4,6.339322940127484e-4,1.5805394688824228e-6
zooc,MIROC-ES2L,ssp119,r1i1p1f2,NA,8.154636215798051e-4,7.330778753384948e-4,6.484779681012959e-4,1.616805190341294e-6
zooc,MIROC-ES2L,ssp119,r1i1p1f2,NA,8.165637772904847e-4,7.247216708492488e-4,6.085123408602768e-4,1.517161660819823e-6
zooc,MIROC-ES2L,ssp119,r1i1p1f2,NA,8.180509978845518e-4,7.101478113327175e-4,5.928180618916002e-4,1.4780322023903935e-6
zooc,MIROC-ES2L,ssp119,r1i1p1f2,NA,8.181007552513582e-4,7.473959412891418e-4,6.146253856300191e-4,1.5324028918233166e-6
zooc,MIROC-ES2L,ssp119,r1i1p1f2,NA,8.218397795709001e-4,7.381841423921287e-4,5.876657305209572e-4,1.4651862515452099e-6
zooc,MIROC-ES2L,ssp119,r1i1p1f2,NA,8.239784831229019e-4,7.309571956284344e-4,6.402434393638908e-4,1.596274610340816e-6
zooc,MIROC-ES2L,ssp119,r1i1p1f2,NA,8.250130299766926e-4,7.468979456461966e-4,6.006472947170101e-4,1.497552286173002e-6
zooc,MIROC-ES2L,ssp119,r1i1p1f2,NA,8.257661038142557e-4,6.917765422258526e-4,6.348174390688628e-4,1.5827463397266566e-6
zooc,MIROC-ES2L,ssp119,r1i1p1f2,NA,8.307717984413755e-4,7.159747183322906e-4,6.466775794256238e-4,1.612316405989867e-6
zooc,MIROC-ES2L,ssp119,r1i1p1f2,NA,8.311383720302898e-4,7.116032065823674e-4,6.735286156490827e-4,1.679262234325779e-6
zooc,MIROC-ES2L,ssp119,r1i1p1f2,NA,8.317530172824614e-4,7.256066019181162e-4,6.154955643256233e-4,1.5345724480777823e-6
zooc,MIROC-ES2L,ssp119,r1i1p1f2,NA,8.323570888244513e-4,7.426086231134832e-4,6.404388374439703e-4,1.5967617828364062e-6
zooc,MIROC-ES2L,ssp119,r1i1p1f2,NA,8.337145318962515e-4,7.337730203289539e-4,6.407920051614245e-4,1.5976423114383461e-6
zooc,MIROC-ES2L,ssp119,r1i1p1f2,NA,8.388691528238861e-4,7.038624316919595e-4,6.47246579555482e-4,1.6137350545924606e-6
zooc,MIROC-ES2L,ssp126,r1i1p1f2,NA,7.382000027880805e-4,6.939966697245836e-4,5.537632350684283e-4,1.3806595084491227e-6
zooc,MIROC-ES2L,ssp126,r1i1p1f2,NA,7.482676882922393e-4,6.948919326532632e-4,5.66309102038517e-4,1.4119392493691755e-6
zooc,MIROC-ES2L,ssp126,r1i1p1f2,NA,7.500158312159413e-4,6.958052981644869e-4,5.616986542585983e-4,1.400444339338237e-6
zooc,MIROC-ES2L,ssp126,r1i1p1f2,NA,7.562253667402291e-4,7.074625755194575e-4,5.763926397285495e-4,1.4370798352891277e-6
zooc,MIROC-ES2L,ssp126,r1i1p1f2,NA,7.593419312379832e-4,6.919103907421231e-4,5.731618311824949e-4,1.4290246841765085e-6
zooc,MIROC-ES2L,ssp126,r1i1p1f2,NA,7.622006567777393e-4,6.935066485311836e-4,5.654444668189795e-4,1.4097835142795268e-6
zooc,MIROC-ES2L,ssp126,r1i1p1f2,NA,7.622583848801337e-4,7.323143363464624e-4,5.615912743166383e-4,1.4001766163683916e-6
zooc,MIROC-ES2L,ssp126,r1i1p1f2,NA,7.626065230033031e-4,7.218669052235782e-4,5.615350496268697e-4,1.4000364352447223e-6
zooc,MIROC-ES2L,ssp126,r1i1p1f2,NA,7.646247321816718e-4,7.150770688895136e-4,5.748259303616384e-4,1.4331736673685813e-6
zooc,MIROC-ES2L,ssp126,r1i1p1f2,NA,7.648144598219567e-4,6.969350797589868e-4,5.727994051442767e-4,1.4281210724448381e-6
zooc,MIROC-ES2L,ssp126,r1i1p1f2,NA,7.692904223171943e-4,7.035862363409251e-4,5.648383004739783e-4,1.408272201727648e-6
zooc,MIROC-ES2L,ssp126,r1i1p1f2,NA,7.695593382653984e-4,6.919022416695952e-4,5.388417469603272e-4,1.343456795932257e-6
zooc,MIROC-ES2L,ssp126,r1i1p1f2,NA,7.696842176218666e-4,7.112095481716096e-4,5.556812933361711e-4,1.385441670242134e-6
zooc,MIROC-ES2L,ssp126,r1i1p1f2,NA,7.701331042209981e-4,6.900938169565052e-4,5.504013793285718e-4,1.3722776264473432e-6
zooc,MIROC-ES2L,ssp126,r1i1p1f2,NA,7.705516249239039e-4,7.056813628878444e-4,5.421742695599723e-4,1.3517655436477909e-6
zooc,MIROC-ES2L,ssp126,r1i1p1f2,NA,7.722445287319723e-4,7.076210167724639e-4,5.595938756758037e-4,1.3951966407199707e-6
zooc,MIROC-ES2L,ssp126,r1i1p1f2,NA,7.726768685065371e-4,7.213465869426727e-4,5.732092120329235e-4,1.429142815568266e-6
zooc,MIROC-ES2L,ssp126,r1i1p1f2,NA,7.73814270009594e-4,7.209550240077078e-4,5.706575166065394e-4,1.4227808501469462e-6
zooc,MIROC-ES2L,ssp126,r1i1p1f2,NA,7.740363461825216e-4,7.180433603934944e-4,5.409938769957847e-4,1.3488225526468682e-6
zooc,MIROC-ES2L,ssp126,r1i1p1f2,NA,7.757269135138242e-4,7.006401428952813e-4,5.805964685015535e-4,1.4475609503212996e-6
zooc,MIROC-ES2L,ssp126,r1i1p1f2,NA,7.772752017263866e-4,6.898216670379043e-4,5.899870628050835e-4,1.4709738685038417e-6
zooc,MIROC-ES2L,ssp126,r1i1p1f2,NA,7.783321129909572e-4,6.970595568418503e-4,5.894384006146182e-4,1.4696059270764933e-6
zooc,MIROC-ES2L,ssp126,r1i1p1f2,NA,7.784736415448352e-4,7.202731212601066e-4,5.845889324110103e-4,1.4575150839828642e-6
zooc,MIROC-ES2L,ssp126,r1i1p1f2,NA,7.784866962006486e-4,7.218784594442695e-4,5.518879821250583e-4,1.375984070205753e-6
zooc,MIROC-ES2L,ssp126,r1i1p1f2,NA,7.786824607848398e-4,6.979570025578141e-4,6.100880152652387e-4,1.5210901806486298e-6
zooc,MIROC-ES2L,ssp126,r1i1p1f2,NA,7.789277055922011e-4,7.113208121154457e-4,5.578990660064543e-4,1.3909710891903359e-6
zooc,MIROC-ES2L,ssp126,r1i1p1f2,NA,7.801744039272291e-4,7.432029815390706e-4,5.570678935029778e-4,1.3888987843722951e-6
zooc,MIROC-ES2L,ssp126,r1i1p1f2,NA,7.802497118748755e-4,6.894652906339616e-4,6.106905910756464e-4,1.522592541169364e-6
zooc,MIROC-ES2L,ssp126,r1i1p1f2,NA,7.833880565641594e-4,7.231034978758544e-4,5.856066898530996e-4,1.4600525881014641e-6
zooc,MIROC-ES2L,ssp126,r1i1p1f2,NA,7.844313206713598e-4,7.302851299755275e-4,5.661328709921249e-4,1.411499864710757e-6
zooc,MIROC-ES2L,ssp126,r1i1p1f2,NA,7.855538812615625e-4,7.178393425419927e-4,5.91154789139608e-4,1.4738852796718808e-6
zooc,MIROC-ES2L,ssp126,r1i1p1f2,NA,7.861640793379521e-4,6.888521311338991e-4,5.866231137795793e-4,1.4625867674579828e-6
zooc,MIROC-ES2L,ssp126,r1i1p1f2,NA,7.863190739755711e-4,7.153613260015845e-4,5.902781845065179e-4,1.47169970207268e-6
zooc,MIROC-ES2L,ssp126,r1i1p1f2,NA,7.876385911088025e-4,7.039197953417897e-4,6.230947411056496e-4,1.5535189490610637e-6
zooc,MIROC-ES2L,ssp126,r1i1p1f2,NA,7.88669290828064e-4,7.178096566349268e-4,5.873142376081604e-4,1.4643098986176893e-6
zooc,MIROC-ES2L,ssp126,r1i1p1f2,NA,7.88767186112561e-4,7.197422091849148e-4,5.714708156023861e-4,1.4248085921867173e-6
zooc,MIROC-ES2L,ssp126,r1i1p1f2,NA,7.921379149781885e-4,7.023703947197646e-4,5.92677254039285e-4,1.477681135927595e-6
zooc,MIROC-ES2L,ssp126,r1i1p1f2,NA,7.932018604256857e-4,7.060996431391686e-4,6.064667887765071e-4,1.5120616275282745e-6
zooc,MIROC-ES2L,ssp126,r1i1p1f2,NA,7.933756038031747e-4,6.931078969500959e-4,6.225935496707104e-4,1.5522693631796236e-6
zooc,MIROC-ES2L,ssp126,r1i1p1f2,NA,7.935354592173129e-4,7.226008165162057e-4,6.043370802631484e-4,1.5067517728413154e-6
zooc,MIROC-ES2L,ssp126,r1i1p1f2,NA,7.938598991854972e-4,6.960034661460668e-4,5.639152759707089e-4,1.4059708886821675e-6
zooc,MIROC-ES2L,ssp126,r1i1p1f2,NA,7.944673462721808e-4,6.761667318642139e-4,6.575118489825254e-4,1.6393287396616548e-6
zooc,MIROC-ES2L,ssp126,r1i1p1f2,NA,7.948196736310597e-4,7.292910304386169e-4,6.016032459583402e-4,1.4999356931732756e-6
zooc,MIROC-ES2L,ssp126,r1i1p1f2,NA,7.948973388130713e-4,6.980888429097831e-4,6.156667719012264e-4,1.534999308064516e-6
zooc,MIROC-ES2L,ssp126,r1i1p1f2,NA,7.950204720692476e-4,7.542248931713402e-4,5.581192590564898e-4,1.391520081266685e-6
zooc,MIROC-ES2L,ssp126,r1i1p1f2,NA,7.951816116755484e-4,7.048708794172853e-4,6.173682842551749e-4,1.5392415709332893e-6
zooc,MIROC-ES2L,ssp126,r1i1p1f2,NA,7.953687260965601e-4,7.336215348914266e-4,6.024983536374051e-4,1.5021674031350863e-6
zooc,MIROC-ES2L,ssp126,r1i1p1f2,NA,7.960068742387547e-4,7.017751631792635e-4,6.306197259312477e-4,1.5722804723844992e-6
zooc,MIROC-ES2L,ssp126,r1i1p1f2,NA,7.967512339778407e-4,7.59304704843089e-4,5.591356424806237e-4,1.394054159641511e-6
zooc,MIROC-ES2L,ssp126,r1i1p1f2,NA,7.968749156020751e-4,7.073903107084334e-4,6.1148544424176e-4,1.5245742934998162e-6
zooc,MIROC-ES2L,ssp126,r1i1p1f2,NA,7.974954538983219e-4,6.973581621423364e-4,5.698819946682775e-4,1.4208472950276003e-6
zooc,MIROC-ES2L,ssp126,r1i1p1f2,NA,7.975055247124993e-4,7.008814718574286e-4,6.554930338989429e-4,1.6342953678802938e-6
zooc,MIROC-ES2L,ssp126,r1i1p1f2,NA,7.991354678594484e-4,7.267839682754129e-4,5.922806416980723e-4,1.476692289855147e-6
zooc,MIROC-ES2L,ssp126,r1i1p1f2,NA,7.997550135702299e-4,6.924999761395156e-4,6.418239646774159e-4,1.6002152246038651e-6
zooc,MIROC-ES2L,ssp126,r1i1p1f2,NA,8.015844852170932e-4,7.444889924954623e-4,6.082304742733283e-4,1.5164589023867237e-6
zooc,MIROC-ES2L,ssp126,r1i1p1f2,NA,8.017733251335285e-4,7.43319425964728e-4,5.908884000491035e-4,1.4732211102083613e-6
zooc,MIROC-ES2L,ssp126,r1i1p1f2,NA,8.021515705782375e-4,7.3598200106062e-4,5.864167122726596e-4,1.4620721608805858e-6
zooc,MIROC-ES2L,ssp126,r1i1p1f2,NA,8.026969258386899e-4,7.147389696910977e-4,6.004709906828071e-4,1.4971127195391317e-6
zooc,MIROC-ES2L,ssp126,r1i1p1f2,NA,8.028180476755953e-4,7.044519006740302e-4,5.963211017719457e-4,1.4867660890282052e-6
zooc,MIROC-ES2L,ssp126,r1i1p1f2,NA,8.032020894691396e-4,7.336429262068123e-4,5.581978657742977e-4,1.3917160659502042e-6
zooc,MIROC-ES2L,ssp126,r1i1p1f2,NA,8.03898517062128e-4,6.993423157837242e-4,6.56943086062425e-4,1.637910682477716e-6
zooc,MIROC-ES2L,ssp126,r1i1p1f2,NA,8.048584456671039e-4,7.427386881317943e-4,6.171200323722877e-4,1.538622621712949e-6
zooc,MIROC-ES2L,ssp126,r1i1p1f2,NA,8.055076859929034e-4,7.130384910851717e-4,6.212503312835242e-4,1.5489204098350355e-6
zooc,MIROC-ES2L,ssp126,r1i1p1f2,NA,8.066609136249471e-4,7.323440804611892e-4,6.310365388566663e-4,1.573319683174021e-6
zooc,MIROC-ES2L,ssp126,r1i1p1f2,NA,8.069805096339334e-4,7.151160971261561e-4,6.372938314702252e-4,1.5889205573327957e-6
zooc,MIROC-ES2L,ssp126,r1i1p1f2,NA,8.076447725973186e-4,7.21687771147117e-4,6.235062924525804e-4,1.554545041521472e-6
zooc,MIROC-ES2L,ssp126,r1i1p1f2,NA,8.088304721506759e-4,7.278251287061721e-4,6.091480743426898e-4,1.5187466910669546e-6
zooc,MIROC-ES2L,ssp126,r1i1p1f2,NA,8.102460528975153e-4,7.027063402347267e-4,6.531535627998189e-4,1.628462526670912e-6
zooc,MIROC-ES2L,ssp126,r1i1p1f2,NA,8.106377978058354e-4,6.991207483224571e-4,6.460920694102012e-4,1.6108565944334255e-6
zooc,MIROC-ES2L,ssp126,r1i1p1f2,NA,8.107360160992137e-4,6.913602410349995e-4,6.577059681778408e-4,1.6398127236024658e-6
zooc,MIROC-ES2L,ssp126,r1i1p1f2,NA,8.115970629625999e-4,6.921746826265007e-4,6.26813036627317e-4,1.5627895176761496e-6
zooc,MIROC-ES2L,ssp126,r1i1p1f2,NA,8.131899706103267e-4,7.150401943363249e-4,6.156789997998121e-4,1.5350297950368924e-6
zooc,MIROC-ES2L,ssp126,r1i1p1f2,NA,8.134685340457882e-4,7.290897192433476e-4,5.982608959490707e-4,1.4916024434581825e-6
zooc,MIROC-ES2L,ssp126,r1i1p1f2,NA,8.136134276175008e-4,7.108099234756082e-4,6.362149265168422e-4,1.5862305983606783e-6
zooc,MIROC-ES2L,ssp126,r1i1p1f2,NA,8.136901101792113e-4,7.352035900112242e-4,6.252307937631659e-4,1.558844621163119e-6
zooc,MIROC-ES2L,ssp126,r1i1p1f2,NA,8.138127082506923e-4,7.076459296513349e-4,6.379877479517871e-4,1.5906506512207e-6
zooc,MIROC-ES2L,ssp126,r1i1p1f2,NA,8.147628228016437e-4,7.219045073725283e-4,6.352743874937066e-4,1.5838856175762477e-06
zooc,MIROC-ES2L,ssp126,r1i1p1f2,NA,8.149236886575116e-4,7.083227974362671e-4,6.52389732164861e-4,1.626558120668103e-6
zooc,MIROC-ES2L,ssp126,r1i1p1f2,NA,8.177655310437164e-4,7.059280178509653e-4,6.730672858301512e-4,1.6781120326498584e-6
zooc,MIROC-ES2L,ssp126,r1i1p1f2,NA,8.180108100679008e-4,7.184446731116623e-4,6.413205562727688e-4,1.5989601113054474e-6
zooc,MIROC-ES2L,ssp126,r1i1p1f2,NA,8.198755580973301e-4,7.102559320628643e-4,6.764905860393921e-4,1.686647109890189e-6
zooc,MIROC-ES2L,ssp126,r1i1p1f2,NA,8.206860268640901e-4,7.122647075448185e-4,6.300998761976438e-4,1.5709843670596733e-6
zooc,MIROC-ES2L,ssp126,r1i1p1f2,NA,8.249484361320657e-4,7.255264208652079e-4,6.542967965214692e-4,1.631312872104157e-6
zooc,MIROC-ES2L,ssp126,r1i1p1f2,NA,8.270395475621401e-4,7.061793876346201e-4,6.511979045007004e-4,1.6235866193246585e-6
zooc,MIROC-ES2L,ssp126,r1i1p1f2,NA,8.385799512823476e-4,7.106099219527096e-4,6.2685942647585e-4,1.5629051782715387e-6
zooc,MIROC-ES2L,ssp126,r1i1p1f2,NA,8.435269100833812e-4,7.474666927009821e-4,6.318957900291316e-4,1.5754619945921194e-6
zooc,MIROC-ES2L,ssp370,r1i1p1f2,NA,7.218060625094377e-4,6.509863305836916e-4,5.882472801027316e-4,1.466636188826821e-6
zooc,MIROC-ES2L,ssp370,r1i1p1f2,NA,7.39966703173502e-4,6.803804717492312e-4,6.110888020567057e-4,1.5235853730197855e-6
zooc,MIROC-ES2L,ssp370,r1i1p1f2,NA,7.520570277548285e-4,6.825731252320111e-4,5.403340063956961e-4,1.3471773429964917e-6
zooc,MIROC-ES2L,ssp370,r1i1p1f2,NA,7.536015659481743e-4,6.839059642516077e-4,5.986903663969917e-4,1.4926732123716276e-6
zooc,MIROC-ES2L,ssp370,r1i1p1f2,NA,7.542647226833568e-4,6.91312801791355e-4,5.311214238482505e-4,1.3242082491924735e-6
zooc,MIROC-ES2L,ssp370,r1i1p1f2,NA,7.564682724604468e-4,6.970776012167335e-4,5.64089999659935e-4,1.406406515151396e-6
zooc,MIROC-ES2L,ssp370,r1i1p1f2,NA,7.570644637478317e-4,6.908673094585538e-4,5.728651892602378e-4,1.4282850874235418e-6
zooc,MIROC-ES2L,ssp370,r1i1p1f2,NA,7.572416513082094e-4,6.906273192726076e-4,6.243503840545027e-4,1.5566495566326134e-6
zooc,MIROC-ES2L,ssp370,r1i1p1f2,NA,7.582361719687573e-4,6.895887781865895e-4,5.555623713392856e-4,1.3851451702663934e-6
zooc,MIROC-ES2L,ssp370,r1i1p1f2,NA,7.600915663873991e-4,6.891970697324723e-4,5.501454695259339e-4,1.371639584266241e-6
zooc,MIROC-ES2L,ssp370,r1i1p1f2,NA,7.61190493286163e-4,6.849871424492449e-4,5.693365820665241e-4,1.4194874555746511e-6
zooc,MIROC-ES2L,ssp370,r1i1p1f2,NA,7.617276999365623e-4,7.039053889457136e-4,6.216017771282203e-4,1.5497966454109215e-6
zooc,MIROC-ES2L,ssp370,r1i1p1f2,NA,7.647096999388351e-4,7.064506062306464e-4,5.921710534847128e-4,1.4764190611552135e-6
zooc,MIROC-ES2L,ssp370,r1i1p1f2,NA,7.649237506825907e-4,7.283609884325415e-4,5.871821455262483e-4,1.4639805625813952e-6
zooc,MIROC-ES2L,ssp370,r1i1p1f2,NA,7.649672741817808e-4,7.025091035757214e-4,5.603588640516365e-4,1.3971039332378931e-6
zooc,MIROC-ES2L,ssp370,r1i1p1f2,NA,7.664200511484277e-4,7.245557790156454e-4,5.819000493043226e-4,1.4508110780228118e-6
zooc,MIROC-ES2L,ssp370,r1i1p1f2,NA,7.675145136608752e-4,7.169859600253403e-4,5.602999487736948e-4,1.3969570438571398e-6
zooc,MIROC-ES2L,ssp370,r1i1p1f2,NA,7.696831606490782e-4,7.305187464226037e-4,5.954035807447792e-4,1.484478497418403e-6
zooc,MIROC-ES2L,ssp370,r1i1p1f2,NA,7.746916099943982e-4,7.171842735260725e-4,5.692327237869701e-4,1.4192285129216963e-6
zooc,MIROC-ES2L,ssp370,r1i1p1f2,NA,7.750624172766329e-4,7.159696542657912e-4,5.558786278814732e-4,1.3859336707923024e-6
zooc,MIROC-ES2L,ssp370,r1i1p1f2,NA,7.755757110525638e-4,7.062254589982331e-4,5.605879757457921e-4,1.3976751615517297e-6
zooc,MIROC-ES2L,ssp370,r1i1p1f2,NA,7.766577310491437e-4,7.209225732367486e-4,6.247267445152727e-4,1.5575879100946344e-6
zooc,MIROC-ES2L,ssp370,r1i1p1f2,NA,7.790702279059162e-4,7.089492573868483e-4,5.618481592073474e-4,1.4008170896690263e-6
zooc,MIROC-ES2L,ssp370,r1i1p1f2,NA,7.791313729385846e-4,7.297119591385126e-4,6.222866969649687e-4,1.5515043085876133e-6
zooc,MIROC-ES2L,ssp370,r1i1p1f2,NA,7.797375609577789e-4,6.744657002855092e-4,6.680930160955703e-4,1.6657100305454915e-6
zooc,MIROC-ES2L,ssp370,r1i1p1f2,NA,7.806837484237682e-4,6.455604161601514e-4,6.971301945109508e-4,1.7381064157493135e-6
zooc,MIROC-ES2L,ssp370,r1i1p1f2,NA,7.80722547891112e-4,7.383594638668001e-4,5.77404743623374e-4,1.4396032438100186e-6
zooc,MIROC-ES2L,ssp370,r1i1p1f2,NA,7.813484981465945e-4,6.859825225546956e-4,6.665484458804562e-4,1.6618590606382872e-6
zooc,MIROC-ES2L,ssp370,r1i1p1f2,NA,7.844887700840209e-4,7.255504315253347e-4,5.850156738451555e-4,1.4585790488353322e-6
zooc,MIROC-ES2L,ssp370,r1i1p1f2,NA,7.845145415460359e-4,7.119667425286025e-4,6.204170916457499e-4,1.546842951174264e-6
zooc,MIROC-ES2L,ssp370,r1i1p1f2,NA,7.854204403102999e-4,7.100938819348812e-4,5.733792828064988e-4,1.4295668412452628e-6
zooc,MIROC-ES2L,ssp370,r1i1p1f2,NA,7.860791910222214e-4,7.013166905380785e-4,6.158786867360186e-4,1.535527660640326e-6
zooc,MIROC-ES2L,ssp370,r1i1p1f2,NA,7.871625604095265e-4,7.224201108328998e-4,6.080364723702736e-4,1.5159752108825802e-6
zooc,MIROC-ES2L,ssp370,r1i1p1f2,NA,7.873746801839605e-4,7.003012869972736e-4,5.688974500669285e-4,1.4183925981837825e-6
zooc,MIROC-ES2L,ssp370,r1i1p1f2,NA,7.907146848143583e-4,6.920376617927104e-4,5.802773785112176e-4,1.4467653853554281e-6
zooc,MIROC-ES2L,ssp370,r1i1p1f2,NA,7.909457553463424e-4,6.706916610710323e-4,6.793300837684039e-4,1.6937266328532752e-6
zooc,MIROC-ES2L,ssp370,r1i1p1f2,NA,7.914130057522621e-4,7.43953714845702e-4,5.650532482348646e-4,1.4088081160879626e-6
zooc,MIROC-ES2L,ssp370,r1i1p1f2,NA,7.915146644130411e-4,6.967583613004535e-4,6.506211624315547e-4,1.6221486682812127e-6
zooc,MIROC-ES2L,ssp370,r1i1p1f2,NA,7.927595864516284e-4,7.314532704185694e-4,5.822990725174445e-4,1.4518059349551624e-6
zooc,MIROC-ES2L,ssp370,r1i1p1f2,NA,7.932901787693605e-4,6.885633920319378e-4,6.778968005128466e-4,1.6901531270122066e-6
zooc,MIROC-ES2L,ssp370,r1i1p1f2,NA,7.948750044719601e-4,7.508436974603683e-4,5.83018644027025e-4,1.4535999927470065e-6
zooc,MIROC-ES2L,ssp370,r1i1p1f2,NA,7.9637938983302e-4,7.069045677781105e-4,6.386168063991113e-4,1.5922190390653013e-6
zooc,MIROC-ES2L,ssp370,r1i1p1f2,NA,7.963831640749697e-4,6.9947331212461e-4,6.241344874704838e-4,1.5561112766373182e-6
zooc,MIROC-ES2L,ssp370,r1i1p1f2,NA,7.965718518319512e-4,6.862315640319139e-4,6.681631797082098e-4,1.6658849646198453e-6
zooc,MIROC-ES2L,ssp370,r1i1p1f2,NA,7.976029722721879e-4,6.892494566272944e-4,6.160013883106366e-4,1.535833583975372e-6
zooc,MIROC-ES2L,ssp370,r1i1p1f2,NA,7.982935350967102e-4,7.273510273080319e-4,5.725915578285072e-4,1.4276028611324037e-6
zooc,MIROC-ES2L,ssp370,r1i1p1f2,NA,7.996210492952708e-4,7.313474488910288e-4,5.673522333937803e-4,1.4145400165075496e-6
zooc,MIROC-ES2L,ssp370,r1i1p1f2,NA,8.000332097791082e-4,7.185493595898151e-4,6.050622396451102e-4,1.508559762488232e-6
zooc,MIROC-ES2L,ssp370,r1i1p1f2,NA,8.001461726456366e-4,7.184514543041587e-4,5.58027438042917e-4,1.3912911502950415e-6
zooc,MIROC-ES2L,ssp370,r1i1p1f2,NA,8.00433156147062e-4,6.992373382672668e-4,5.969669740805728e-4,1.4883763977083034e-6
zooc,MIROC-ES2L,ssp370,r1i1p1f2,NA,8.009106452138352e-4,7.00519245583564e-4,6.749793780918257e-4,1.6828793198132735e-6
zooc,MIROC-ES2L,ssp370,r1i1p1f2,NA,8.027459546729714e-4,6.966044020373374e-4,6.113019645617049e-4,1.524116836325282e-6
zooc,MIROC-ES2L,ssp370,r1i1p1f2,NA,8.028632977314238e-4,7.029855332802981e-4,6.073998907732972e-4,1.5143880660901664e-6
zooc,MIROC-ES2L,ssp370,r1i1p1f2,NA,8.029900114727288e-4,7.165526913013309e-4,6.266555366683462e-4,1.562396833940281e-6
zooc,MIROC-ES2L,ssp370,r1i1p1f2,NA,8.034251811685388e-4,7.194182544481009e-4,5.655265135815817e-4,1.4099880757884e-6
zooc,MIROC-ES2L,ssp370,r1i1p1f2,NA,8.059361142767049e-4,6.800826522521675e-4,6.116386237708925e-4,1.524956205407295e-6
zooc,MIROC-ES2L,ssp370,r1i1p1f2,NA,8.063486968269147e-4,6.860001303721219e-4,6.266971025625364e-4,1.562500467304518e-6
zooc,MIROC-ES2L,ssp370,r1i1p1f2,NA,8.064520276387022e-4,7.053585432004184e-4,6.035348585351141e-4,1.5047516489859312e-6
zooc,MIROC-ES2L,ssp370,r1i1p1f2,NA,8.072578327705726e-4,7.097655325196683e-4,6.0962118022456e-4,1.519926253184737e-6
zooc,MIROC-ES2L,ssp370,r1i1p1f2,NA,8.078569290094446e-4,7.203566201496869e-4,6.342593036190993e-4,1.5813547792782217e-6
zooc,MIROC-ES2L,ssp370,r1i1p1f2,NA,8.087902579635824e-4,7.594626222271472e-4,5.949712326872927e-4,1.4834005539603935e-6
zooc,MIROC-ES2L,ssp370,r1i1p1f2,NA,8.09001234172374e-4,7.151243917178363e-4,6.482977882770372e-4,1.6163559604685981e-6
zooc,MIROC-ES2L,ssp370,r1i1p1f2,NA,8.109613837674342e-4,6.911086093168706e-4,6.455173843521973e-4,1.6094237719933464e-6
zooc,MIROC-ES2L,ssp370,r1i1p1f2,NA,8.11632640415938e-4,7.36307556508109e-4,6.869407288981931e-4,1.712701727078476e-6
zooc,MIROC-ES2L,ssp370,r1i1p1f2,NA,8.12523728123922e-4,7.273416849784553e-4,6.011897012728987e-4,1.4989046308600601e-6
zooc,MIROC-ES2L,ssp370,r1i1p1f2,NA,8.132220139140717e-4,6.943491753190756e-4,6.25503485276349e-4,1.5595245040204616e-6
zooc,MIROC-ES2L,ssp370,r1i1p1f2,NA,8.135346822348475e-4,7.110155711416155e-4,5.870291048686335e-4,1.4635989969126505e-6
zooc,MIROC-ES2L,ssp370,r1i1p1f2,NA,8.137233830102959e-4,7.169486489146948e-4,6.484371922786024e-4,1.6167035268075826e-6
zooc,MIROC-ES2L,ssp370,r1i1p1f2,NA,8.14326166720166e-4,6.97268609656021e-4,6.607797722451638e-4,1.647476426325769e-6
zooc,MIROC-ES2L,ssp370,r1i1p1f2,NA,8.151718627416571e-4,7.041483477223665e-4,6.782532420322828e-4,1.691041817957814e-6
zooc,MIROC-ES2L,ssp370,r1i1p1f2,NA,8.15449770019273e-4,6.831208011135459e-4,6.459364688958002e-4,1.610468646451106e-6
zooc,MIROC-ES2L,ssp370,r1i1p1f2,NA,8.178673225226732e-4,7.010451226960868e-4,6.501113345973535e-4,1.6208775498638353e-6
zooc,MIROC-ES2L,ssp370,r1i1p1f2,NA,8.180383387652258e-4,7.344596670009196e-4,6.111699259527118e-4,1.5237876336093124e-6
zooc,MIROC-ES2L,ssp370,r1i1p1f2,NA,8.1892561294674e-4,7.180819229688495e-4,6.467556168123588e-4,1.6125109711996663e-6
zooc,MIROC-ES2L,ssp370,r1i1p1f2,NA,8.194380524834675e-4,7.301288715098053e-4,6.238827089072117e-4,1.555483534589108e-6
zooc,MIROC-ES2L,ssp370,r1i1p1f2,NA,8.195274605521732e-4,7.245222514029592e-4,5.857233364356902e-4,1.4603434149443873e-6
zooc,MIROC-ES2L,ssp370,r1i1p1f2,NA,8.196482017264718e-4,6.940524617675692e-4,6.563811676670664e-4,1.6365096902731172e-6
zooc,MIROC-ES2L,ssp370,r1i1p1f2,NA,8.197774105602147e-4,7.307007326744497e-4,6.633744171004311e-4,1.6539454745825223e-6
zooc,MIROC-ES2L,ssp370,r1i1p1f2,NA,8.22451637806148e-4,7.027521205600351e-4,6.446664973086033e-4,1.6073023142782833e-6
zooc,MIROC-ES2L,ssp370,r1i1p1f2,NA,8.225099743708581e-4,7.120936934370548e-4,6.282830507990348e-4,1.5664546021657083e-6
zooc,MIROC-ES2L,ssp370,r1i1p1f2,NA,8.238127181792444e-4,7.188846939243376e-4,6.693899163572885e-4,1.6689435021168392e-6
zooc,MIROC-ES2L,ssp370,r1i1p1f2,NA,8.242764449320749e-4,7.316440460272133e-4,6.633392688226341e-4,1.6538578418166162e-6
zooc,MIROC-ES2L,ssp370,r1i1p1f2,NA,8.243842559959759e-4,7.150512537918985e-4,6.392812618435542e-4,1.5938756797904616e-6
zooc,MIROC-ES2L,ssp370,r1i1p1f2,NA,8.314927885718536e-4,7.285582250915468e-4,5.916240402096741e-4,1.4750552308544592e-6
zooc,MIROC-ES2L,ssp370,r1i1p1f2,NA,8.336097213027539e-4,7.425310905091465e-4,6.56143492523687e-4,1.6359171113046195e-6
zooc,MIROC-ES2L,ssp370,r1i1p1f2,NA,8.381405505182802e-4,7.313294627238065e-4,6.234356159386852e-4,1.554368828665952e-6
zooc,MIROC-ES2L,ssp534-over,r1i1p1f2,NA,7.471974819823255e-4,6.979942263569683e-4,5.708784147180405e-4,1.4233316001041997e-6
zooc,MIROC-ES2L,ssp534-over,r1i1p1f2,NA,7.500727458655853e-4,7.019680051598698e-4,5.527343405854802e-4,1.37809423711814e-6
zooc,MIROC-ES2L,ssp534-over,r1i1p1f2,NA,7.572701556662722e-4,6.808798934798688e-4,5.5237853939246e-4,1.377207142654023e-6
zooc,MIROC-ES2L,ssp534-over,r1i1p1f2,NA,7.589699215098504e-4,7.062166987452656e-4,5.611106405239367e-4,1.3989782854320783e-6
zooc,MIROC-ES2L,ssp534-over,r1i1p1f2,NA,7.596806429949373e-4,7.023731304798275e-4,5.708366111564811e-4,1.4232273741803771e-6
zooc,MIROC-ES2L,ssp534-over,r1i1p1f2,NA,7.600664686866713e-4,6.992231938056648e-4,5.699861276954058e-4,1.421106922689647e-6
zooc,MIROC-ES2L,ssp534-over,r1i1p1f2,NA,7.638428067406709e-4,7.08545878296718e-4,5.829501978031511e-4,1.4534293405190788e-6
zooc,MIROC-ES2L,ssp534-over,r1i1p1f2,NA,7.648010481060158e-4,7.233766664285213e-4,5.71424829669262e-4,1.4246939386456334e-6
zooc,MIROC-ES2L,ssp534-over,r1i1p1f2,NA,7.653847218256855e-4,6.779530667699873e-4,6.003523153462284e-4,1.4968168345444451e-6
zooc,MIROC-ES2L,ssp534-over,r1i1p1f2,NA,7.698453334801332e-4,7.156550709623843e-4,5.810063393666875e-4,1.4485828529528704e-6
zooc,MIROC-ES2L,ssp534-over,r1i1p1f2,NA,7.706249321048603e-4,7.165823481045663e-4,5.762745757653197e-4,1.4367854745892552e-6
zooc,MIROC-ES2L,ssp534-over,r1i1p1f2,NA,7.708848181530895e-4,7.353053078986704e-4,5.823262813128798e-4,1.451873772759755e-6
zooc,MIROC-ES2L,ssp534-over,r1i1p1f2,NA,7.724439570321877e-4,6.996465381234884e-4,5.612265375055449e-4,1.3992672433468055e-6
zooc,MIROC-ES2L,ssp534-over,r1i1p1f2,NA,7.728570571469051e-4,7.045487291179597e-4,5.607027304439182e-4,1.3979612714901898e-6
zooc,MIROC-ES2L,ssp534-over,r1i1p1f2,NA,7.730157315170886e-4,7.026204548310488e-4,5.983881563526637e-4,1.4919197330056696e-6
zooc,MIROC-ES2L,ssp534-over,r1i1p1f2,NA,7.739408526653517e-4,7.260624843183905e-4,5.607432999485841e-4,1.3980624206254574e-6
zooc,MIROC-ES2L,ssp534-over,r1i1p1f2,NA,7.752165367381874e-4,6.861574365757406e-4,6.140189868079586e-4,1.5308909996524927e-6
zooc,MIROC-ES2L,ssp534-over,r1i1p1f2,NA,7.755201646786875e-4,7.107326819095761e-4,5.937535851985782e-4,1.4803646778372247e-6
zooc,MIROC-ES2L,ssp534-over,r1i1p1f2,NA,7.763457364233769e-4,7.186268921941519e-4,5.876535707103817e-4,1.4651559343319516e-6
zooc,MIROC-ES2L,ssp534-over,r1i1p1f2,NA,7.771828451646349e-4,7.158185762818903e-4,5.592084191481688e-4,1.3942356086646245e-6
zooc,MIROC-ES2L,ssp534-over,r1i1p1f2,NA,7.773645855702506e-4,7.176630315370858e-4,5.541070198967657e-4,1.381516643343688e-6
zooc,MIROC-ES2L,ssp534-over,r1i1p1f2,NA,7.78233200045582e-4,7.023431535344571e-4,5.637513717243652e-4,1.4055622375802907e-6
zooc,MIROC-ES2L,ssp534-over,r1i1p1f2,NA,7.784565895195283e-4,7.321465236600488e-4,5.744713277279222e-4,1.4322895611893387e-6
zooc,MIROC-ES2L,ssp534-over,r1i1p1f2,NA,7.797639830551583e-4,7.161660469137132e-4,5.694198950290749e-4,1.419695174012132e-6
zooc,MIROC-ES2L,ssp534-over,r1i1p1f2,NA,7.807550609418259e-4,7.123359537217766e-4,5.859459385388347e-4,1.46089841334595e-6
zooc,MIROC-ES2L,ssp534-over,r1i1p1f2,NA,7.808519860458908e-4,7.299841090571135e-4,5.878023721821486e-4,1.4655269307323191e-6
zooc,MIROC-ES2L,ssp534-over,r1i1p1f2,NA,7.809534052971606e-4,7.359331066254526e-4,5.766162505319842e-4,1.4376373486132397e-6
zooc,MIROC-ES2L,ssp534-over,r1i1p1f2,NA,7.836120244934712e-4,6.87921914504841e-4,6.114990509142947e-4,1.5246082180737564e-6
zooc,MIROC-ES2L,ssp534-over,r1i1p1f2,NA,7.842633268820748e-4,7.280801073648036e-4,5.501764985585658e-4,1.3717169468035643e-6
zooc,MIROC-ES2L,ssp534-over,r1i1p1f2,NA,7.857342688391724e-4,7.308247149921954e-4,5.708974085449361e-4,1.4233789560968776e-6
zooc,MIROC-ES2L,ssp534-over,r1i1p1f2,NA,7.86445619201166e-4,7.373725529760122e-4,5.628621757949494e-4,1.4033452669743052e-6
zooc,MIROC-ES2L,ssp534-over,r1i1p1f2,NA,7.902712312946271e-4,7.218254613690078e-4,6.124355051298592e-4,1.5269430144904716e-6
zooc,MIROC-ES2L,ssp534-over,r1i1p1f2,NA,7.912530546464908e-4,7.097525813151151e-4,6.238927519088659e-4,1.5555085741093383e-6
zooc,MIROC-ES2L,ssp534-over,r1i1p1f2,NA,7.915386338291726e-4,6.81674195220694e-4,6.33614356208962e-4,1.5797467765834496e-6
zooc,MIROC-ES2L,ssp534-over,r1i1p1f2,NA,7.921125430650389e-4,7.159272790886462e-4,6.119818194598926e-4,1.525811871441567e-6
zooc,MIROC-ES2L,ssp534-over,r1i1p1f2,NA,7.922919021566652e-4,7.204673311207443e-4,6.076739665519337e-4,1.51507140024066e-6
zooc,MIROC-ES2L,ssp534-over,r1i1p1f2,NA,7.928165798874762e-4,7.191939803306013e-4,5.872192034269668e-4,1.46407295647783e-6
zooc,MIROC-ES2L,ssp534-over,r1i1p1f2,NA,7.934715575098108e-4,7.11170316208154e-4,5.58196351866117e-4,1.3917122914278232e-6
zooc,MIROC-ES2L,ssp534-over,r1i1p1f2,NA,7.937112532132386e-4,7.126549317035824e-4,6.145650062336727e-4,1.5322523520575812e-6
zooc,MIROC-ES2L,ssp534-over,r1i1p1f2,NA,7.951083999544607e-4,7.441744673997164e-4,5.922164181371102e-4,1.4765321657001048e-6
zooc,MIROC-ES2L,ssp534-over,r1i1p1f2,NA,7.954915966907342e-4,7.539702928625047e-4,5.714583757982356e-4,1.4247775768848772e-6
zooc,MIROC-ES2L,ssp534-over,r1i1p1f2,NA,7.971650977243545e-4,7.068731647450477e-4,5.556656477868822e-4,1.3854026622780388e-6
zooc,MIROC-ES2L,ssp534-over,r1i1p1f2,NA,8.009099258930936e-4,7.03889032592997e-4,6.106929257545788e-4,1.522598362062596e-6
zooc,MIROC-ES2L,ssp534-over,r1i1p1f2,NA,8.010635182642493e-4,7.362716714851558e-4,6.198360050221183e-4,1.5453941681541156e-6
zooc,MIROC-ES2L,ssp534-over,r1i1p1f2,NA,8.013540045123032e-4,7.250345370266587e-4,5.666191388711588e-4,1.4127122427241848e-6
zooc,MIROC-ES2L,ssp534-over,r1i1p1f2,NA,8.014614832715762e-4,7.392489642370492e-4,5.640577999130992e-4,1.406326233753457e-6
zooc,MIROC-ES2L,ssp534-over,r1i1p1f2,NA,8.022051749212843e-4,7.36743415473029e-4,6.189744399619867e-4,1.5432460876802082e-6
zooc,MIROC-ES2L,ssp534-over,r1i1p1f2,NA,8.028702339590656e-4,7.096358167473227e-4,6.109770193111617e-4,1.5233066728447967e-6
zooc,MIROC-ES2L,ssp534-over,r1i1p1f2,NA,8.030480745628915e-4,7.172295881900936e-4,6.448168153548649e-4,1.6076770918487678e-6
zooc,MIROC-ES2L,ssp534-over,r1i1p1f2,NA,8.041627748941224e-4,7.072117587085813e-4,6.204215053644449e-4,1.5468539555932971e-6
zooc,MIROC-ES2L,ssp534-over,r1i1p1f2,NA,8.044447176276809e-4,7.151899917516857e-4,5.964402361297106e-4,1.4870631184686133e-6
zooc,MIROC-ES2L,ssp534-over,r1i1p1f2,NA,8.04927989896352e-4,7.006746018305421e-4,6.160994842690548e-4,1.536078159832261e-6
zooc,MIROC-ES2L,ssp534-over,r1i1p1f2,NA,8.060491461457905e-4,7.283263839781284e-4,6.284071477543005e-4,1.5667640045066494e-6
zooc,MIROC-ES2L,ssp534-over,r1i1p1f2,NA,8.061083299176929e-4,7.022848876658827e-4,6.19063285685112e-4,1.5434676005663115e-6
zooc,MIROC-ES2L,ssp534-over,r1i1p1f2,NA,8.067033772414437e-4,6.768567254766822e-4,6.694126210085154e-4,1.6690001100507311e-6
zooc,MIROC-ES2L,ssp534-over,r1i1p1f2,NA,8.076978428396829e-4,7.262482831720263e-4,5.640209529687283e-4,1.4062343658198686e-6
zooc,MIROC-ES2L,ssp534-over,r1i1p1f2,NA,8.081956663059786e-4,7.299668213818222e-4,6.017654270485863e-4,1.5003400480494371e-6
zooc,MIROC-ES2L,ssp534-over,r1i1p1f2,NA,8.089223009162764e-4,6.944587221369147e-4,6.299797585039177e-4,1.5706848859358399e-6
zooc,MIROC-ES2L,ssp534-over,r1i1p1f2,NA,8.09709023373107e-4,7.043007353786379e-4,6.595363877830936e-4,1.6443763819900287e-6
zooc,MIROC-ES2L,ssp534-over,r1i1p1f2,NA,8.10363079779625e-4,7.25854595657438e-4,6.219192777465429e-4,1.5505882477056662e-6
zooc,MIROC-ES2L,ssp534-over,r1i1p1f2,NA,8.119795203703925e-4,7.027190295048058e-4,6.24229162271493e-4,1.5563473227594622e-6
zooc,MIROC-ES2L,ssp534-over,r1i1p1f2,NA,8.122701560567985e-4,7.052560686133802e-4,6.640440644475885e-4,1.6556150599190176e-6
zooc,MIROC-ES2L,ssp534-over,r1i1p1f2,NA,8.127540835371534e-4,7.039580086711794e-4,6.525676009790364e-4,1.6270015886594686e-6
zooc,MIROC-ES2L,ssp534-over,r1i1p1f2,NA,8.128976531079255e-4,6.813045183662325e-4,6.798979351736305e-4,1.6951424174203303e-6
zooc,MIROC-ES2L,ssp534-over,r1i1p1f2,NA,8.139615156318167e-4,6.934147677384317e-4,6.639701014337163e-4,1.6554306530607985e-6
zooc,MIROC-ES2L,ssp534-over,r1i1p1f2,NA,8.13978758569207e-4,7.369823870249093e-4,6.4411295075239e-4,1.6059221950002119e-6
zooc,MIROC-ES2L,ssp534-over,r1i1p1f2,NA,8.14000717370839e-4,7.462000357918441e-4,6.316936375513886e-4,1.5749579818247898e-6
zooc,MIROC-ES2L,ssp534-over,r1i1p1f2,NA,8.142310939557972e-4,7.275388343259692e-4,6.224145123416456e-4,1.551822981811041e-6
zooc,MIROC-ES2L,ssp534-over,r1i1p1f2,NA,8.152383571834596e-4,7.140085799619555e-4,6.739997180199604e-4,1.68043680122841e-6
zooc,MIROC-ES2L,ssp534-over,r1i1p1f2,NA,8.201778909973066e-4,7.303033489733934e-4,6.402520388826314e-4,1.5962960509251043e-6
zooc,MIROC-ES2L,ssp534-over,r1i1p1f2,NA,8.21015164392889e-4,7.058313058223575e-4,6.51861634475517e-4,1.6252414512866612e-6
zooc,MIROC-ES2L,ssp534-over,r1i1p1f2,NA,8.21161074812188e-4,7.229664479382336e-4,6.316080107110391e-4,1.5747444943561022e-6
zooc,MIROC-ES2L,ssp534-over,r1i1p1f2,NA,8.213001608823904e-4,7.357593858614564e-4,6.22346229029175e-4,1.5516527357588283e-6
zooc,MIROC-ES2L,ssp534-over,r1i1p1f2,NA,8.215654147389752e-4,7.200980617199093e-4,6.09146229637165e-4,1.5187420917904737e-6
zooc,MIROC-ES2L,ssp534-over,r1i1p1f2,NA,8.231952506434992e-4,7.081153162289411e-4,6.684207555708795e-4,1.6665271606729976e-6
zooc,MIROC-ES2L,ssp534-over,r1i1p1f2,NA,8.238827586601667e-4,7.286170148290694e-4,6.644491374739329e-4,1.6566250004315355e-6
zooc,MIROC-ES2L,ssp534-over,r1i1p1f2,NA,8.278686558863329e-4,7.492473814636469e-4,6.255443321555714e-4,1.5596263447144938e-6
zooc,MIROC-ES2L,ssp534-over,r1i1p1f2,NA,8.281487389171552e-4,7.551704766228795e-4,6.070951888984325e-4,1.5136283740157686e-6
zooc,MIROC-ES2L,ssp534-over,r1i1p1f2,NA,8.289259155002752e-4,7.231755880638957e-4,6.719563797127717e-4,1.675342287392637e-6
zooc,MIROC-ES2L,ssp534-over,r1i1p1f2,NA,8.295057411661558e-4,7.393656997010112e-4,5.795284033549384e-4,1.4448980174883986e-6
zooc,MIROC-ES2L,ssp534-over,r1i1p1f2,NA,8.31537654196098e-4,7.280270801857114e-4,5.976401364054787e-4,1.4900547466952964e-6
zooc,MIROC-ES2L,ssp534-over,r1i1p1f2,NA,8.322219934169265e-4,7.233012584038079e-4,6.109136303910207e-4,1.5231486296418885e-6
zooc,MIROC-ES2L,ssp534-over,r1i1p1f2,NA,8.325721797708258e-4,6.971032707951963e-4,6.51663590500704e-4,1.6247476819650434e-6
zooc,MIROC-ES2L,ssp534-over,r1i1p1f2,NA,8.331098711590688e-4,7.081867370288819e-4,6.472261348946087e-4,1.6136840813359418e-6
zooc,MIROC-ES2L,ssp534-over,r1i1p1f2,NA,8.368534714731584e-4,7.429800170939416e-4,6.919822667066467e-4,1.725271444010997e-6
zooc,MIROC-ES2L,ssp534-over,r1i1p1f2,NA,8.419184627103657e-4,7.350530650001019e-4,6.799548173286421e-4,1.6952842377565397e-6
zooc,MIROC-ES2L,ssp585,r1i1p1f2,NA,6.91946239327038e-4,5.987805488985032e-4,6.355027228918062e-4,1.584454910404911e-6
zooc,MIROC-ES2L,ssp585,r1i1p1f2,NA,7.108160559575274e-4,6.482447788584977e-4,5.965967384777e-4,1.4874533149301383e-6
zooc,MIROC-ES2L,ssp585,r1i1p1f2,NA,7.204665166491385e-4,6.310999160632491e-4,6.443227831679647e-4,1.60644535562446e-6
zooc,MIROC-ES2L,ssp585,r1i1p1f2,NA,7.214918752871422e-4,6.460137665271759e-4,6.197579034710453e-4,1.5451994429678179e-6
zooc,MIROC-ES2L,ssp585,r1i1p1f2,NA,7.216145183896736e-4,6.638769118580967e-4,5.91727926221829e-4,1.475314242651186e-6
zooc,MIROC-ES2L,ssp585,r1i1p1f2,NA,7.220778343455846e-4,6.671778974123299e-4,6.101308516680057e-4,1.5211969816838786e-6
zooc,MIROC-ES2L,ssp585,r1i1p1f2,NA,7.327943864168662e-4,6.911414093337953e-4,6.002170012240318e-4,1.4964794652183377e-6
zooc,MIROC-ES2L,ssp585,r1i1p1f2,NA,7.330312150508059e-4,6.822181167080998e-4,5.891659202477457e-4,1.4689265706556186e-6
zooc,MIROC-ES2L,ssp585,r1i1p1f2,NA,7.395882913858404e-4,6.738397933077067e-4,6.134969127035379e-4,1.529589348458017e-6
zooc,MIROC-ES2L,ssp585,r1i1p1f2,NA,7.40586193102662e-4,6.560785404872149e-4,6.479434930479009e-4,1.6154726207198971e-6
zooc,MIROC-ES2L,ssp585,r1i1p1f2,NA,7.463830928254192e-4,6.455955153796822e-4,5.714069361326757e-4,1.424649325930554e-6
zooc,MIROC-ES2L,ssp585,r1i1p1f2,NA,7.464796682881224e-4,6.577711610589176e-4,6.53632866254546e-4,1.6296575407677214e-6
zooc,MIROC-ES2L,ssp585,r1i1p1f2,NA,7.467974664220963e-4,6.996569281909615e-4,6.271264637589442e-4,1.5635709638287342e-6
zooc,MIROC-ES2L,ssp585,r1i1p1f2,NA,7.474763261625437e-4,6.65078463498503e-4,6.837841074732724e-4,1.704831541575185e-6
zooc,MIROC-ES2L,ssp585,r1i1p1f2,NA,7.49956883639867e-4,6.769464525859803e-4,5.54745251440018e-4,1.383107901832841e-6
zooc,MIROC-ES2L,ssp585,r1i1p1f2,NA,7.515043175021354e-4,6.870894867461175e-4,5.736908207391102e-4,1.430343577188828e-6
zooc,MIROC-ES2L,ssp585,r1i1p1f2,NA,7.520940403627872e-4,6.895473052281886e-4,5.792415801326915e-4,1.4441829010199133e-6
zooc,MIROC-ES2L,ssp585,r1i1p1f2,NA,7.526661338798206e-4,7.093771419022232e-4,6.036585642280328e-4,1.5050600758195695e-6
zooc,MIROC-ES2L,ssp585,r1i1p1f2,NA,7.562825053928422e-4,7.130794110707939e-4,5.346103751325548e-4,1.3329070097098548e-6
zooc,MIROC-ES2L,ssp585,r1i1p1f2,NA,7.621806328373334e-4,7.011576381046325e-4,6.275091333109772e-4,1.564525047310898e-6
zooc,MIROC-ES2L,ssp585,r1i1p1f2,NA,7.633420828345479e-4,6.459431606344879e-4,6.997019419780559e-4,1.7445183755345274e-6
zooc,MIROC-ES2L,ssp585,r1i1p1f2,NA,7.636909575812399e-4,6.806136225350201e-4,6.218826555832001e-4,1.550496940203042e-6
zooc,MIROC-ES2L,ssp585,r1i1p1f2,NA,7.644566179067242e-4,6.841774156782776e-4,6.764018537235194e-4,1.6864258797545315e-6
zooc,MIROC-ES2L,ssp585,r1i1p1f2,NA,7.650169190232603e-4,6.892091478221118e-4,6.103811501236726e-4,1.5218210334823407e-6
zooc,MIROC-ES2L,ssp585,r1i1p1f2,NA,7.652141782658794e-4,6.923060864210129e-4,6.270243572371952e-4,1.5633163887121504e-6
zooc,MIROC-ES2L,ssp585,r1i1p1f2,NA,7.679601234515033e-4,7.115559710655361e-4,5.931241935691597e-4,1.4787954592927912e-6
zooc,MIROC-ES2L,ssp585,r1i1p1f2,NA,7.683153705963382e-4,7.060016796458513e-4,5.513993086389872e-4,1.3747656944589636e-6
zooc,MIROC-ES2L,ssp585,r1i1p1f2,NA,7.685460383948083e-4,6.782539130654186e-4,6.489121399606859e-4,1.617887680958234e-6
zooc,MIROC-ES2L,ssp585,r1i1p1f2,NA,7.703310172267169e-4,7.074950553942472e-4,5.352585525542817e-4,1.334523065568743e-6
zooc,MIROC-ES2L,ssp585,r1i1p1f2,NA,7.70795510760913e-4,7.063006050884724e-4,6.161866920446332e-4,1.5362955889372251e-6
zooc,MIROC-ES2L,ssp585,r1i1p1f2,NA,7.708067359127193e-4,7.149103621486574e-4,5.968032159525391e-4,1.4879681109130856e-6
zooc,MIROC-ES2L,ssp585,r1i1p1f2,NA,7.710681744287457e-4,7.202703563962132e-4,5.4904909151013e-4,1.3689060609181495e-6
zooc,MIROC-ES2L,ssp585,r1i1p1f2,NA,7.713539938335816e-4,6.884675531182438e-4,5.696423758846562e-4,1.4202498701155457e-6
zooc,MIROC-ES2L,ssp585,r1i1p1f2,NA,7.734277105162234e-4,7.311374065466225e-4,5.498741844707369e-4,1.3709632080331533e-6
zooc,MIROC-ES2L,ssp585,r1i1p1f2,NA,7.755880253134868e-4,6.704810075461864e-4,6.782811799232027e-4,1.6911114735656658e-6
zooc,MIROC-ES2L,ssp585,r1i1p1f2,NA,7.760332457923515e-4,6.799386173952371e-4,6.35108072545342e-4,1.5834709560380392e-6
zooc,MIROC-ES2L,ssp585,r1i1p1f2,NA,7.771668692167689e-4,7.002614147495478e-4,5.755722820677674e-4,1.4350344943691077e-6
zooc,MIROC-ES2L,ssp585,r1i1p1f2,NA,7.791673793737998e-4,7.233971846289933e-4,5.883724133379496e-4,1.466948174852772e-6
zooc,MIROC-ES2L,ssp585,r1i1p1f2,NA,7.822132317161144e-4,6.943604676052928e-4,6.92612064959665e-4,1.7268416763618805e-6
zooc,MIROC-ES2L,ssp585,r1i1p1f2,NA,7.823669028018716e-4,6.943190528545529e-4,5.758160234690802e-4,1.4356421979182315e-6
zooc,MIROC-ES2L,ssp585,r1i1p1f2,NA,7.854076325377282e-4,7.322201563511044e-4,5.437139900386749e-4,1.3556044220431973e-6
zooc,MIROC-ES2L,ssp585,r1i1p1f2,NA,7.856990043897115e-4,6.990080873947591e-4,6.675350303695135e-4,1.6643188433928013e-6
zooc,MIROC-ES2L,ssp585,r1i1p1f2,NA,7.861180520957694e-4,7.201303960755467e-4,5.939663850780353e-4,1.4808952370335807e-6
zooc,MIROC-ES2L,ssp585,r1i1p1f2,NA,7.861296154056034e-4,7.151479076128453e-4,6.038664003863507e-4,1.505578259313903e-6
zooc,MIROC-ES2L,ssp585,r1i1p1f2,NA,7.870978313949702e-4,7.218180107884109e-4,5.652277705186835e-4,1.409243240407043e-6
zooc,MIROC-ES2L,ssp585,r1i1p1f2,NA,7.880291352492728e-4,6.788662285543978e-4,6.375648979893269e-4,1.589596388704977e-6
zooc,MIROC-ES2L,ssp585,r1i1p1f2,NA,7.902129427437314e-4,7.259788108058274e-4,5.534141091698469e-4,1.379789057034155e-6
zooc,MIROC-ES2L,ssp585,r1i1p1f2,NA,7.902788491135582e-4,6.89612003043294e-4,6.343853865329126e-4,1.581669133072019e-6
zooc,MIROC-ES2L,ssp585,r1i1p1f2,NA,7.904971662252754e-4,7.110641454346478e-4,5.770645820051733e-4,1.4387551424142654e-6
zooc,MIROC-ES2L,ssp585,r1i1p1f2,NA,7.918961709540017e-4,7.200019608717412e-4,6.588231303476989e-4,1.6425980666419033e-6
zooc,MIROC-ES2L,ssp585,r1i1p1f2,NA,7.9403662743807e-4,7.047354010865092e-4,6.029757097873806e-4,1.5033575621518708e-6
zooc,MIROC-ES2L,ssp585,r1i1p1f2,NA,7.95667014455529e-4,7.245296146720648e-4,6.496370511050863e-4,1.6196950516916368e-6
zooc,MIROC-ES2L,ssp585,r1i1p1f2,NA,7.963673650269394e-4,7.078492199070752e-4,6.806355853301044e-4,1.6969815494499582e-6
zooc,MIROC-ES2L,ssp585,r1i1p1f2,NA,7.974318874836671e-4,7.144979608710855e-4,6.813464986031502e-4,1.6987540202605058e-6
zooc,MIROC-ES2L,ssp585,r1i1p1f2,NA,7.990739687982466e-4,7.14496651198715e-4,5.825760145524413e-4,1.4524964153440606e-6
zooc,MIROC-ES2L,ssp585,r1i1p1f2,NA,8.004751195642564e-4,7.266113825608045e-4,5.634908223842694e-4,1.4049126279618788e-6
zooc,MIROC-ES2L,ssp585,r1i1p1f2,NA,8.010972784111291e-4,7.143090188037604e-4,5.642028642373493e-4,1.406687912582836e-6
zooc,MIROC-ES2L,ssp585,r1i1p1f2,NA,8.039315960270902e-4,7.485809910576791e-4,5.546991169921305e-4,1.3829928780101868e-6
zooc,MIROC-ES2L,ssp585,r1i1p1f2,NA,8.041093670196616e-4,6.714529299642891e-4,6.446208251542601e-4,1.6071884430600946e-6
zooc,MIROC-ES2L,ssp585,r1i1p1f2,NA,8.053317467314513e-4,7.050072017591447e-4,6.327576010767765e-4,1.5776106883696515e-6
zooc,MIROC-ES2L,ssp585,r1i1p1f2,NA,8.066349578241739e-4,7.273084484040737e-4,6.529074652696117e-4,1.6278489487488523e-6
zooc,MIROC-ES2L,ssp585,r1i1p1f2,NA,8.074504679239412e-4,7.168606098275632e-4,5.959281965210304e-4,1.4857864855871626e-6
zooc,MIROC-ES2L,ssp585,r1i1p1f2,NA,8.075596548046749e-4,0.00073440594132989645,5.60173726237615e-4,1.3966423419528187e-6
zooc,MIROC-ES2L,ssp585,r1i1p1f2,NA,8.084699126305923e-4,6.948972877580673e-4,7.012373313069024e-4,1.7483464553740662e-6
zooc,MIROC-ES2L,ssp585,r1i1p1f2,NA,8.086079178775702e-4,7.339784642681479e-4,5.915778669298163e-4,1.4749401102147435e-6
zooc,MIROC-ES2L,ssp585,r1i1p1f2,NA,8.086087157372729e-4,7.305992185138166e-4,0.00059052582245005755,1.4723171206005797e-6
zooc,MIROC-ES2L,ssp585,r1i1p1f2,NA,8.121440197608269e-4,6.953614938538522e-4,6.257065372641189e-4,1.5600307594738224e-6
zooc,MIROC-ES2L,ssp585,r1i1p1f2,NA,8.135094006473754e-4,7.220482511911541e-4,6.128793989760589e-4,1.52804974426357e-6
zooc,MIROC-ES2L,ssp585,r1i1p1f2,NA,8.146312188992719e-4,7.110459555406123e-4,6.503177472565195e-4,1.6213921842463556e-6
zooc,MIROC-ES2L,ssp585,r1i1p1f2,NA,8.149990482215356e-4,7.158718362916261e-4,6.194501251727451e-4,1.5444320806600077e-6
zooc,MIROC-ES2L,ssp585,r1i1p1f2,NA,8.163267969974521e-4,7.108025019988418e-4,6.185197247567838e-4,1.5421123777624268e-6
zooc,MIROC-ES2L,ssp585,r1i1p1f2,NA,8.170214634948465e-4,7.098033092916012e-4,6.398829858694081e-4,1.5953759166157806e-6
zooc,MIROC-ES2L,ssp585,r1i1p1f2,NA,8.170749087859461e-4,7.040603377390653e-4,6.193718082911213e-4,1.544236818604966e-6
zooc,MIROC-ES2L,ssp585,r1i1p1f2,NA,8.172535139957445e-4,7.449838158208877e-4,5.968898357177453e-4,1.488184073972527e-6
zooc,MIROC-ES2L,ssp585,r1i1p1f2,NA,8.179953505407112e-4,7.096250774338841e-4,6.230117458730974e-4,1.5533120227977752e-6
zooc,MIROC-ES2L,ssp585,r1i1p1f2,NA,8.20532004047965e-4,7.532121671829373e-4,6.083843181762538e-4,1.5168424707313519e-6
zooc,MIROC-ES2L,ssp585,r1i1p1f2,NA,8.21587045476184e-4,7.223840802907944e-4,6.205509086229358e-4,1.5471765877724408e-6
zooc,MIROC-ES2L,ssp585,r1i1p1f2,NA,8.219874815622972e-4,7.159487577155232e-4,6.797090089505196e-4,1.6946713807573396e-6
zooc,MIROC-ES2L,ssp585,r1i1p1f2,NA,8.224142903325123e-4,7.04184960341081e-4,6.401810320890183e-4,1.596119014606046e-6
zooc,MIROC-ES2L,ssp585,r1i1p1f2,NA,8.22601833806505e-4,7.379724702332169e-4,6.067097026384318e-4,1.5126672678307749e-6
zooc,MIROC-ES2L,ssp585,r1i1p1f2,NA,8.240141337058207e-4,7.399175374303013e-4,6.083956743696036e-4,1.516870784341457e-6
zooc,MIROC-ES2L,ssp585,r1i1p1f2,NA,8.254859891463087e-4,7.245924789458513e-4,6.208858721745262e-4,1.5480117291888442e-6
zooc,MIROC-ES2L,ssp585,r1i1p1f2,NA,8.259773803252502e-4,7.115227926988155e-4,6.413405820366005e-4,1.5990100401549942e-6
zooc,MIROC-ES2L,ssp585,r1i1p1f2,NA,8.26260393981756e-4,7.302400772459805e-4,6.271895198638058e-4,1.5637281772463642e-6
zooc,MIROC-ES2L,ssp585,r1i1p1f2,NA,8.320179741667556e-4,7.349560619331896e-4,6.248440951692118e-4,1.5578804923498715e-6
zooc,MIROC-ES2L,ssp585,r1i1p1f2,NA,8.372776850076009e-4,7.339134463109076e-4,6.422188299579119e-4,1.6011997148508675e-6
zooc,NorESM2-MM,historical,r1i1p1f1,1950,0.0012358771011396464,0.0010429188259877264,0.0010098705420066574,2.4911014815648375e-6
zooc,NorESM2-MM,historical,r1i1p1f1,1951,0.0012153647463390255,0.0010352786048315465,9.930352271306693e-4,2.4495729132130454e-6
zooc,NorESM2-MM,historical,r1i1p1f1,1952,0.001216242633128264,0.0010181329562328756,0.0010204101413508382,2.517100072918159e-6
zooc,NorESM2-MM,historical,r1i1p1f1,1953,0.001243043864982803,0.0010459430632181466,0.001027902851788983,2.535582741039471e-6
zooc,NorESM2-MM,historical,r1i1p1f1,1954,0.001233369304040024,0.0010641793487593532,0.001008335414662286,2.4873147011381546e-6
zooc,NorESM2-MM,historical,r1i1p1f1,1955,0.0012410458268101057,0.0010356782004237175,0.0010140093977948808,2.5013110176956166e-6
zooc,NorESM2-MM,historical,r1i1p1f1,1956,0.0012318813749855563,0.0010530775180086493,9.966093682011738e-4,2.458389437456206e-6
zooc,NorESM2-MM,historical,r1i1p1f1,1957,0.0012630618990556086,0.0010663890861906111,0.0010340931891197722,2.550852776013928e-6
zooc,NorESM2-MM,historical,r1i1p1f1,1958,0.0012507112825054798,0.0010645395959727466,0.0010220913647974374,2.52124723638561e-6
zooc,NorESM2-MM,historical,r1i1p1f1,1959,0.0012310659361358044,0.0010529827559366822,0.0010030952963220594,2.4743886219845086e-6
zooc,NorESM2-MM,historical,r1i1p1f1,1960,0.00122670967655034,0.0010605527786538005,9.734381353293502e-4,2.401231722545553e-6
zooc,NorESM2-MM,historical,r1i1p1f1,1961,0.0012101736441651743,0.001069247315172106,9.623072187223283e-4,2.3737744973889204e-6
zooc,NorESM2-MM,historical,r1i1p1f1,1962,0.0012001984899087678,0.0010479794000275433,9.791965289737035e-4,2.4154362590105715e-6
zooc,NorESM2-MM,historical,r1i1p1f1,1963,0.0012133300019527042,0.001027558057103306,0.0010028105147795287,2.4736861361776535e-6
zooc,NorESM2-MM,historical,r1i1p1f1,1964,0.0012193278598055586,0.0010260328999720514,0.0010325272718952343,2.546990044549058e-6
zooc,NorESM2-MM,historical,r1i1p1f1,1965,0.0012307084322196414,0.001044898759573698,0.0010151241437667974,2.5040608209889097e-6
zooc,NorESM2-MM,historical,r1i1p1f1,1966,0.0012134920100706314,0.0010322522721253335,0.0010085171197882082,2.4877629228552603e-6
zooc,NorESM2-MM,historical,r1i1p1f1,1967,0.0012482622483790146,0.0010137385688722134,0.0010590059270540028,2.6123063542661288e-6
zooc,NorESM2-MM,historical,r1i1p1f1,1968,0.0012522837068957996,0.001009499654173851,0.0010358949830470453,2.55529735711121e-6
zooc,NorESM2-MM,historical,r1i1p1f1,1969,0.0012442846824181409,0.0010325447656214237,0.00103280997886065,2.5476874128859904e-6
zooc,NorESM2-MM,historical,r1i1p1f1,1970,0.0012484106770544964,0.00102091341977939,0.0010407843412548502,2.567358197554344e-6
zooc,NorESM2-MM,historical,r1i1p1f1,1971,0.0012568047795275454,0.001045021926984191,0.0010482576390610815,2.585792979502024e-6
zooc,NorESM2-MM,historical,r1i1p1f1,1972,0.0012563844391038116,0.0010452253627590835,0.0010413119596727261,2.568659702022293e-6
zooc,NorESM2-MM,historical,r1i1p1f1,1973,0.0012347069200931446,0.0010343430913053453,0.001015312508696095,2.5045254707979e-6
zooc,NorESM2-MM,historical,r1i1p1f1,1974,0.0012362934563052402,0.0010666748858056962,9.901605736563784e-4,2.442481852298879e-6
zooc,NorESM2-MM,historical,r1i1p1f1,1975,0.0012185757711134992,0.0010880304034799337,0.001008773440875144,2.488395203739653e-6
zooc,NorESM2-MM,historical,r1i1p1f1,1976,0.0012359576392735206,0.001059230708051473,0.0010381713958391222,2.5609127058545526e-6
zooc,NorESM2-MM,historical,r1i1p1f1,1977,0.0012403529966114036,0.0010644273133948445,0.0010212877486995677,2.5192649137326143e-6
zooc,NorESM2-MM,historical,r1i1p1f1,1978,0.0012353933675942907,0.0010772931855171919,0.0010138243045992752,2.5008544384464738e-6
zooc,NorESM2-MM,historical,r1i1p1f1,1979,0.0012163281127163775,0.0010828899103216827,9.925611888946988e-4,2.4484035778350693e-6
zooc,NorESM2-MM,historical,r1i1p1f1,1980,0.0012248394785369353,0.0010882315691560507,0.0010159808201611635,2.506174030302835e-6
zooc,NorESM2-MM,historical,r1i1p1f1,1981,0.0012347640156726168,0.0010972564341500401,0.0010269578980227386,2.5332517732280685e-6
zooc,NorESM2-MM,historical,r1i1p1f1,1982,0.0012377603850446076,0.0010867221863009036,0.001020930947928072,2.5183847742557954e-6
zooc,NorESM2-MM,historical,r1i1p1f1,1983,0.0012318241183447943,0.001072266197297722,0.0010154921413859817,2.504968580326598e-6
zooc,NorESM2-MM,historical,r1i1p1f1,1984,0.0012456818539651883,0.001060865935869515,0.0010383330803720376,2.561311541707999e-6
zooc,NorESM2-MM,historical,r1i1p1f1,1985,0.0012379651118469281,0.001055107801221311,0.0010276129708957156,2.534867676392412e-6
zooc,NorESM2-MM,historical,r1i1p1f1,1986,0.001239756726555994,0.0010873332503251731,0.0010012961258850143,2.469950512390377e-6
zooc,NorESM2-MM,historical,r1i1p1f1,1987,0.001245908495492438,0.001055048021953553,0.0010413522787268705,2.5687591591817373e-6
zooc,NorESM2-MM,historical,r1i1p1f1,1988,0.0012683157572784907,0.0010797161376103759,0.001063628524135054,2.623709160822306e-6
zooc,NorESM2-MM,historical,r1i1p1f1,1989,0.0012551994162623105,0.0010842911433428526,0.001034672570181675,2.5522819661543088e-6
zooc,NorESM2-MM,historical,r1i1p1f1,1990,0.0012541180636147372,0.0010804585181176662,9.881236313304246e-4,2.4374572181156073e-6
zooc,NorESM2-MM,historical,r1i1p1f1,1991,0.001234163069016457,0.0010696125100366771,0.0010096518082643438,2.490561919386439e-6
zooc,NorESM2-MM,historical,r1i1p1f1,1992,0.0012509454250681001,0.0010770355584099889,0.0010475544971011747,2.5840585017593685e-6
zooc,NorESM2-MM,historical,r1i1p1f1,1993,0.0012533335956678763,0.0010798631119541824,0.001045890338226372,2.5799534323805324e-6
zooc,NorESM2-MM,historical,r1i1p1f1,1994,0.001219522160019478,0.0010403486667200923,0.0010015209320231985,2.470505053671265e-6
zooc,NorESM2-MM,historical,r1i1p1f1,1995,0.0012339260849883098,0.0010732306982390583,0.001029728243110749,2.540085531087244e-6
zooc,NorESM2-MM,historical,r1i1p1f1,1996,0.0012129750816411782,0.0010809110826812685,9.942967879688629e-4,2.4526848725606897e-6
zooc,NorESM2-MM,historical,r1i1p1f1,1997,0.0012027151819683272,0.0010437435121275485,9.702633904405869e-4,2.393400410147556e-6
zooc,NorESM2-MM,historical,r1i1p1f1,1998,0.0012438666461662474,0.0010762889869511127,0.0010323503046068203,2.5465535099082113e-6
zooc,NorESM2-MM,historical,r1i1p1f1,1999,0.0012405594817672875,0.001061726186890155,0.0010198449459922414,2.515705875408074e-6
zooc,NorESM2-MM,historical,r1i1p1f1,2000,0.0012623712970217967,0.0010703967418521643,0.0010350424052663367,2.5531942580660073e-6
zooc,NorESM2-MM,historical,r1i1p1f1,2001,0.0012793309923789813,0.0010686994064599276,0.001054382841488791,2.600902342740041e-6
zooc,NorESM2-MM,historical,r1i1p1f1,2002,0.0012637421301729822,0.0010517355985939503,0.001038162255897244,2.5608901598728576e-6
zooc,NorESM2-MM,historical,r1i1p1f1,2003,0.0012618498753210155,0.0010840295581147075,0.0010218108961317842,2.52055538938198e-6
zooc,NorESM2-MM,historical,r1i1p1f1,2004,0.0012438097829751704,0.0011080788681283593,9.894760964395371e-4,2.44079341587258e-6
zooc,NorESM2-MM,historical,r1i1p1f1,2005,0.0012356949803422597,0.0010863249190151691,0.0010156933085020113,2.505464809971823e-6
zooc,NorESM2-MM,historical,r1i1p1f1,2006,0.0012445166961053628,0.001077011867891997,0.001034043398526452,2.550729954904064e-6
zooc,NorESM2-MM,historical,r1i1p1f1,2007,0.0012629442885929484,0.0010973048047162592,0.0010378411848163674,2.56009815672791e-6
zooc,NorESM2-MM,historical,r1i1p1f1,2008,0.0012678971108286397,0.001108516938984394,0.001034919109342491,2.5528901174402667e-6
zooc,NorESM2-MM,historical,r1i1p1f1,2009,0.0012783204075596413,0.0010768937063403428,0.001020966397621648,2.5184722199040394e-6
zooc,NorESM2-MM,historical,r1i1p1f1,2010,0.0012689013404688634,0.0010713501833379269,0.001028802866378035,2.537802854987703e-6
zooc,NorESM2-MM,historical,r1i1p1f1,2011,0.0012821831414586528,0.001082798233255744,0.0010555734879879133,2.6038393739085017e-6
zooc,NorESM2-MM,historical,r1i1p1f1,2012,0.0012829253027836795,0.0010680247214622796,0.0010444386215068193,2.5763724053870083e-6
zooc,NorESM2-MM,historical,r1i1p1f1,2013,0.001238269786811642,0.0010830219835042953,0.0010045277970692726,2.477922247915051e-6
zooc,NorESM2-MM,historical,r1i1p1f1,2014,0.001222792125644328,0.0011003189720213413,9.826497710441686e-4,2.423954555247676e-6
zooc,NorESM2-MM,ssp126,r1i1p1f1,2015,0.0012333126142651208,0.0011019588564522564,9.69237372767491e-4,2.3908694776772587e-6
zooc,NorESM2-MM,ssp126,r1i1p1f1,2016,0.0012227333905404445,0.001067226694431156,9.95593534516818e-4,2.4558836263736353e-6
zooc,NorESM2-MM,ssp126,r1i1p1f1,2017,0.0012556686240247506,0.0010902857757173479,0.0010113619094873447,2.494780317203825e-6
zooc,NorESM2-MM,ssp126,r1i1p1f1,2018,0.0012439640669877465,0.0010646194568835199,0.0010075046550374047,2.485265422100612e-6
zooc,NorESM2-MM,ssp126,r1i1p1f1,2019,0.001241747382800467,0.001060748239979148,0.0010104079536448253,2.492427143491157e-6
zooc,NorESM2-MM,ssp126,r1i1p1f1,2020,0.0012218225330800328,0.0010658847750164568,9.816289604420124e-4,2.4214364673367486e-6
zooc,NorESM2-MM,ssp126,r1i1p1f1,2021,0.0012386613312016803,0.0010679279803298414,9.98936155434669e-4,2.4641290475186292e-6
zooc,NorESM2-MM,ssp126,r1i1p1f1,2022,0.0012553947496897336,0.0010748319909907877,0.0010128814465311545,2.4985286402053115e-6
zooc,NorESM2-MM,ssp126,r1i1p1f1,2023,0.0012582279556190774,0.0010668184258975089,0.0010248891534724175,2.528148690803222e-6
zooc,NorESM2-MM,ssp126,r1i1p1f1,2024,0.0012480364953136,0.0010820142342709005,0.0010178649946937072,2.5108218240291673e-6
zooc,NorESM2-MM,ssp126,r1i1p1f1,2025,0.001237141250965994,0.0010581701062619686,9.82891038455179e-4,2.424549702427459e-6
zooc,NorESM2-MM,ssp126,r1i1p1f1,2026,0.0012473989217159922,0.0010568996076472104,9.982364760593007e-4,2.4624031111177743e-6
zooc,NorESM2-MM,ssp126,r1i1p1f1,2027,0.0012577475624395435,0.0010630307951942086,0.0010141387308630625,2.5016300504670077e-6
zooc,NorESM2-MM,ssp126,r1i1p1f1,2028,0.0012220641928150835,0.0010453428258188069,9.791082867498717e-4,2.415218587214653e-6
zooc,NorESM2-MM,ssp126,r1i1p1f1,2029,0.0012375067783083268,0.0010414300486445427,0.0010212430905996172,2.5191547532176545e-6
zooc,NorESM2-MM,ssp126,r1i1p1f1,2030,0.0012548756867146833,0.0010608074953779578,0.0010292977226070996,2.539023543218627e-6
zooc,NorESM2-MM,ssp126,r1i1p1f1,2031,0.0012200981335252126,0.0010632029734551907,9.392356526806201e-4,2.3168626359593185e-6
zooc,NorESM2-MM,ssp126,r1i1p1f1,2032,0.0012258494108414732,0.0010600307723507285,0.0010032843342955148,2.474854932027389e-6
zooc,NorESM2-MM,ssp126,r1i1p1f1,2033,0.0012422250588132377,0.0010693875956349075,0.0010205766199871333,2.517510734641888e-6
zooc,NorESM2-MM,ssp126,r1i1p1f1,2034,0.0012463180658763408,0.0010470194974914193,0.001025181880912882,2.528870777179944e-6
zooc,NorESM2-MM,ssp126,r1i1p1f1,2035,0.0012366133253409648,0.0010652531636878848,9.966092329374801e-4,2.458389103794045e-6
zooc,NorESM2-MM,ssp126,r1i1p1f1,2036,0.0012774290242010952,0.0010837173904292285,0.0010385177435155509,2.5617670601247283e-6
zooc,NorESM2-MM,ssp126,r1i1p1f1,2037,0.0012557961350103748,0.0010885117226280272,9.795435494147882e-4,2.4162922728251757e-6
zooc,NorESM2-MM,ssp126,r1i1p1f1,2038,0.0012362239864055836,0.0010603636619634926,9.833460063261425e-4,2.4256719959198203e-6
zooc,NorESM2-MM,ssp126,r1i1p1f1,2039,0.0012373872833278514,0.0010443833307363093,0.0010259013525779888,2.53064553627662e-6
zooc,NorESM2-MM,ssp126,r1i1p1f1,2040,0.0012538617983092904,0.0010851617553271353,9.921359325338363e-4,2.4473545753079885e-6
zooc,NorESM2-MM,ssp126,r1i1p1f1,2041,0.0012390236887878322,0.001060097652953118,9.855445554739104e-4,2.431095274262424e-6
zooc,NorESM2-MM,ssp126,r1i1p1f1,2042,0.0012616260457321649,0.001090257370378822,0.0010127246121886147,2.4981417685749293e-6
zooc,NorESM2-MM,ssp126,r1i1p1f1,2043,0.0012342107403736698,0.0010662097483873367,9.533711116787918e-4,2.3517313259430614e-6
zooc,NorESM2-MM,ssp126,r1i1p1f1,2044,0.0012147895159331228,0.00105852831620723,9.788420590722921e-4,2.414561869215201e-6
zooc,NorESM2-MM,ssp126,r1i1p1f1,2045,0.001247197977645209,0.001043129712343216,0.0010341112980365734,2.550897446244018e-6
zooc,NorESM2-MM,ssp126,r1i1p1f1,2046,0.0012410901949998926,0.0010334475664421916,0.0010238027171488328,2.525468720428079e-6
zooc,NorESM2-MM,ssp126,r1i1p1f1,2047,0.0012197043845489138,0.001032359665259719,9.782329990791082e-4,2.413059468473451e-6
zooc,NorESM2-MM,ssp126,r1i1p1f1,2048,0.001257697055231373,0.0010801026364788413,9.99059118350623e-4,2.4644323666960573e-6
zooc,NorESM2-MM,ssp126,r1i1p1f1,2049,0.0012456403850425563,0.0010554405162110925,0.0010024529008792363,2.4728039909127006e-6
zooc,NorESM2-MM,ssp126,r1i1p1f1,2050,0.00126598806583872,0.0010834354325197637,9.782972941637467e-4,2.413218068584988e-6
zooc,NorESM2-MM,ssp126,r1i1p1f1,2051,0.001230364395914189,0.001072065788321197,9.946506627763576e-4,2.4535577944061837e-6
zooc,NorESM2-MM,ssp126,r1i1p1f1,2052,0.0012522947795779618,0.0010778523283079267,0.001021695792599766,2.5202714573657297e-6
zooc,NorESM2-MM,ssp126,r1i1p1f1,2053,0.0012745128694749567,0.0010576449567452073,0.0010342968965033048,2.5513552718723727e-6
zooc,NorESM2-MM,ssp126,r1i1p1f1,2054,0.0012522257518602679,0.0010630424367263913,0.0010083650741111517,2.4873878636812117e-6
zooc,NorESM2-MM,ssp126,r1i1p1f1,2055,0.0012420593768255788,0.001038270303979516,0.0010036336963770273,2.4757167220912214e-6
zooc,NorESM2-MM,ssp126,r1i1p1f1,2056,0.0012707657673962534,0.0010454471339471638,0.001033291528046285,2.5488752759237594e-6
zooc,NorESM2-MM,ssp126,r1i1p1f1,2057,0.0012476901795147619,0.0010621424298733473,9.899052415363642e-4,2.4418520109518936e-6
zooc,NorESM2-MM,ssp126,r1i1p1f1,2058,0.0012401487711791064,0.0010773857356980443,9.746023436480136e-4,2.404103537245395e-6
zooc,NorESM2-MM,ssp126,r1i1p1f1,2059,0.0012446955887366717,0.001051782164722681,0.0010207249974779526,2.517876745305469e-6
zooc,NorESM2-MM,ssp126,r1i1p1f1,2060,0.0012684831144547082,0.0010824580676853657,0.0010058716789559578,2.4812372729798652e-6
zooc,NorESM2-MM,ssp126,r1i1p1f1,2061,0.0012565458882168932,0.0010784220648929477,0.0010015456666779457,2.4705660679622294e-6
zooc,NorESM2-MM,ssp126,r1i1p1f1,2062,0.0012470767823839863,0.0010369145893491805,0.0010434656543554615,2.573972335465724e-6
zooc,NorESM2-MM,ssp126,r1i1p1f1,2063,0.0012087561440362285,0.0010630314354784787,9.401032610710447e-4,2.3190028118104825e-6
zooc,NorESM2-MM,ssp126,r1i1p1f1,2064,0.0012310561898373846,0.001070976140908897,9.761755973724056e-4,2.407984366045414e-6
zooc,NorESM2-MM,ssp126,r1i1p1f1,2065,0.0012614133761615198,0.001065960037522018,0.001037332171055168,2.55884254535802e-6
zooc,NorESM2-MM,ssp126,r1i1p1f1,2066,0.0012608863684341208,0.001064042910002172,0.0010402032043036948,2.5659246760683738e-6
zooc,NorESM2-MM,ssp126,r1i1p1f1,2067,0.0012193007472823926,0.0010468915570527315,9.981875072862841e-4,2.462282317235848e-6
zooc,NorESM2-MM,ssp126,r1i1p1f1,2068,0.0012483257363501222,0.0010553498868830502,0.001021726083671752,2.520346177967197e-6
zooc,NorESM2-MM,ssp126,r1i1p1f1,2069,0.0012572194441567677,0.0010910254204645753,0.0010183001627115714,2.5118952761687623e-6
zooc,NorESM2-MM,ssp126,r1i1p1f1,2070,0.0012233983070958257,0.0010725280735641718,9.620359738182312e-4,2.373105403129452e-6
zooc,NorESM2-MM,ssp126,r1i1p1f1,2071,0.0012256029077564855,0.0010521391523070633,0.0010201389720675116,2.516431165196475e-6
zooc,NorESM2-MM,ssp126,r1i1p1f1,2072,0.0012410526332588005,0.0010537609923630953,9.975386550046363e-4,2.460681758735629e-6
zooc,NorESM2-MM,ssp126,r1i1p1f1,2073,0.001241620322084646,0.0010651458869688213,0.0010019129158300964,2.4714719810164e-6
zooc,NorESM2-MM,ssp126,r1i1p1f1,2074,0.0012439447914238428,0.0010563968098722398,0.0010100111102765805,2.4914482288070835e-6
zooc,NorESM2-MM,ssp126,r1i1p1f1,2075,0.001237683616076086,0.0010634756181389093,9.970434302131322e-4,2.459460161352095e-6
zooc,NorESM2-MM,ssp126,r1i1p1f1,2076,0.0012377731860077814,0.0010484556551091373,0.001007157021300798,2.4844078954372615e-6
zooc,NorESM2-MM,ssp126,r1i1p1f1,2077,0.0012526690606668015,0.001073168939910829,0.0010310982933196711,2.54346510694702e-6
zooc,NorESM2-MM,ssp126,r1i1p1f1,2078,0.0012421482726789027,0.0010789266088977456,9.612745854703416e-4,2.371227245917632e-6
zooc,NorESM2-MM,ssp126,r1i1p1f1,2079,0.0012340272480195064,0.0010607426520437002,9.991390066126612e-4,2.4646294313292407e-6
zooc,NorESM2-MM,ssp126,r1i1p1f1,2080,0.0012454046921157136,0.0010600073728710413,0.0010506974393113219,2.591811364795271e-6
zooc,NorESM2-MM,ssp126,r1i1p1f1,2081,0.001230504593342828,0.0010312668164260685,0.0010118563609123196,2.496000006882929e-6
zooc,NorESM2-MM,ssp126,r1i1p1f1,2082,0.001234693087460773,0.0010511632426641881,0.0010130383815812676,2.4989157602564315e-6
zooc,NorESM2-MM,ssp126,r1i1p1f1,2083,0.0012471762779165047,0.0010505056707188487,0.0010035204974443719,2.475437488251714e-6
zooc,NorESM2-MM,ssp126,r1i1p1f1,2084,0.0012547160965325488,0.0010580839007161558,0.0010187171389143003,2.512923853588529e-6
zooc,NorESM2-MM,ssp126,r1i1p1f1,2085,0.0012183096445053177,0.0010539433569647372,9.760794685211375e-4,2.4077472398853233e-6
zooc,NorESM2-MM,ssp126,r1i1p1f1,2086,0.0012039414151002916,0.0010367536451667547,9.51619386372529e-4,2.3474102517813623e-6
zooc,NorESM2-MM,ssp126,r1i1p1f1,2087,0.0012473004779084758,0.0010395008721388876,0.0010544941838775252,2.601176996943723e-6
zooc,NorESM2-MM,ssp126,r1i1p1f1,2088,0.0012272026934903096,0.001041395589709282,9.985521690023575e-4,2.463181847723563e-6
zooc,NorESM2-MM,ssp126,r1i1p1f1,2089,0.0012157087221046242,0.0010287691839039326,0.0010111842938176953,2.4943421831664325e-6
zooc,NorESM2-MM,ssp126,r1i1p1f1,2090,0.0012390575752961263,0.001055191969498992,9.989192920530075e-4,2.464087449716442e-6
zooc,NorESM2-MM,ssp126,r1i1p1f1,2091,0.001223293400476122,0.0010616068029776216,9.746275224247318e-4,2.4041656470756928e-6
zooc,NorESM2-MM,ssp126,r1i1p1f1,2092,0.001242900717063598,0.0010842571500688791,0.0010281058433678418,2.536083471184382e-6
zooc,NorESM2-MM,ssp126,r1i1p1f1,2093,0.001249443155250687,0.001057865796610713,0.00102607845399452,2.5310824017784413e-6
zooc,NorESM2-MM,ssp126,r1i1p1f1,2094,0.0012338699515957224,0.0010400284081697464,9.899065427902442e-4,2.4418552208241826e-6
zooc,NorESM2-MM,ssp126,r1i1p1f1,2095,0.0012421199551709977,0.0010437237215228379,0.0010371114819696361,2.5582981598303052e-6
zooc,NorESM2-MM,ssp126,r1i1p1f1,2096,0.0012684447252880842,0.001068982994183898,0.0010356427533398408,2.5546751686512286e-6
zooc,NorESM2-MM,ssp126,r1i1p1f1,2097,0.0012337455278821166,0.0010556929628364742,9.582657902726518e-4,2.363805290465999e-6
zooc,NorESM2-MM,ssp126,r1i1p1f1,2098,0.0012287755158255783,0.0010730237700045109,9.601463255708611e-4,2.3684441070990652e-6
zooc,NorESM2-MM,ssp126,r1i1p1f1,2099,0.0012441022295702944,0.0010829489910975099,9.928751624558344e-4,2.449178073149848e-6
zooc,NorESM2-MM,ssp126,r1i1p1f1,2100,0.0012367336523859609,0.0010708304471336305,9.718677003428584e-4,2.3973578468765214e-6
zooc,NorESM2-MM,ssp245,r1i1p1f1,2015,0.0012265422871616297,0.0010840307804755867,9.723950400609527e-4,2.398658663860867e-6
zooc,NorESM2-MM,ssp245,r1i1p1f1,2016,0.00123353065039784,0.0010872652055695653,0.0010159801090265158,2.5061722761091034e-6
zooc,NorESM2-MM,ssp245,r1i1p1f1,2017,0.0012196941254749235,0.001047462981659919,9.877773062296562e-4,2.436602919534016e-6
zooc,NorESM2-MM,ssp245,r1i1p1f1,2018,0.00124104378582067,0.0010531395091675222,9.977986590521625e-4,2.4613231245751736e-6
zooc,NorESM2-MM,ssp245,r1i1p1f1,2019,0.0012445579456683209,0.001062704948708415,0.0010072895149148408,2.4847347244955527e-6
zooc,NorESM2-MM,ssp245,r1i1p1f1,2020,0.001236271236136472,0.0010745692416094244,9.948204750662012e-4,2.45397667943077e-6
zooc,NorESM2-MM,ssp245,r1i1p1f1,2021,0.0012310893196595272,0.0010444579529576004,0.001011546926957847,2.4952367096578197e-6
zooc,NorESM2-MM,ssp245,r1i1p1f1,2022,0.0012463122255475612,0.0010577383218333125,0.0010121742519061878,2.4967841655377876e-6
zooc,NorESM2-MM,ssp245,r1i1p1f1,2023,0.001237140237630011,0.0010516069596633315,0.001000632598281187,2.4683137534908954e-6
zooc,NorESM2-MM,ssp245,r1i1p1f1,2024,0.001242552444224279,0.0010581790120340884,0.0010243434523328832,2.5268025807221377e-6
zooc,NorESM2-MM,ssp245,r1i1p1f1,2025,0.0012777846395215626,0.0010613584308885038,0.0010699917772242732,2.6394057363126934e-6
zooc,NorESM2-MM,ssp245,r1i1p1f1,2026,0.0012509069521458233,0.0010495662572793663,0.001047779823162352,2.58461432556201e-6
zooc,NorESM2-MM,ssp245,r1i1p1f1,2027,0.0012453297009165378,0.0010525024263188243,0.0010352052658530056,2.553595994953919e-6
zooc,NorESM2-MM,ssp245,r1i1p1f1,2028,0.0012555029881990182,0.0010678177932277322,0.0010229747842457684,2.523426414215877e-6
zooc,NorESM2-MM,ssp245,r1i1p1f1,2029,0.0012566632538203203,0.0010638957610353827,0.0010184465092537495,2.512256276983102e-6
zooc,NorESM2-MM,ssp245,r1i1p1f1,2030,0.0012193497778314273,0.0010664687142707407,9.792389489786898e-4,2.4155408986974163e-6
zooc,NorESM2-MM,ssp245,r1i1p1f1,2031,0.00124667257380872,0.0010892992140725255,0.0010110796791298002,2.494084124540927e-6
zooc,NorESM2-MM,ssp245,r1i1p1f1,2032,0.001243301955047325,0.0010642380802892148,0.0010136237206554229,2.5003596473431352e-6
zooc,NorESM2-MM,ssp245,r1i1p1f1,2033,0.0012301600821315378,0.0010743829188868403,9.881222375033008e-4,2.4374537798879647e-6
zooc,NorESM2-MM,ssp245,r1i1p1f1,2034,0.0012295037293382227,0.0010627059382386506,9.9909559666185e-4,2.4645223496902755e-6
zooc,NorESM2-MM,ssp245,r1i1p1f1,2035,0.0012709525258126982,0.0010784371988847852,0.0010355590015770834,2.5544685737149366e-6
zooc,NorESM2-MM,ssp245,r1i1p1f1,2036,0.001259630669761315,0.0010674793738871813,9.989633394124212e-4,2.464196103685174e-6
zooc,NorESM2-MM,ssp245,r1i1p1f1,2037,0.0012237542955750298,0.0010601854301057756,9.553590888389065e-4,2.3566351751424233e-6
zooc,NorESM2-MM,ssp245,r1i1p1f1,2038,0.0012233623242096892,0.001059617381542921,9.904730304574122e-4,2.443252606140687e-6
zooc,NorESM2-MM,ssp245,r1i1p1f1,2039,0.0012481697616425092,0.0010512266890145838,0.0010359579825377488,2.5554527613121456e-6
zooc,NorESM2-MM,ssp245,r1i1p1f1,2040,0.0012628920954556562,0.0010714965756051242,0.0010193799899615556,2.5145589435898605e-6
zooc,NorESM2-MM,ssp245,r1i1p1f1,2041,0.0012462703932432828,0.00106017233338207,9.93619719681945e-4,2.4510147121366513e-6
zooc,NorESM2-MM,ssp245,r1i1p1f1,2042,0.0012349352658228788,0.0010631869081407785,9.92528705948304e-4,2.448323450420194e-6
zooc,NorESM2-MM,ssp245,r1i1p1f1,2043,0.0012498360996938255,0.001054869673680514,0.0010224197808695046,2.522057357811739e-6
zooc,NorESM2-MM,ssp245,r1i1p1f1,2044,0.0012573389467354687,0.0010744307073764503,0.001023416281772256,2.52451547969169e-6
zooc,NorESM2-MM,ssp245,r1i1p1f1,2045,0.0012552409963023255,0.0010786466882564127,0.001007396325928416,2.4849982009146547e-6
zooc,NorESM2-MM,ssp245,r1i1p1f1,2046,0.0012212699314049476,0.001066477329004556,9.449884233280306e-4,2.3310533018781312e-6
zooc,NorESM2-MM,ssp245,r1i1p1f1,2047,0.0012335473009082425,0.0010585641139186919,0.0010011975272352285,2.4697072938466674e-6
zooc,NorESM2-MM,ssp245,r1i1p1f1,2048,0.0012477385999040609,0.0010685381130315363,0.0010011238894164867,2.469525647515047e-6
zooc,NorESM2-MM,ssp245,r1i1p1f1,2049,0.0012303633486720966,0.0010763292666524649,9.674530443855033e-4,2.3864679797712645e-6
zooc,NorESM2-MM,ssp245,r1i1p1f1,2050,0.0012578534889026631,0.001066334021743387,0.0010125406989141639,2.4976880999001766e-6
zooc,NorESM2-MM,ssp245,r1i1p1f1,2051,0.0012427356073159007,0.0010835205321200192,9.90447684128293e-4,2.443190082999953e-6
zooc,NorESM2-MM,ssp245,r1i1p1f1,2052,0.0012247690028948832,0.0010613406775519252,9.706724561825649e-4,2.3944094744122426e-6
zooc,NorESM2-MM,ssp245,r1i1p1f1,2053,0.001223311700946274,0.001047120545990765,0.0010002319704547399,2.467325503482102e-6
zooc,NorESM2-MM,ssp245,r1i1p1f1,2054,0.0012391799905472685,0.0010630176402628422,0.00100552184309903,2.4803743142289685e-6
zooc,NorESM2-MM,ssp245,r1i1p1f1,2055,0.001226232823180725,0.0010430541005916893,9.91769004235705e-4,2.446449453721526e-6
zooc,NorESM2-MM,ssp245,r1i1p1f1,2056,0.0012208710004498417,0.0010353688267059624,9.89713236519264e-4,2.4413783819443416e-6
zooc,NorESM2-MM,ssp245,r1i1p1f1,2057,0.001272131701347487,0.0010609517921693623,0.0010537923041417244,2.599445632796533e-6
zooc,NorESM2-MM,ssp245,r1i1p1f1,2058,0.0012460790853642057,0.001077292370609939,9.943806614128121e-4,2.4528917676544614e-6
zooc,NorESM2-MM,ssp245,r1i1p1f1,2059,0.0012369350638163183,0.00105181586695835,9.847490139678946e-4,2.429132869635446e-6
zooc,NorESM2-MM,ssp245,r1i1p1f1,2060,0.0012417522507319836,0.0010860367910936475,9.677945708459619e-4,2.387310441291086e-6
zooc,NorESM2-MM,ssp245,r1i1p1f1,2061,0.0012450532561644413,0.0010463205398991704,0.001013995319454113,2.501276289902216e-6
zooc,NorESM2-MM,ssp245,r1i1p1f1,2062,0.001215092217448893,0.0010598640074022114,9.260824961487173e-4,2.2844170438156264e-6
zooc,NorESM2-MM,ssp245,r1i1p1f1,2063,0.0012467353894528117,0.0010578946094028652,0.0010209367778760661,2.5183991552991885e-6
zooc,NorESM2-MM,ssp245,r1i1p1f1,2064,0.001274011227989874,0.0010768960928544402,0.001038251972918064,2.5611114696290985e-6
zooc,NorESM2-MM,ssp245,r1i1p1f1,2065,0.0012676151540221253,0.0010562858078628778,0.0010385025668084287,2.5617296229325092e-6
zooc,NorESM2-MM,ssp245,r1i1p1f1,2066,0.0012664375581769214,0.0010716427932493389,0.0010446517138106306,2.5768980515284233e-6
zooc,NorESM2-MM,ssp245,r1i1p1f1,2067,0.0012746671831701656,0.0010798543225973845,0.001014365290796041,2.502188917926974e-6
zooc,NorESM2-MM,ssp245,r1i1p1f1,2068,0.0012989960500868084,0.001109258213546127,0.0010525372921195912,2.5963498277624487e-6
zooc,NorESM2-MM,ssp245,r1i1p1f1,2069,0.0012468343255789436,0.0010973192984238267,9.645116402931279e-4,2.3792122615503553e-6
zooc,NorESM2-MM,ssp245,r1i1p1f1,2070,0.0012496360272610855,0.0010623582056723535,0.0010137366812383412,2.500638293232644e-6
zooc,NorESM2-MM,ssp245,r1i1p1f1,2071,0.001259330898377375,0.0010804181220009923,0.001011041440512557,2.4939897993060526e-6
zooc,NorESM2-MM,ssp245,r1i1p1f1,2072,0.0012671154419030943,0.0010750381043180823,9.874994728737796e-4,2.435917573189447e-6
zooc,NorESM2-MM,ssp245,r1i1p1f1,2073,0.001230269728297661,0.0010668944451026618,9.532239007596176e-4,2.351368192923923e-6
zooc,NorESM2-MM,ssp245,r1i1p1f1,2074,0.0012552253577689455,0.0010833371197804809,9.738818924614901e-4,2.4023263619110425e-6
zooc,NorESM2-MM,ssp245,r1i1p1f1,2075,0.001263494367443538,0.0010623818961903453,9.985002695239939e-4,2.4630538245145814e-6
zooc,NorESM2-MM,ssp245,r1i1p1f1,2076,0.0012391415996767295,0.00109738833270967,9.465404430685557e-4,2.334881751678595e-6
zooc,NorESM2-MM,ssp245,r1i1p1f1,2077,0.0012309834513804382,0.0010759897413663566,9.792864967843574e-4,2.41565818740346e-6
zooc,NorESM2-MM,ssp245,r1i1p1f1,2078,0.001251462330890903,0.0010798379662446678,0.0010003809942481072,2.4676931084146193e-6
zooc,NorESM2-MM,ssp245,r1i1p1f1,2079,0.0012395299360084297,0.00109333626460284,9.422791504405568e-4,2.324370194070532e-6
zooc,NorESM2-MM,ssp245,r1i1p1f1,2080,0.0012424395114138376,0.0010715558310039341,9.607853178846533e-4,2.370020343491141e-6
zooc,NorESM2-MM,ssp245,r1i1p1f1,2081,0.001245436551151422,0.0010608613374643028,9.729754823693944e-4,2.4000904718346387e-6
zooc,NorESM2-MM,ssp245,r1i1p1f1,2082,0.0012494458785835302,0.0010430561960674822,0.0010060773088978385,2.4817445113154394e-6
zooc,NorESM2-MM,ssp245,r1i1p1f1,2083,0.0012616233885345742,0.0010895379236899316,9.696337083380239e-4,2.3918471397496565e-6
zooc,NorESM2-MM,ssp245,r1i1p1f1,2084,0.0012365428596033071,0.0010753872920759022,9.357021044694569e-4,2.308146244285472e-6
zooc,NorESM2-MM,ssp245,r1i1p1f1,2085,0.0012625695468035777,0.0010716250399127603,9.95403549454812e-4,2.455414980096957e-6
zooc,NorESM2-MM,ssp245,r1i1p1f1,2086,0.0012382327268955979,0.0010758349671959877,9.649867520758782e-4,2.380384245103382e-6
zooc,NorESM2-MM,ssp245,r1i1p1f1,2087,0.0012469353287917464,0.0010571553721092641,9.76968287543556e-4,2.4099397371327326e-6
zooc,NorESM2-MM,ssp245,r1i1p1f1,2088,0.0012339330636766644,0.0010611891630105674,9.702129332808414e-4,2.39327594478277e-6
zooc,NorESM2-MM,ssp245,r1i1p1f1,2089,0.001246482382375562,0.0010773863759823143,9.641632816343659e-4,2.3783529466828934e-6
zooc,NorESM2-MM,ssp245,r1i1p1f1,2090,0.0012569994880442066,0.0010531420120969415,0.0010076184863155846,2.4855462157805216e-6
zooc,NorESM2-MM,ssp245,r1i1p1f1,2091,0.0012636118744653187,0.0010619600652717054,9.8728033418783e-4,2.435377012115002e-6
zooc,NorESM2-MM,ssp245,r1i1p1f1,2092,0.0012358154480042,0.0010567634017206728,9.587010564074158e-4,2.3648789846357795e-6
zooc,NorESM2-MM,ssp245,r1i1p1f1,2093,0.0012398491553444542,0.0010539610520936549,0.001000311011130676,2.46752047732948e-6
zooc,NorESM2-MM,ssp245,r1i1p1f1,2094,0.0012595874176437858,0.0010594696504995227,0.0010119890589114916,2.49632734010891e-6
zooc,NorESM2-MM,ssp245,r1i1p1f1,2095,0.0012257940204884524,0.0010800836607813835,9.239027762357836e-4,2.279040212549991e-6
zooc,NorESM2-MM,ssp245,r1i1p1f1,2096,0.0012329856037299545,0.001070207159500569,9.742433455440667e-4,2.403217977491524e-6
zooc,NorESM2-MM,ssp245,r1i1p1f1,2097,0.0012675185724057264,0.0010504286619834602,0.0010552519771379989,2.603046285961833e-6
zooc,NorESM2-MM,ssp245,r1i1p1f1,2098,0.0012634293743782963,0.001090568257495761,9.667195176539425e-4,2.3846585502931776e-6
zooc,NorESM2-MM,ssp245,r1i1p1f1,2099,0.0012281103470801026,0.0010453782160766423,9.410256061548182e-4,2.3212780095800273e-6
zooc,NorESM2-MM,ssp245,r1i1p1f1,2100,0.0012661582544902048,0.0010641365661285818,0.0010139077245415928,2.5010602148636043e-6
zooc,NorESM2-MM,ssp370,r1i1p1f1,2015,0.001213661367396067,0.0010920822969637811,9.530048035071018e-4,2.3508277340555374e-6
zooc,NorESM2-MM,ssp370,r1i1p1f1,2016,0.001225658736526957,0.0010698106489144266,0.0010071738495737407,2.4844494066349013e-6
zooc,NorESM2-MM,ssp370,r1i1p1f1,2017,0.0012466092778396077,0.00108331476803869,0.0010265096397653428,2.532146030697047e-6
zooc,NorESM2-MM,ssp370,r1i1p1f1,2018,0.0012172911466639886,0.0010530240251682699,9.907180331028191e-4,2.443856967222205e-6
zooc,NorESM2-MM,ssp370,r1i1p1f1,2019,0.0012009387141395415,0.001050225633662194,9.895811293299105e-4,2.4410525061004243e-6
zooc,NorESM2-MM,ssp370,r1i1p1f1,2020,0.0012350615965229465,0.001055230968631804,0.0010146092924917319,2.5027908099124874e-6
zooc,NorESM2-MM,ssp370,r1i1p1f1,2021,0.001239971795663565,0.0010558879585005343,0.0010171105907290754,2.5089608955677244e-6
zooc,NorESM2-MM,ssp370,r1i1p1f1,2022,0.0012625626721012423,0.0010741670848801732,0.0010322990947906517,2.5464271879257176e-6
zooc,NorESM2-MM,ssp370,r1i1p1f1,2023,0.0012473742458412763,0.0010599108645692468,0.0010067920541858818,2.483507611605946e-6
zooc,NorESM2-MM,ssp370,r1i1p1f1,2024,0.0012273431320080454,0.0010331122321076691,9.999595199844634e-4,2.4666534353882945e-6
zooc,NorESM2-MM,ssp370,r1i1p1f1,2025,0.0012463322462796162,0.0010596923530101776,9.952342400013899e-4,2.4549973354457676e-6
zooc,NorESM2-MM,ssp370,r1i1p1f1,2026,0.0012746588925434386,0.0010775921400636435,0.0010378283513220261,2.5600664996635266e-6
zooc,NorESM2-MM,ssp370,r1i1p1f1,2027,0.0012308006910193015,0.0010554431937634945,9.871845452285343e-4,2.4351407243845522e-6
zooc,NorESM2-MM,ssp370,r1i1p1f1,2028,0.0012330800782123985,0.0010586081771180034,9.902822390985906e-4,2.4427819709286867e-6
zooc,NorESM2-MM,ssp370,r1i1p1f1,2029,0.0012585623169135943,0.0010553612373769283,0.001049193813118787,2.5881022899385074e-6
zooc,NorESM2-MM,ssp370,r1i1p1f1,2030,0.001266207231020409,0.001058208930771798,0.0010452358184948913,2.5783388936797942e-6
zooc,NorESM2-MM,ssp370,r1i1p1f1,2031,0.0012585505221890919,0.0010460676858201623,0.0010479243686029518,2.584970883503106e-6
zooc,NorESM2-MM,ssp370,r1i1p1f1,2032,0.0012383073902021424,0.0010807489743456244,0.0010216491576552585,2.5201564204629555e-6
zooc,NorESM2-MM,ssp370,r1i1p1f1,2033,0.001252885571271897,0.0010679779225029051,0.001032544546291078,2.5470326562218314e-6
zooc,NorESM2-MM,ssp370,r1i1p1f1,2034,0.0012575595377906884,0.0010557862697169185,0.0010365376431650012,2.556882641071272e-6
zooc,NorESM2-MM,ssp370,r1i1p1f1,2035,0.0012456817020148048,0.0010401770705357194,0.0010069603106683254,2.4839226588375105e-6
zooc,NorESM2-MM,ssp370,r1i1p1f1,2036,0.0012334243308406124,0.0010467368992976844,9.784910326445177e-4,2.413695973619752e-6
zooc,NorESM2-MM,ssp370,r1i1p1f1,2037,0.0012338268282697732,0.0010765097686089575,9.932182300205286e-4,2.4500243361936123e-6
zooc,NorESM2-MM,ssp370,r1i1p1f1,2038,0.0012467253912874193,0.0010417948360554874,0.001036372176509054,2.556474475653395e-6
zooc,NorESM2-MM,ssp370,r1i1p1f1,2039,0.0012599098047005352,0.0010651578195393085,0.0010498730788692315,2.5897778709629284e-6
zooc,NorESM2-MM,ssp370,r1i1p1f1,2040,0.0012523633180611586,0.0010899122571572661,0.0010256825734803186,2.5301058622177463e-6
zooc,NorESM2-MM,ssp370,r1i1p1f1,2041,0.001275029502236295,0.0011000435915775597,9.938987575053987e-4,2.4517030296055786e-6
zooc,NorESM2-MM,ssp370,r1i1p1f1,2042,0.0012158318565684402,0.0010635870276018977,9.574560093165203e-4,2.361807760628606e-6
zooc,NorESM2-MM,ssp370,r1i1p1f1,2043,0.0012472231077427787,0.00106439006049186,0.0010016766319227545,2.470889126910685e-6
zooc,NorESM2-MM,ssp370,r1i1p1f1,2044,0.0012317293715299053,0.0010544293909333646,9.954582200911147e-4,2.455549839068901e-6
zooc,NorESM2-MM,ssp370,r1i1p1f1,2045,0.001242125082713889,0.0010592361213639379,0.0010193457519940084,2.514474486970784e-6
zooc,NorESM2-MM,ssp370,r1i1p1f1,2046,0.001256263271257464,0.0010545362601988018,0.0010194416887110609,2.5147111391831667e-6
zooc,NorESM2-MM,ssp370,r1i1p1f1,2047,0.0012237526904200656,0.0010413575218990445,9.726760086284974e-4,2.3993517439991323e-6
zooc,NorESM2-MM,ssp370,r1i1p1f1,2048,0.0012404563797527091,0.0010403516935184598,0.001019805379639644,2.515608274977647e-6
zooc,NorESM2-MM,ssp370,r1i1p1f1,2049,0.0012571125151212268,0.0010678670951165259,0.0010220752918774535,2.521207588457366e-6
zooc,NorESM2-MM,ssp370,r1i1p1f1,2050,0.0012558095362663227,0.0010903309448622167,0.001010633883478166,2.492984456650769e-6
zooc,NorESM2-MM,ssp370,r1i1p1f1,2051,0.0012342455254827204,0.0010498875053599477,9.687998909022445e-4,2.389790317847022e-6
zooc,NorESM2-MM,ssp370,r1i1p1f1,2052,0.0012449665875342772,0.0010581941460259259,0.001005089323185241,2.4793073943088118e-6
zooc,NorESM2-MM,ssp370,r1i1p1f1,2053,0.0012480498782873179,0.0010581917595118284,0.0010052310198280351,2.4796569249685497e-6
zooc,NorESM2-MM,ssp370,r1i1p1f1,2054,0.0012628492456500295,0.0010923175723291934,0.0010063280610648527,2.482363055048296e-6
zooc,NorESM2-MM,ssp370,r1i1p1f1,2055,0.0012415574267679798,0.0010454885195940733,9.946839074467836e-4,2.453639800806319e-6
zooc,NorESM2-MM,ssp370,r1i1p1f1,2056,0.0012226583768116118,0.0010332813253626227,9.515441487676794e-4,2.347224659172098e-6
zooc,NorESM2-MM,ssp370,r1i1p1f1,2057,0.0012165259803708197,0.0010457351454533637,9.62875545539469e-4,2.3751764194346705e-6
zooc,NorESM2-MM,ssp370,r1i1p1f1,2058,0.0012458074641322156,0.0010536463814787567,0.0010270671433548692,2.5335212545104748e-6
zooc,NorESM2-MM,ssp370,r1i1p1f1,2059,0.0012707707465953874,0.0010487709660083055,0.0010479619968240333,2.585063703041241e-6
zooc,NorESM2-MM,ssp370,r1i1p1f1,2060,0.001233321225981159,0.00105477892793715,9.751949820844203e-4,2.4055654300579447e-6
zooc,NorESM2-MM,ssp370,r1i1p1f1,2061,0.001250741781388602,0.0010530985891819,9.72620964170573e-4,2.399215962901473e-6
zooc,NorESM2-MM,ssp370,r1i1p1f1,2062,0.0012628462512201816,0.0010696554672904313,0.001019171210222595,2.5140439354819772e-6
zooc,NorESM2-MM,ssp370,r1i1p1f1,2063,0.0012753485115527285,0.0010852127452380955,0.001017975837381243,2.5110952455932746e-6
zooc,NorESM2-MM,ssp370,r1i1p1f1,2064,0.0012611716462424287,0.0010618732776492834,9.684212416226161e-4,2.388856283490894e-6
zooc,NorESM2-MM,ssp370,r1i1p1f1,2065,0.0012127715836583897,0.0010728645138442516,9.344706500878219e-4,2.305108550138582e-6
zooc,NorESM2-MM,ssp370,r1i1p1f1,2066,0.0012559892475775007,0.0010918027837760746,9.940906316158692e-4,2.4521763356987707e-6
zooc,NorESM2-MM,ssp370,r1i1p1f1,2067,0.0012423528616369547,0.0010578249930404127,0.001008157521493859,2.4868758825797397e-6
zooc,NorESM2-MM,ssp370,r1i1p1f1,2068,0.0012415619152984759,0.0010373818222433329,9.80342952267634e-4,2.418264202442149e-6
zooc,NorESM2-MM,ssp370,r1i1p1f1,2069,0.001277761267752826,0.0010873355204239488,9.690010839555318e-4,2.390286611473063e-6
zooc,NorESM2-MM,ssp370,r1i1p1f1,2070,0.0012693386278758098,0.0010678184335120022,0.001015484445524161,2.5049495965341354e-6
zooc,NorESM2-MM,ssp370,r1i1p1f1,2071,0.0012337627996230822,0.001068378216587007,9.657892273886588e-4,2.3823637537210063e-6
zooc,NorESM2-MM,ssp370,r1i1p1f1,2072,0.0012410158453933415,0.0010906104580499232,9.434472685557121e-4,2.3272516532737322e-6
zooc,NorESM2-MM,ssp370,r1i1p1f1,2073,0.0012657762955159658,0.0010701155406422913,9.78745513767007e-4,2.4143237157657937e-6
zooc,NorESM2-MM,ssp370,r1i1p1f1,2074,0.0012474683032068518,0.0010631443001329899,0.0010241687444072138,2.5263716193717735e-6
zooc,NorESM2-MM,ssp370,r1i1p1f1,2075,0.001212742836172101,0.0010768036590889096,9.236108128483472e-4,2.278320010903589e-6
zooc,NorESM2-MM,ssp370,r1i1p1f1,2076,0.001232907602932381,0.0010886765667237341,9.406974442406482e-4,2.3204685150987267e-6
zooc,NorESM2-MM,ssp370,r1i1p1f1,2077,0.0012564616090258078,0.001040034694597125,0.0010366734134278767,2.55721755281385e-6
zooc,NorESM2-MM,ssp370,r1i1p1f1,2078,0.0012924529813862786,0.0010878985631279647,0.0010506164302020806,2.5916115353085626e-6
zooc,NorESM2-MM,ssp370,r1i1p1f1,2079,0.001261284339251224,0.0010937097831629217,9.633413096989893e-4,2.3763253447073446e-6
zooc,NorESM2-MM,ssp370,r1i1p1f1,2080,0.001247736523804073,0.001065294025465846,9.846829315211564e-4,2.42896986054257e-6
zooc,NorESM2-MM,ssp370,r1i1p1f1,2081,0.0012751746890086084,0.001089138793759048,0.0010334705060326367,2.549316770460358e-6
zooc,NorESM2-MM,ssp370,r1i1p1f1,2082,0.0012483745318811169,0.0010769492364488542,9.525006514891861e-4,2.3495841154068854e-6
zooc,NorESM2-MM,ssp370,r1i1p1f1,2083,0.001232499047494259,0.0010550057631917298,9.44340952105929e-4,2.3294561501110908e-6
zooc,NorESM2-MM,ssp370,r1i1p1f1,2084,0.0012680064505927978,0.0010677665704861283,9.792904151105478e-4,2.4156678529474803e-6
zooc,NorESM2-MM,ssp370,r1i1p1f1,2085,0.0012463898269832654,0.001075604697689414,9.630093409581088e-4,2.375506459723733e-6
zooc,NorESM2-MM,ssp370,r1i1p1f1,2086,0.0012518341670542624,0.0010823914781212807,9.458113973531575e-4,2.333083375761868e-6
zooc,NorESM2-MM,ssp370,r1i1p1f1,2087,0.0012653871372033342,0.0010707338224165142,9.699725815233775e-4,2.3926830562943845e-6
zooc,NorESM2-MM,ssp370,r1i1p1f1,2088,0.0012506205418755952,0.0010890120756812394,9.02382061606833e-4,2.2259539189444886e-6
zooc,NorESM2-MM,ssp370,r1i1p1f1,2089,0.0012272402039183266,0.0010801348253153265,8.935602880136545e-4,2.2041927799134113e-6
zooc,NorESM2-MM,ssp370,r1i1p1f1,2090,0.0012637020312691175,0.0010598577209748328,9.673202648786014e-4,2.386140445485823e-6
zooc,NorESM2-MM,ssp370,r1i1p1f1,2091,0.0012604853267202277,0.0010639237007126212,9.694784557848526e-4,2.3914641700034023e-6
zooc,NorESM2-MM,ssp370,r1i1p1f1,2092,0.0012583094767587223,0.0010536976624280214,9.928376771688974e-4,2.4490856061949845e-6
zooc,NorESM2-MM,ssp370,r1i1p1f1,2093,0.0012848491811714737,0.0011097666574642062,9.61802724597608e-4,2.372530034847183e-6
zooc,NorESM2-MM,ssp370,r1i1p1f1,2094,0.0012446372804005396,0.001067961915396154,9.223723703341836e-4,2.275265078757796e-6
zooc,NorESM2-MM,ssp370,r1i1p1f1,2095,0.0012459747050910964,0.001086515374481678,9.09620830707637e-4,2.2438101764365503e-6
zooc,NorESM2-MM,ssp370,r1i1p1f1,2096,0.001292666978655765,0.0010883554932661355,0.001017529108674227,2.509993276085684e-6
zooc,NorESM2-MM,ssp370,r1i1p1f1,2097,0.001291602226716558,0.0010983781539835036,9.997177714155864e-4,2.466057101310761e-6
zooc,NorESM2-MM,ssp370,r1i1p1f1,2098,0.0012548682871900605,0.0011053791386075318,9.181246060505662e-4,2.2647868922377382e-6
zooc,NorESM2-MM,ssp370,r1i1p1f1,2099,0.0012691310071003851,0.0010876961750909686,9.231409459409233e-4,2.2771609651640272e-6
zooc,NorESM2-MM,ssp370,r1i1p1f1,2100,0.0012713726298917071,0.001075682055670768,9.830874520541614e-4,2.425034206318871e-6
zooc,NorESM2-MM,ssp585,r1i1p1f1,2015,0.001229208505050604,0.0010853508138097823,9.728247669901327e-4,2.399718694177052e-6
zooc,NorESM2-MM,ssp585,r1i1p1f1,2016,0.0012356119510548412,0.001066828379407525,0.0010048467226535986,2.4787089586493246e-6
zooc,NorESM2-MM,ssp585,r1i1p1f1,2017,0.001226118542941225,0.0010505454847589135,9.939772124229875e-4,2.451896558531626e-6
zooc,NorESM2-MM,ssp585,r1i1p1f1,2018,0.0012344003291348354,0.0010644737049005926,9.873104991913147e-4,2.4354514217365787e-6
zooc,NorESM2-MM,ssp585,r1i1p1f1,2019,0.00125993771043874,0.0010805143974721432,0.0010150815503731868,2.503955753595106e-6
zooc,NorESM2-MM,ssp585,r1i1p1f1,2020,0.00124373302927918,0.0010908727999776602,9.960264705913973e-4,2.45695157285979e-6
zooc,NorESM2-MM,ssp585,r1i1p1f1,2021,0.0012430232706824858,0.0010588192380964756,0.0010162304297531037,2.506789755584869e-6
zooc,NorESM2-MM,ssp585,r1i1p1f1,2022,0.0012351546926455668,0.0010635038488544524,9.986080652446003e-4,2.463319729962992e-6
zooc,NorESM2-MM,ssp585,r1i1p1f1,2023,0.001257268404027268,0.001072939543519169,0.0010169290393155627,2.5085130530212106e-6
zooc,NorESM2-MM,ssp585,r1i1p1f1,2024,0.0012576450276555143,0.0010892091668210924,9.718403746160503e-4,2.397290441050027e-6
zooc,NorESM2-MM,ssp585,r1i1p1f1,2025,0.0012395044555203805,0.001072199665941298,0.0010051785308744867,2.4795274476697166e-6
zooc,NorESM2-MM,ssp585,r1i1p1f1,2026,0.0012761696154530975,0.0010705703170970082,0.0010311615103792866,2.5436210478367854e-6
zooc,NorESM2-MM,ssp585,r1i1p1f1,2027,0.001272193774735924,0.0010749532957561314,0.0010445959124267454,2.5767604032811604e-6
zooc,NorESM2-MM,ssp585,r1i1p1f1,2028,0.0012785461391565357,0.0010684476583264768,0.0010465920717981077,2.5816844359770336e-6
zooc,NorESM2-MM,ssp585,r1i1p1f1,2029,0.0012829188581350455,0.0010809875093400478,0.001027472656038729,2.5345215542573605e-6
zooc,NorESM2-MM,ssp585,r1i1p1f1,2030,0.0012501001625938124,0.0010771867237053812,0.0010034251215475401,2.475202219444456e-6
zooc,NorESM2-MM,ssp585,r1i1p1f1,2031,0.00123289222743118,0.0010695240343920887,9.59080472517275e-4,2.3658149105729017e-6
zooc,NorESM2-MM,ssp585,r1i1p1f1,2032,0.0012430438653317796,0.0010512005537748337,0.0010322577922159204,2.5463253046636304e-6
zooc,NorESM2-MM,ssp585,r1i1p1f1,2033,0.0012640420914337648,0.0010913475998677313,0.0010325748034717799,2.547107293221862e-6
zooc,NorESM2-MM,ssp585,r1i1p1f1,2034,0.0012539715687921503,0.0010808816296048462,9.828557985884642e-4,2.4244627743703153e-6
zooc,NorESM2-MM,ssp585,r1i1p1f1,2035,0.0012241606557507716,0.0010933427256532013,9.441937932052297e-4,2.329093145408697e-6
zooc,NorESM2-MM,ssp585,r1i1p1f1,2036,0.0012426526743121956,0.0010707364417612553,0.0010219055266118048,2.5207888194298674e-6
zooc,NorESM2-MM,ssp585,r1i1p1f1,2037,0.00125924533433761,0.0010659430408850312,0.0010182692448538419,2.5118190094415007e-6
zooc,NorESM2-MM,ssp585,r1i1p1f1,2038,0.001251904686293281,0.0010671673226170242,9.961318387505217e-4,2.4572114901129293e-6
zooc,NorESM2-MM,ssp585,r1i1p1f1,2039,0.0012371193398914725,0.0010715200915001333,9.791604246085577e-4,2.4153471984490794e-6
zooc,NorESM2-MM,ssp585,r1i1p1f1,2040,0.0012315065179887045,0.001087766548153013,9.351088883199911e-4,2.3066829263973334e-6
zooc,NorESM2-MM,ssp585,r1i1p1f1,2041,0.0012276681969321322,0.0010713271331042051,9.462805289898868e-4,2.3342406077700254e-6
zooc,NorESM2-MM,ssp585,r1i1p1f1,2042,0.0012614087497432001,0.0010832925327122211,0.001007103154465373,2.4842750192437767e-6
zooc,NorESM2-MM,ssp585,r1i1p1f1,2043,0.0012568035288539761,0.0010752360103651881,0.001000927403291787,2.469040964720584e-6
zooc,NorESM2-MM,ssp585,r1i1p1f1,2044,0.0012652640911337137,0.0010852779378183186,0.0010047526900152342,2.4784770033293092e-6
zooc,NorESM2-MM,ssp585,r1i1p1f1,2045,0.0012450136686848613,0.0010604292619973421,9.950817284162033e-4,2.4546211269913067e-6
zooc,NorESM2-MM,ssp585,r1i1p1f1,2046,0.0012124233043057072,0.0010514018358662724,9.4799401044974e-4,2.3384673437977864e-6
zooc,NorESM2-MM,ssp585,r1i1p1f1,2047,0.0012158384483376876,0.0010803499608300626,9.6068145684741e-4,2.36976414393586e-6
zooc,NorESM2-MM,ssp585,r1i1p1f1,2048,0.0012337218448883187,0.0010498460615053773,0.0010009344078221259,2.469058243168839e-6
zooc,NorESM2-MM,ssp585,r1i1p1f1,2049,0.0012316259402510188,0.0010685303714126348,9.791277255880085e-4,2.415266538032573e-6
zooc,NorESM2-MM,ssp585,r1i1p1f1,2050,0.001258656070229796,0.0010700092534534633,0.0010321644079509204,2.5460949487207445e-6
zooc,NorESM2-MM,ssp585,r1i1p1f1,2051,0.0012604416400058,0.001064483483787626,0.0010313152003843006,2.544000163162232e-6
zooc,NorESM2-MM,ssp585,r1i1p1f1,2052,0.0012452385981176755,0.001080179587006569,9.626732570910487e-4,2.3746774237390814e-6
zooc,NorESM2-MM,ssp585,r1i1p1f1,2053,0.0012394504418980026,0.0010781916789710522,9.49975306821199e-4,2.343354713139755e-6
zooc,NorESM2-MM,ssp585,r1i1p1f1,2054,0.0012730406973804021,0.001080016023479402,0.0010106781237632153,2.4930935865194473e-6
zooc,NorESM2-MM,ssp585,r1i1p1f1,2055,0.0012772557493789022,0.001082092639990151,0.0010318429455036333,2.5453019801714166e-6
zooc,NorESM2-MM,ssp585,r1i1p1f1,2056,0.0012680721512388453,0.0010901566129177809,0.0010021938440641664,2.472164961661934e-6
zooc,NorESM2-MM,ssp585,r1i1p1f1,2057,0.0012734195764224922,0.0010972559684887528,0.001021295349855054,2.519283663907915e-6
zooc,NorESM2-MM,ssp585,r1i1p1f1,2058,0.0012413796996552835,0.0010893094586208463,9.387855154119122e-4,2.3157522583709616e-6
zooc,NorESM2-MM,ssp585,r1i1p1f1,2059,0.0012453352230745716,0.0010967559064738452,9.230205620580775e-4,2.2768640078250026e-6
zooc,NorESM2-MM,ssp585,r1i1p1f1,2060,0.0012448093169705457,0.001071629289072007,9.886507130888829e-4,2.4387573987771723e-6
zooc,NorESM2-MM,ssp585,r1i1p1f1,2061,0.0012083285466503557,0.0010613829363137484,9.356217605385002e-4,2.307948055629485e-6
zooc,NorESM2-MM,ssp585,r1i1p1f1,2062,0.0012461911760822896,0.0010762098827399313,9.756423838819763e-4,2.4066690599138387e-6
zooc,NorESM2-MM,ssp585,r1i1p1f1,2063,0.0012680411792873856,0.0010540119837969542,9.912504909429874e-4,2.4451704093510134e-6
zooc,NorESM2-MM,ssp585,r1i1p1f1,2064,0.0012325421478535656,0.001065294083673507,9.65972094922015e-4,2.3828148428104734e-6
zooc,NorESM2-MM,ssp585,r1i1p1f1,2065,0.0012411596512096324,0.0010766388732008636,0.0010032349391236037,2.474733086324587e-6
zooc,NorESM2-MM,ssp585,r1i1p1f1,2066,0.001264658969075456,0.001095239887945354,9.639873003042494e-4,2.3779188441579203e-6
zooc,NorESM2-MM,ssp585,r1i1p1f1,2067,0.001244198089855593,0.0010753418901003897,9.412704715718904e-4,2.321882032153099e-6
zooc,NorESM2-MM,ssp585,r1i1p1f1,2068,0.0012662686170246387,0.0010714319068938494,9.970568993418942e-4,2.4594933863697767e-6
zooc,NorESM2-MM,ssp585,r1i1p1f1,2069,0.0012523710986082025,0.001088291173800826,9.820116911404219e-4,2.4223805695460813e-6
zooc,NorESM2-MM,ssp585,r1i1p1f1,2070,0.001234246049525997,0.001077278982847929,9.603059426044588e-4,2.368837842941769e-6
zooc,NorESM2-MM,ssp585,r1i1p1f1,2071,0.001256556641826245,0.0010695990058593452,9.923711383991382e-4,2.447934770149955e-6
zooc,NorESM2-MM,ssp585,r1i1p1f1,2072,0.0012516814413194787,0.0010760383447632194,9.419103710312474e-4,2.3234605062494812e-6
zooc,NorESM2-MM,ssp585,r1i1p1f1,2073,0.001228662174768817,0.0010709988418966532,9.497596411217747e-4,2.3428227190662466e-6
zooc,NorESM2-MM,ssp585,r1i1p1f1,2074,0.0012695343596247311,0.0010680235573090613,0.001004129251021081,2.476939133139617e-6
zooc,NorESM2-MM,ssp585,r1i1p1f1,2075,0.0012728193133036555,0.0010601931135170162,0.0010117683652658231,2.4957829433324634e-6
zooc,NorESM2-MM,ssp585,r1i1p1f1,2076,0.0012327136761229973,0.0010586653952486813,9.082009592091354e-4,2.2403077037468125e-6
zooc,NorESM2-MM,ssp585,r1i1p1f1,2077,0.0012383251992158569,0.0010632795165292919,9.436958364644049e-4,2.327864808980189e-6
zooc,NorESM2-MM,ssp585,r1i1p1f1,2078,0.001254596135941307,0.0010529403225518763,0.0010081708554879588,2.486908774253549e-6
zooc,NorESM2-MM,ssp585,r1i1p1f1,2079,0.0012730755869251593,0.0010703405714593828,9.832475054489653e-4,2.425429018557015e-6
zooc,NorESM2-MM,ssp585,r1i1p1f1,2080,0.0012429507438672539,0.0010609726887196302,9.370347836078847e-4,2.31143363493417e-6
zooc,NorESM2-MM,ssp585,r1i1p1f1,2081,0.0012732979220663777,0.001056843961123377,0.0010149360993989924,2.503596961926036e-6
zooc,NorESM2-MM,ssp585,r1i1p1f1,2082,0.0012716374160342302,0.0010677683167159557,9.912037200132662e-4,2.445055037006266e-6
zooc,NorESM2-MM,ssp585,r1i1p1f1,2083,0.0012711705195525538,0.0010974418255500495,9.601569251542541e-4,2.3684702536562683e-6
zooc,NorESM2-MM,ssp585,r1i1p1f1,2084,0.0012498824948157532,0.001110074226744473,8.904094075212875e-4,2.1964203350937293e-6
zooc,NorESM2-MM,ssp585,r1i1p1f1,2085,0.0012255632387917388,0.0010647341259755194,9.418427612691337e-4,2.323293729646378e-6
zooc,NorESM2-MM,ssp585,r1i1p1f1,2086,0.0012368836983174657,0.0010600907262414694,9.563270311831012e-4,2.3590228501041087e-6
zooc,NorESM2-MM,ssp585,r1i1p1f1,2087,0.0012562635629765517,0.0010790739324875176,9.371038240874593e-4,2.311603940764276e-6
zooc,NorESM2-MM,ssp585,r1i1p1f1,2088,0.001269210748559565,0.0010770901571959257,9.579138636062222e-4,2.362937174203886e-6
zooc,NorESM2-MM,ssp585,r1i1p1f1,2089,0.001257102546967414,0.0010853596031665802,9.226527627393574e-4,2.2759567376456373e-6
zooc,NorESM2-MM,ssp585,r1i1p1f1,2090,0.0012468123685901358,0.0010894315782934427,8.917113174836208e-4,2.1996318257760776e-6
zooc,NorESM2-MM,ssp585,r1i1p1f1,2091,0.0012989651949242367,0.0010851313127204776,0.0010129714951064395,2.4987507678246195e-6
zooc,NorESM2-MM,ssp585,r1i1p1f1,2092,0.0012805933405802905,0.0010623123962432146,9.798312211022446e-4,2.4170018879065337e-6
zooc,NorESM2-MM,ssp585,r1i1p1f1,2093,0.0012715631244890845,0.0010968769784085453,9.206914957292134e-4,2.271118775796581e-6
zooc,NorESM2-MM,ssp585,r1i1p1f1,2094,0.0012637423681020226,0.001089393044821918,9.35413755677573e-4,2.30743495895454e-6
zooc,NorESM2-MM,ssp585,r1i1p1f1,2095,0.001284310837208463,0.0010842750198207796,0.0010234426858216612,2.524580611967419e-6
zooc,NorESM2-MM,ssp585,r1i1p1f1,2096,0.0012816264014669648,0.0011079569230787456,9.451621587851685e-4,2.331481864388546e-6
zooc,NorESM2-MM,ssp585,r1i1p1f1,2097,0.0012401182521747185,0.0010902188369072974,8.842673307116384e-4,2.1812693469185528e-6
zooc,NorESM2-MM,ssp585,r1i1p1f1,2098,0.0012854200829449844,0.0010736290132626891,9.697314562514887e-4,2.392088259736747e-6
zooc,NorESM2-MM,ssp585,r1i1p1f1,2099,0.0012956468585682097,0.0011065530125051737,9.553340374364193e-4,2.356573379512929e-6
zooc,NorESM2-MM,ssp585,r1i1p1f1,2100,0.0012654358815876758,0.0011203151079826057,9.086228267017248e-4,2.2413483467719323e-6
zooc,UKESM1-0-LL,historical,r1i1p1f2,1949,0.001828022151841355,0.0015386758605018258,0.001259728387271338,3.0980091499940197e-6
zooc,UKESM1-0-LL,historical,r1i1p1f2,1950,0.0018176595157725222,0.001580924610607326,0.0012500044288641285,3.0740953345842166e-6
zooc,UKESM1-0-LL,historical,r1i1p1f2,1951,0.001788104710257019,0.001513548195362091,0.0012644357723909322,3.109585869484034e-6
zooc,UKESM1-0-LL,historical,r1i1p1f2,1952,0.0017568797209944395,0.0015074029797688127,0.0011963347924082825,2.9421073389995377e-6
zooc,UKESM1-0-LL,historical,r1i1p1f2,1952,0.0017868955750244815,0.0015044939354993403,0.0012170294811444252,2.9930011155537998e-6
zooc,UKESM1-0-LL,historical,r1i1p1f2,1953,0.0017245505946757531,0.0013885307707823813,0.0012692102330993918,3.121327545793428e-6
zooc,UKESM1-0-LL,historical,r1i1p1f2,1954,0.001771194674451595,0.001544837316032499,0.0012195381443529892,2.999170589587182e-6
zooc,UKESM1-0-LL,historical,r1i1p1f2,1955,0.0017515994518016872,0.0014446391724050045,0.0012577099694037208,3.0930453204212544e-6
zooc,UKESM1-0-LL,historical,r1i1p1f2,1956,0.0017655344059485732,0.0014828275889158249,0.0012604465915720098,3.0997754065279907e-6
zooc,UKESM1-0-LL,historical,r1i1p1f2,1957,0.001806027768531723,0.001558955991640687,0.0012416543883368208,3.05356035083867e-6
zooc,UKESM1-0-LL,historical,r1i1p1f2,1958,0.0017921623907844154,0.0015729691949672997,0.001275290698906358,3.1362810380672747e-6
zooc,UKESM1-0-LL,historical,r1i1p1f2,1959,0.001823339223287534,0.001606315083336085,0.0012200632994354658,3.00046208644247e-6
zooc,UKESM1-0-LL,historical,r1i1p1f2,1960,0.0017243570431448498,0.0014690121752209961,0.0012182444649085154,2.995989085703777e-6
zooc,UKESM1-0-LL,historical,r1i1p1f2,1961,0.0017681437156893732,0.0015076156705617905,0.001275127996786265,3.1358809100223213e-6
zooc,UKESM1-0-LL,historical,r1i1p1f2,1962,0.0017781709374517615,0.0014763122308067977,0.001285745607868012,3.1619924564593906e-6
zooc,UKESM1-0-LL,historical,r1i1p1f2,1963,0.0017602860610408334,0.0014829973806627095,0.0012105829681160417,2.9771474152249957e-6
zooc,UKESM1-0-LL,historical,r1i1p1f2,1964,0.001738874783842005,0.0015145950019359589,0.0012022487859703705,2.956651431482871e-6
zooc,UKESM1-0-LL,historical,r1i1p1f2,1965,0.001802851847428613,0.0014958366518840194,0.0012945452239135568,3.183633066690126e-6
zooc,UKESM1-0-LL,historical,r1i1p1f2,1966,0.0017710815083712508,0.0015037093544378877,0.00124434858561424,3.060186102787797e-6
zooc,UKESM1-0-LL,historical,r1i1p1f2,1967,0.001744159484018264,0.001453221426345408,0.0012311284068689356,3.0276741461379802e-6
zooc,UKESM1-0-LL,historical,r1i1p1f2,1968,0.0017193934929580867,0.0015046042390167713,0.00120771759550937,2.9701006973425482e-06
zooc,UKESM1-0-LL,historical,r1i1p1f2,1969,0.001761097174637253,0.0014750901027582586,0.0012538687646711456,3.0835987702531705e-6
zooc,UKESM1-0-LL,historical,r1i1p1f2,1970,0.00180305354680724,0.0014947652234695852,0.001270157171028755,3.123656319519007e-6
zooc,UKESM1-0-LL,historical,r1i1p1f2,1971,0.0018489869030024915,0.0015565387438982725,0.0013076774088600397,3.2159286230455252e-6
zooc,UKESM1-0-LL,historical,r1i1p1f2,1972,0.0017731678423876876,0.00145167694427073,0.0012890139971568418,3.1700303001920935e-6
zooc,UKESM1-0-LL,historical,r1i1p1f2,1973,0.0017813283394854417,0.0015474742976948619,0.0012388216975660201,3.0465940063347943e-6
zooc,UKESM1-0-LL,historical,r1i1p1f2,1974,0.0017805542055393427,0.001519828278105706,0.0012610840901767504,3.101343186162514e-6
zooc,UKESM1-0-LL,historical,r1i1p1f2,1975,0.0017655743651439535,0.0014950174954719841,0.0012180546352214686,2.995522243713588e-6
zooc,UKESM1-0-LL,historical,r1i1p1f2,1976,0.0017673771267723377,0.0015245350659824908,0.0012405893994070093,3.0509412581179407e-6
zooc,UKESM1-0-LL,historical,r1i1p1f2,1977,0.001783376619035975,0.0014772942522540689,0.001260641101793966,3.1002537592058187e-6
zooc,UKESM1-0-LL,historical,r1i1p1f2,1978,0.001772649137204175,0.0014829287538304925,0.0012702627153424438,3.1239158812251983e-6
zooc,UKESM1-0-LL,historical,r1i1p1f2,1979,0.0017719545036944595,0.0015396418748423457,0.0012486035059429564,3.0706500902981616e-6
zooc,UKESM1-0-LL,historical,r1i1p1f2,1980,0.0017412862171354365,0.0014918691013008356,0.0012759796617502791,3.1379753820354192e-6
zooc,UKESM1-0-LL,historical,r1i1p1f2,1981,0.0017734317503201899,0.0015532886609435081,0.0012382421884339354,3.045168838328862e-6
zooc,UKESM1-0-LL,historical,r1i1p1f2,1982,0.0017718156290958225,0.001524708524812013,0.0012638616691558859,3.1081739960252906e-6
zooc,UKESM1-0-LL,historical,r1i1p1f2,1983,0.0017820337087827017,0.001445531437639147,0.0013053099333064384,3.210106367231055e-6
zooc,UKESM1-0-LL,historical,r1i1p1f2,1984,0.0017117820577535606,0.0014385124086402357,0.0012344014935722256,3.035723542069654e-6
zooc,UKESM1-0-LL,historical,r1i1p1f2,1985,0.0017943708092473317,0.0014778419281356037,0.001334127053783726,3.2809753766279886e-6
zooc,UKESM1-0-LL,historical,r1i1p1f2,1986,0.0017988454475179143,0.0014975106460042298,0.0012550937602928873,3.086611362239828e-6
zooc,UKESM1-0-LL,historical,r1i1p1f2,1987,0.0017634354811101437,0.0014665198978036642,0.0012644194980555828,3.1095458465391425e-6
zooc,UKESM1-0-LL,historical,r1i1p1f2,1988,0.0017813535416495894,0.0015095692942850292,0.001278314579206971,3.143717568778532e-6
zooc,UKESM1-0-LL,historical,r1i1p1f2,1989,0.0017951751827400381,0.0014417457859963179,0.0013242163097902358,3.256602205486242e-6
zooc,UKESM1-0-LL,historical,r1i1p1f2,1990,0.0017662673484461452,0.001454687095247209,0.001257428713080232,3.0923536358704685e-6
zooc,UKESM1-0-LL,historical,r1i1p1f2,1991,0.001761509069588219,0.001420420070644468,0.001225102891671805,3.012855792115989e-6
zooc,UKESM1-0-LL,historical,r1i1p1f2,1992,0.0017657263964011272,0.00145099958172068,0.0012685980267327336,3.1198219665393953e-6
zooc,UKESM1-0-LL,historical,r1i1p1f2,1993,0.0017574760679552473,0.0014268274535425007,0.0012835893257748857,3.1566895818699376e-6
zooc,UKESM1-0-LL,historical,r1i1p1f2,1994,0.0018206528608041253,0.001544891158118844,0.00127050445861318,3.12451039260738e-6
zooc,UKESM1-0-LL,historical,r1i1p1f2,1995,0.0017789811970573674,0.0014752636780031025,0.0012570671286698705,3.091464403061941e-6
zooc,UKESM1-0-LL,historical,r1i1p1f2,1996,0.001754865449123203,0.0014405506663024426,0.0012901857022649629,3.172911836547654e-6
zooc,UKESM1-0-LL,historical,r1i1p1f2,1997,0.001776377015212591,0.0014652891550213099,0.0012691812200362224,3.121256194908526e-6
zooc,UKESM1-0-LL,historical,r1i1p1f2,1998,0.0017967129947878031,0.001466641144361347,0.0012949388895817486,3.1846011958951353e-6
zooc,UKESM1-0-LL,historical,r1i1p1f2,1999,0.001721603918421592,0.0014253502013161778,0.0012441357323380424,3.0596626396318267e-6
zooc,UKESM1-0-LL,historical,r1i1p1f2,2000,0.0017658022771374151,0.0014685345231555402,0.0012814868532551916,3.151519039418535e-6
zooc,UKESM1-0-LL,historical,r1i1p1f2,2001,0.0017572137640934407,0.0014131311909295619,0.001275030228541532,3.135640471750212e-6
zooc,UKESM1-0-LL,historical,r1i1p1f2,2002,0.0017031962333108974,0.0013917540200054646,0.0012804740286990342,3.1490282328494218e-6
zooc,UKESM1-0-LL,historical,r1i1p1f2,2003,0.0017337787370453673,0.0014690382522530854,0.0012445765131633615,3.060746637614073e-6
zooc,UKESM1-0-LL,historical,r1i1p1f2,2004,0.0016966550487839862,0.0013886967790313065,0.0012736264489886997,3.1321882022426013e-6
zooc,UKESM1-0-LL,historical,r1i1p1f2,2005,0.001768665317044799,0.0014869673759676516,0.0012560544043897673,3.088973843098474e-6
zooc,UKESM1-0-LL,historical,r1i1p1f2,2006,0.0017575708146807913,0.0015403252327814698,0.0012505604037943373,3.0754626256910597e-6
zooc,UKESM1-0-LL,historical,r1i1p1f2,2007,0.0017995062366054112,0.001528891851194203,0.0012518921377277076,3.0787377157443014e-6
zooc,UKESM1-0-LL,historical,r1i1p1f2,2008,0.001765014050287846,0.0014930164907127619,0.0012430179660771977,3.0569137533332873e-6
zooc,UKESM1-0-LL,historical,r1i1p1f2,2009,0.00174647582331741,0.0014936428633518517,0.0012635315920914334,3.1073622482102776e-6
zooc,UKESM1-0-LL,historical,r1i1p1f2,2010,0.001754307705345073,0.0014402065426111221,0.0012631281756513826,3.1063701392484066e-6
zooc,UKESM1-0-LL,historical,r1i1p1f2,2011,0.0017595517033983786,0.0014995580422692,0.0012376678090094881,3.0437562856464857e-6
zooc,UKESM1-0-LL,historical,r1i1p1f2,2012,0.0017687326000803529,0.0015333747724071145,0.001259203363227112,3.0967179753968498e-6
zooc,UKESM1-0-LL,ssp119,r1i1p1f2,2013,0.0017518329094251288,0.0014585820026695728,0.001254175783238562,3.0843538110545725e-6
zooc,UKESM1-0-LL,ssp119,r1i1p1f2,2014,0.001735114236804695,0.0014783436199650168,0.001251721621080596,3.078318369686599e-6
zooc,UKESM1-0-LL,ssp119,r1i1p1f2,2015,0.001742553486906792,0.0014615384861826897,0.0012800050813508792,3.1478749658514486e-6
zooc,UKESM1-0-LL,ssp119,r1i1p1f2,2016,0.0017629257459548535,0.0014746771194040775,0.0013023323934219357,3.2027838000015884e-6
zooc,UKESM1-0-LL,ssp119,r1i1p1f2,2017,0.0017343729108091378,0.0014253889676183462,0.0012575210602332344,3.0925807422275754e-6
zooc,UKESM1-0-LL,ssp119,r1i1p1f2,2018,0.0016937584007172433,0.0014262808836065233,0.0012374767696167993,3.0432864686664605e-6
zooc,UKESM1-0-LL,ssp119,r1i1p1f2,2019,0.001721650053982722,0.0014571515494026244,0.0012404490130105948,3.0505960104081795e-6
zooc,UKESM1-0-LL,ssp119,r1i1p1f2,2020,0.001697999464465184,0.001448972208891064,0.0012236593928518686,3.00930584230351e-6
zooc,UKESM1-0-LL,ssp119,r1i1p1f2,2021,0.0016870394535968539,0.001480559236370027,0.0011936243946569496,2.9354417457505512e-6
zooc,UKESM1-0-LL,ssp119,r1i1p1f2,2021,0.0016997520969118218,0.001432727207429707,0.001230097082942338,3.025137844667369e-6
zooc,UKESM1-0-LL,ssp119,r1i1p1f2,2022,0.0017286547133710396,0.0014846272533759475,0.0012442963244054892,3.06005757849277e-6
zooc,UKESM1-0-LL,ssp119,r1i1p1f2,2023,0.0017214810364648862,0.0014230969245545566,0.0012552848925163704,3.087081407515613e-6
zooc,UKESM1-0-LL,ssp119,r1i1p1f2,2024,0.0017069694343345822,0.001468310074415058,0.0012334445713198961,3.033370214222553e-6
zooc,UKESM1-0-LL,ssp119,r1i1p1f2,2025,0.001716746936828378,0.0014135345118120313,0.001284631861642231,3.15925345650265e-6
zooc,UKESM1-0-LL,ssp119,r1i1p1f2,2026,0.0016838660011096224,0.001346439472399652,0.0012473550421965214,3.067579783913887e-6
zooc,UKESM1-0-LL,ssp119,r1i1p1f2,2027,0.0016883576587244323,0.0013654855429194868,0.0012639710669865008,3.108443034560628e-6
zooc,UKESM1-0-LL,ssp119,r1i1p1f2,2028,0.0017277777920145898,0.001460521249100566,0.0012981073328261986,3.1923932455637187e-6
zooc,UKESM1-0-LL,ssp119,r1i1p1f2,2029,0.0017250507655244215,0.001391389814671129,0.001324345900890953,3.2569209046755563e-6
zooc,UKESM1-0-LL,ssp119,r1i1p1f2,2030,0.0016729796516429826,0.0014060121611692011,0.0012115695743351216,2.9795737438884075e-6
zooc,UKESM1-0-LL,ssp119,r1i1p1f2,2031,0.0016883249649098902,0.0014365314855240285,0.0012568112428188705,3.090835111290983e-6
zooc,UKESM1-0-LL,ssp119,r1i1p1f2,2032,0.0017288651806755247,0.0014579978887923062,0.001293434900808533,3.1809024851031978e-6
zooc,UKESM1-0-LL,ssp119,r1i1p1f2,2033,0.00167531922094359,0.0013781993766315281,0.0012374495076155827,3.0432194241114044e-6
zooc,UKESM1-0-LL,ssp119,r1i1p1f2,2034,0.001662504494733,0.0013832425465807319,0.0012483633054085747,3.0700593729174413e-6
zooc,UKESM1-0-LL,ssp119,r1i1p1f2,2035,0.001664975004606039,0.0013782488531433046,0.001217448204744627,2.994030868917978e-6
zooc,UKESM1-0-LL,ssp119,r1i1p1f2,2036,0.0016650843161013426,0.0014037308283150196,0.0012057939374407575,2.9653699074689236e-6
zooc,UKESM1-0-LL,ssp119,r1i1p1f2,2037,0.0016542284842144801,0.0013741731527261436,0.0012369024381279337,3.041874033870505e-6
zooc,UKESM1-0-LL,ssp119,r1i1p1f2,2038,0.0016805018978026292,0.001389259414281696,0.0012697736410297268,3.1227131166363127e-6
zooc,UKESM1-0-LL,ssp119,r1i1p1f2,2039,0.0016961376095009023,0.0014306113589555025,0.00125878870582555,3.0956982219030554e-6
zooc,UKESM1-0-LL,ssp119,r1i1p1f2,2040,0.0016830927373099225,0.0014484673738479614,0.0012411555747236255,3.0523336347041167e-6
zooc,UKESM1-0-LL,ssp119,r1i1p1f2,2041,0.0016839811257013963,0.0014478980447165668,0.0012466454987666012,3.065834826778347e-6
zooc,UKESM1-0-LL,ssp119,r1i1p1f2,2042,0.0016657605816358973,0.001426040311343968,0.001235728679270381,3.038987446795603e-6
zooc,UKESM1-0-LL,ssp119,r1i1p1f2,2043,0.0016854623655009151,0.0014745925436727703,0.0012252616275066823,3.013246166004401e-6
zooc,UKESM1-0-LL,ssp119,r1i1p1f2,2044,0.001632195055119874,0.0014147615293040872,0.0011933300972811305,2.934717989762896e-6
zooc,UKESM1-0-LL,ssp119,r1i1p1f2,2045,0.0016440839058637722,0.0013951988075859845,0.0012249540171684222,3.0124896698801634e-6
zooc,UKESM1-0-LL,ssp119,r1i1p1f2,2046,0.0017142897987458777,0.0014423117390833795,0.0012712083105381536,3.12624135280947e-6
zooc,UKESM1-0-LL,ssp119,r1i1p1f2,2047,0.001695695346079891,0.0014682126929983497,0.0012497696507684957,3.073517952431176e-6
zooc,UKESM1-0-LL,ssp119,r1i1p1f2,2048,0.0016534756836610602,0.001420830376446247,0.001229566947750135,3.0238341003898137e-6
zooc,UKESM1-0-LL,ssp119,r1i1p1f2,2049,0.001646699087616276,0.0014185193576849997,0.0012470073919869803,3.0667248190333313e-6
zooc,UKESM1-0-LL,ssp119,r1i1p1f2,2050,0.0017192735272709553,0.0014412025338970125,0.0012952197248196134,3.1852918448837085e-6
zooc,UKESM1-0-LL,ssp119,r1i1p1f2,2051,0.0017428356239100422,0.001488194044213742,0.0012639965628199815,3.108505735636676e-6
zooc,UKESM1-0-LL,ssp119,r1i1p1f2,2052,0.0016611638207211295,0.0014065179857425392,0.0012092677490341658,2.9739129396101975e-6
zooc,UKESM1-0-LL,ssp119,r1i1p1f2,2053,0.0016303065265390216,0.0014238516450859606,0.0012304544083302864,3.026016603400263e-6
zooc,UKESM1-0-LL,ssp119,r1i1p1f2,2054,0.0016927410456680574,0.0014469626476056874,0.0012862686500370024,3.1632787570950974e-6
zooc,UKESM1-0-LL,ssp119,r1i1p1f2,2055,0.0016831082866918662,0.0014156958204694092,0.00126056312567344,3.1000619950626026e-6
zooc,UKESM1-0-LL,ssp119,r1i1p1f2,2056,0.0016727254478779371,0.0014094485668465495,0.0012518383872733544,3.078605528995884e-6
zooc,UKESM1-0-LL,ssp119,r1i1p1f2,2057,0.0016714965645718146,0.0014574258821085095,0.0012348457396287663,3.0368160619826116e-6
zooc,UKESM1-0-LL,ssp119,r1i1p1f2,2058,0.0016303735087378358,0.0014129655319266021,0.0012289222055325232,3.0222485067731806e-6
zooc,UKESM1-0-LL,ssp119,r1i1p1f2,2059,0.001660632812904063,0.0014026205171830952,0.00126838741053038,3.1193040049465462e-6
zooc,UKESM1-0-LL,ssp119,r1i1p1f2,2060,0.0016771887699741582,0.0014400081126950681,0.0012170141805588933,2.99296348732024e-6
zooc,UKESM1-0-LL,ssp119,r1i1p1f2,2061,0.0017084509299191831,0.0014748824760317802,0.001266504825144901,3.1146742237899177e-6
zooc,UKESM1-0-LL,ssp119,r1i1p1f2,2062,0.0016806349054407153,0.0014429125585593283,0.00123261289541287,3.0313249006487457e-6
zooc,UKESM1-0-LL,ssp119,r1i1p1f2,2063,0.0016532581423274837,0.0014182489831000566,0.001238566520111924,3.0459664567013573e-6
zooc,UKESM1-0-LL,ssp119,r1i1p1f2,2064,0.0016620643424775055,0.001445690228138119,0.0012414873528782098,3.0531495659548977e-6
zooc,UKESM1-0-LL,ssp119,r1i1p1f2,2065,0.0016632262414965427,0.0014247376238927245,0.0012321137495272646,3.030097367367435e-6
zooc,UKESM1-0-LL,ssp119,r1i1p1f2,2066,0.0016623862825757847,0.0014050003373995423,0.0012245823231915162,3.0115755749426454e-6
zooc,UKESM1-0-LL,ssp119,r1i1p1f2,2067,0.0016714799484810912,0.00146633229451254,0.0012410655399255407,3.0521122150464326e-6
zooc,UKESM1-0-LL,ssp119,r1i1p1f2,2068,0.0017083348751646154,0.0014736131997779012,0.0012758250785086466,3.1375952204848402e-6
zooc,UKESM1-0-LL,ssp119,r1i1p1f2,2069,0.0016992305805130646,0.001412530429661274,0.0012769957388549164,3.140474187491478e-6
zooc,UKESM1-0-LL,ssp119,r1i1p1f2,2070,0.001688748081684568,0.0014328089309856296,0.001270650794999088,3.124870272933251e-6
zooc,UKESM1-0-LL,ssp119,r1i1p1f2,2071,0.0016853016027291272,0.001460665080230683,0.0012350399283142855,3.037293623916313e-6
zooc,UKESM1-0-LL,ssp119,r1i1p1f2,2072,0.0016465621421971437,0.001403347821906209,0.001232112690827276,3.0300947637409033e-6
zooc,UKESM1-0-LL,ssp119,r1i1p1f2,2073,0.0016676513056040013,0.0014119594125077128,0.0012500047534141692,3.074096132739601e-6
zooc,UKESM1-0-LL,ssp119,r1i1p1f2,2074,0.0017046056957925944,0.0014910366735421121,0.0012528485554102048,3.0810898027191853e-6
zooc,UKESM1-0-LL,ssp119,r1i1p1f2,2075,0.001713891443918414,0.0014836046029813588,0.0012452968065738278,3.0625180318279787e-6
zooc,UKESM1-0-LL,ssp119,r1i1p1f2,2076,0.0016805693968540893,0.0014741172199137509,0.001216735080967268,2.9922771067501496e-6
zooc,UKESM1-0-LL,ssp119,r1i1p1f2,2077,0.0016506120010252295,0.0014405679539777339,0.0012345309013068683,3.036041790312731e-6
zooc,UKESM1-0-LL,ssp119,r1i1p1f2,2078,0.0017036860015114221,0.0014589896891266108,0.0012798566711979848,3.147509985577713e-6
zooc,UKESM1-0-LL,ssp119,r1i1p1f2,2079,0.0016845429162715166,0.0014416698249988258,0.0012340497366968611,3.0348584777990832e-6
zooc,UKESM1-0-LL,ssp119,r1i1p1f2,2080,0.0016813860146643396,0.0014493383350782096,0.00123633185979757,3.0404708290954787e-6
zooc,UKESM1-0-LL,ssp119,r1i1p1f2,2081,0.0016621363026420415,0.0014477563090622425,0.0012166725648006939,2.992123362770077e-6
zooc,UKESM1-0-LL,ssp119,r1i1p1f2,2082,0.0016860028991831377,0.0014276838046498597,0.001253007560839669,3.0814808396128174e-6
zooc,UKESM1-0-LL,ssp119,r1i1p1f2,2083,0.0016602871846124565,0.0013861958868801594,0.0012626323823286979,3.1051508508163104e-6
zooc,UKESM1-0-LL,ssp119,r1i1p1f2,2084,0.0016704873296841077,0.001432131277397275,0.0012406573093898213,3.0511082669352807e-6
zooc,UKESM1-0-LL,ssp119,r1i1p1f2,2085,0.0017145103116390505,0.0014602912706322968,0.0012903348199649232,3.173278556868932e-6
zooc,UKESM1-0-LL,ssp119,r1i1p1f2,2086,0.0016687839485583702,0.001428269490133971,0.0012196560442032385,2.9994605368635516e-6
zooc,UKESM1-0-LL,ssp119,r1i1p1f2,2087,0.0016526123973880568,0.0014449231675826013,0.0012206236778496418,3.0018402068945597e-6
zooc,UKESM1-0-LL,ssp119,r1i1p1f2,2088,0.0016881770139663878,0.0014763771905563772,0.00125055999585682,3.075461622463559e-6
zooc,UKESM1-0-LL,ssp119,r1i1p1f2,2089,0.0017076576909955076,0.0015200573834590614,0.0012547755460807046,3.0858287883525033e-6
zooc,UKESM1-0-LL,ssp119,r1i1p1f2,2090,0.0016510077922556095,0.0014137053512968123,0.0012108289676600389,2.97775239392191e-6
zooc,UKESM1-0-LL,ssp119,r1i1p1f2,2090,0.0016889508648166003,0.001422859204467386,0.0012393380589564153,3.0478638771484643e-6
zooc,UKESM1-0-LL,ssp119,r1i1p1f2,2091,0.0016505246013264027,0.0014381608925759792,0.0012290041856879493,3.022450117909513e-6
zooc,UKESM1-0-LL,ssp119,r1i1p1f2,2092,0.0016898334514392334,0.001466891379095614,0.0012804805963549026,3.1490443844724063e-6
zooc,UKESM1-0-LL,ssp119,r1i1p1f2,2093,0.0017154382903710342,0.0014889566809870303,0.0012293371699619972,3.0232690153307573e-6
zooc,UKESM1-0-LL,ssp119,r1i1p1f2,2094,0.0016382462273945256,0.00140471407212317,0.0012328546483241437,3.0319194357395885e-6
zooc,UKESM1-0-LL,ssp119,r1i1p1f2,2095,0.0016676713602864176,0.0014160576392896473,0.0012471507238234212,3.0670773103681827e-6
zooc,UKESM1-0-LL,ssp119,r1i1p1f2,2096,0.0016356127789359874,0.0014162286533974111,0.0012124608229793438,2.98176556276192e-6
zooc,UKESM1-0-LL,ssp126,r1i1p1f2,2013,0.0017600293729414167,0.0014732594136148691,0.001266373464428509,3.114351172642191e-6
zooc,UKESM1-0-LL,ssp126,r1i1p1f2,2014,0.001737603839382659,0.0014562662690877914,0.0012923879614526374,3.1783277811139683e-6
zooc,UKESM1-0-LL,ssp126,r1i1p1f2,2015,0.0017675321929245702,0.001492436567787081,0.0012567105349413968,3.090587443675454e-6
zooc,UKESM1-0-LL,ssp126,r1i1p1f2,2016,0.0017576247835272443,0.0015231563011184335,0.001258158136310662,3.0941474827543873e-6
zooc,UKESM1-0-LL,ssp126,r1i1p1f2,2017,0.001725351984230006,0.0014680814929306507,0.001261579047915993,3.102560419671362e-6
zooc,UKESM1-0-LL,ssp126,r1i1p1f2,2018,0.0017318471940257823,0.001414397673215717,0.0012833635480777822,3.1561343341049757e-6
zooc,UKESM1-0-LL,ssp126,r1i1p1f2,2019,0.0017054134668617158,0.0014751665876246989,0.0012263769477960393,3.0159890370046218e-6
zooc,UKESM1-0-LL,ssp126,r1i1p1f2,2020,0.0017445263177867287,0.001486707420554012,0.0012809844820045695,3.150283574101688e-6
zooc,UKESM1-0-LL,ssp126,r1i1p1f2,2021,0.001705285450788703,0.0014395064790733159,0.0012350792330387706,3.0373902847499683e-6
zooc,UKESM1-0-LL,ssp126,r1i1p1f2,2021,0.0017290278265854023,0.0015015212120488286,0.0012348368665985082,3.03679424082719e-6
zooc,UKESM1-0-LL,ssp126,r1i1p1f2,2022,0.0017288889563695984,0.0014626315096393228,0.0012500521909551518,3.0742127943449937e-6
zooc,UKESM1-0-LL,ssp126,r1i1p1f2,2023,0.0017386603905285168,0.0014805112150497735,0.0012467811319749357,3.0661683851268842e-6
zooc,UKESM1-0-LL,ssp126,r1i1p1f2,2024,0.0016937180574298986,0.0014413424651138484,0.0012328788256992609,3.031978894373761e-6
zooc,UKESM1-0-LL,ssp126,r1i1p1f2,2025,0.0017432719374166818,0.0015353786875493824,0.0012362121084424592,3.0401763284732765e-6
zooc,UKESM1-0-LL,ssp126,r1i1p1f2,2026,0.0017196021721903535,0.0014084833674132824,0.0012485483759430915,3.0705145108782275e-6
zooc,UKESM1-0-LL,ssp126,r1i1p1f2,2027,0.0017351285806803441,0.0014493321650661528,0.0012512091159633813,3.0770579824804417e-6
zooc,UKESM1-0-LL,ssp126,r1i1p1f2,2028,0.0017063724739816853,0.0014587363693863153,0.0012372712809606678,3.0427811170816687e-6
zooc,UKESM1-0-LL,ssp126,r1i1p1f2,2029,0.0017091129141544566,0.001396648061927408,0.0012874827992549792,3.166264674872895e-6
zooc,UKESM1-0-LL,ssp126,r1i1p1f2,2030,0.0017141779432283222,0.0014760155463591218,0.001230854998117656,3.027001760866908e-6
zooc,UKESM1-0-LL,ssp126,r1i1p1f2,2031,0.0016920762049863864,0.0014824435347691178,0.0012317191948700717,3.029127051900619e-6
zooc,UKESM1-0-LL,ssp126,r1i1p1f2,2032,0.001692032446825413,0.0014268056256696582,0.0012307885512537456,3.026838350250411e-6
zooc,UKESM1-0-LL,ssp126,r1i1p1f2,2033,0.0016738991065438562,0.001414461003150791,0.0012227821293711086,3.0071484166887414e-6
zooc,UKESM1-0-LL,ssp126,r1i1p1f2,2034,0.0017058956449981766,0.0015290260198526084,0.0012401065005623352,3.049753680657245e-6
zooc,UKESM1-0-LL,ssp126,r1i1p1f2,2035,0.0017149821830510935,0.0014601894072256982,0.0012391615002049978,3.047429671939683e-6
zooc,UKESM1-0-LL,ssp126,r1i1p1f2,2036,0.0016998613043902307,0.0014469147427007556,0.0012275679747710782,3.018918091000581e-6
zooc,UKESM1-0-LL,ssp126,r1i1p1f2,2037,0.0017144933754989428,0.0014696764410473406,0.0012693745171741611,3.1217315642881897e-6
zooc,UKESM1-0-LL,ssp126,r1i1p1f2,2038,0.0017025711110083691,0.0014442181563936174,0.0012267872883250156,3.0169981741537306e-6
zooc,UKESM1-0-LL,ssp126,r1i1p1f2,2039,0.0016773271211302564,0.0014325223164632916,0.001239679330803105,3.0487031559282103e-6
zooc,UKESM1-0-LL,ssp126,r1i1p1f2,2040,0.0016736980612618037,0.0014671210083179176,0.0012324166887327744,3.030842375926458e-6
zooc,UKESM1-0-LL,ssp126,r1i1p1f2,2041,0.0016650387379109459,0.0014269441599026322,0.001216070252965207,2.9906421168155188e-6
zooc,UKESM1-0-LL,ssp126,r1i1p1f2,2042,0.0016691237923971683,0.0014886143617331982,0.001221940321430398,3.0050781857332355e-6
zooc,UKESM1-0-LL,ssp126,r1i1p1f2,2043,0.0016686069871784369,0.001458128564991057,0.0012399935039372086,3.0494757917233307e-6
zooc,UKESM1-0-LL,ssp126,r1i1p1f2,2044,0.001689512200922989,0.0014784096274524927,0.0012387645040552026,3.0464533521893264e-6
zooc,UKESM1-0-LL,ssp126,r1i1p1f2,2045,0.0016772829295001583,0.0013914878363721073,0.0012681317569107286,3.118675284294609e-6
zooc,UKESM1-0-LL,ssp126,r1i1p1f2,2046,0.0016724929516766995,0.001407748379278928,0.0012270793130909692,3.01771634118568e-6
zooc,UKESM1-0-LL,ssp126,r1i1p1f2,2047,0.0016524309546845867,0.0013774926774203777,0.00124924213407995,3.0722206477547064e-6
zooc,UKESM1-0-LL,ssp126,r1i1p1f2,2048,0.001651383239729326,0.0013771277735941112,0.0012717382995134235,3.1275447375004653e-6
zooc,UKESM1-0-LL,ssp126,r1i1p1f2,2049,0.0016590659246179828,0.0014149363269098103,0.0012188537960097945,2.997487593910953e-6
zooc,UKESM1-0-LL,ssp126,r1i1p1f2,2050,0.0016432850069265567,0.001400529406964779,0.0012072596533126239,2.968974494956365e-6
zooc,UKESM1-0-LL,ssp126,r1i1p1f2,2051,0.0016583801105709297,0.0013872970594093204,0.001238383628264808,3.045516676715807e-6
zooc,UKESM1-0-LL,ssp126,r1i1p1f2,2052,0.0016597165326020656,0.0014950002660043538,0.0012086159247905021,2.9723099293966764e-6
zooc,UKESM1-0-LL,ssp126,r1i1p1f2,2053,0.0016607791057997193,0.0014736492885276675,0.0012635816433289688,3.107485337594799e-6
zooc,UKESM1-0-LL,ssp126,r1i1p1f2,2054,0.0016848335164988048,0.0014781560748815536,0.0012656019261825908,3.112453753667135e-6
zooc,UKESM1-0-LL,ssp126,r1i1p1f2,2055,0.0016412290631422676,0.0013997755013406277,0.0012240690513059505,3.010313302047961e-6
zooc,UKESM1-0-LL,ssp126,r1i1p1f2,2056,0.001623325680250567,0.0014204877079464495,0.0012133655825416105,2.983990608597807e-6
zooc,UKESM1-0-LL,ssp126,r1i1p1f2,2057,0.0016902064810180915,0.0014542518183588982,0.0013246176013551,3.25758908881151e-6
zooc,UKESM1-0-LL,ssp126,r1i1p1f2,2058,0.0016762555853840268,0.0013915597810409963,0.0012696178852010897,3.122330071380559e-6
zooc,UKESM1-0-LL,ssp126,r1i1p1f2,2059,0.0016550810553938226,0.00138278171652928,0.0012404911900936884,3.0506997351401647e-6
zooc,UKESM1-0-LL,ssp126,r1i1p1f2,2060,0.001614504943172782,0.0013794919359497726,0.0012295905273615822,3.023892088963188e-6
zooc,UKESM1-0-LL,ssp126,r1i1p1f2,2061,0.001670336592424342,0.0014039441011846066,0.0013578540335771575,3.3393263681945074e-6
zooc,UKESM1-0-LL,ssp126,r1i1p1f2,2062,0.0016541107379583462,0.001402897178195417,0.0012517195001167407,3.0783131536690057e-6
zooc,UKESM1-0-LL,ssp126,r1i1p1f2,2063,0.001609517947257501,0.0014093484496697783,0.0011945160184494024,2.937634487213935e-6
zooc,UKESM1-0-LL,ssp126,r1i1p1f2,2064,0.0015805202596702289,0.0013708684127777815,0.001238088405529367,3.0447906450212575e-6
zooc,UKESM1-0-LL,ssp126,r1i1p1f2,2065,0.0015831812505440871,0.0013174914056435227,0.0012870847135363877,3.1652856755813494e-6
zooc,UKESM1-0-LL,ssp126,r1i1p1f2,2066,0.0015760881391624498,0.0013496233732439578,0.0011935373627863452,2.9352277110949877e-6
zooc,UKESM1-0-LL,ssp126,r1i1p1f2,2067,0.0015810225626027297,0.0014416336780413985,0.0011938996513540029,2.9361186756147064e-6
zooc,UKESM1-0-LL,ssp126,r1i1p1f2,2068,0.0016484874335667555,0.001441151020117104,0.0012970406111970543,3.189769891671739e-6
zooc,UKESM1-0-LL,ssp126,r1i1p1f2,2069,0.0016399574050741093,0.0014384208479896188,0.0012552954502838916,3.087107371890723e-6
zooc,UKESM1-0-LL,ssp126,r1i1p1f2,2070,0.0016397491960785035,0.0014162008883431554,0.0012441281624413843,3.0596440232305865e-6
zooc,UKESM1-0-LL,ssp126,r1i1p1f2,2071,0.0016452474007785326,0.0014854297041893005,0.0012600605257793716,3.0988259674503464e-6
zooc,UKESM1-0-LL,ssp126,r1i1p1f2,2072,0.0016411755739630795,0.0014393262099474669,0.0012575889543112813,3.0927477119308426e-6
zooc,UKESM1-0-LL,ssp126,r1i1p1f2,2073,0.0016387923020432967,0.0013981147203594446,0.001286951489471575,3.164958041961309e-6
zooc,UKESM1-0-LL,ssp126,r1i1p1f2,2074,0.0016427364705275207,0.001457168604247272,0.0012718908413227174,3.1279198786227294e-6
zooc,UKESM1-0-LL,ssp126,r1i1p1f2,2075,0.0016243387031348248,0.001452046213671565,0.001264619568492783,3.110037873273915e-6
zooc,UKESM1-0-LL,ssp126,r1i1p1f2,2076,0.0016311617492393608,0.0014588077319785953,0.0012687785734744777,3.120265979283394e-6
zooc,UKESM1-0-LL,ssp126,r1i1p1f2,2077,0.001639796399402264,0.0014566663885489106,0.0012682547366906906,3.1189777244772995e-6
zooc,UKESM1-0-LL,ssp126,r1i1p1f2,2078,0.0016417244419502292,0.0014811906148679554,0.0012086908640977449,2.972494225203517e-6
zooc,UKESM1-0-LL,ssp126,r1i1p1f2,2079,0.0016503363876052923,0.001479998987633735,0.0012274733236543468,3.0186853185802293e-6
zooc,UKESM1-0-LL,ssp126,r1i1p1f2,2080,0.001643108213774234,0.001436144346371293,0.0012657972799312053,3.1129341808027054e-6
zooc,UKESM1-0-LL,ssp126,r1i1p1f2,2081,0.0016319329395902838,0.0014124472509138286,0.0012288078039513117,3.0219671626763517e-6
zooc,UKESM1-0-LL,ssp126,r1i1p1f2,2082,0.001658355736610774,0.0014938351232558489,0.0012140045404117933,2.9855619769564852e-06
zooc,UKESM1-0-LL,ssp126,r1i1p1f2,2083,0.001630877205980983,0.0014519389951601624,0.0012129876342159903,2.9830611325434228e-6
zooc,UKESM1-0-LL,ssp126,r1i1p1f2,2084,0.0016490049818270898,0.0013832210679538548,0.001261323612544504,3.1019322357500494e-6
zooc,UKESM1-0-LL,ssp126,r1i1p1f2,2085,0.0016503787139854984,0.0013872079434804618,0.0012461016646970967,3.064497393296315e-6
zooc,UKESM1-0-LL,ssp126,r1i1p1f2,2086,0.0015942433439889892,0.001363522547762841,0.0012323459752328334,3.030668472510405e-6
zooc,UKESM1-0-LL,ssp126,r1i1p1f2,2087,0.0016544302990329442,0.0014057750813663006,0.0012814156617911568,3.1513439605608942e-6
zooc,UKESM1-0-LL,ssp126,r1i1p1f2,2088,0.001658703921347202,0.0014721372281201184,0.0012240046436040072,3.0101549062763277e-6
zooc,UKESM1-0-LL,ssp126,r1i1p1f2,2089,0.0016322604914424045,0.0014143030275590718,0.0012227107766101793,3.006972941158881e-6
zooc,UKESM1-0-LL,ssp126,r1i1p1f2,2090,0.0016668922338449867,0.001456372789107263,0.0012457180856591333,3.0635540698137576e-6
zooc,UKESM1-0-LL,ssp126,r1i1p1f2,2090,0.0016787343323375504,0.0014549075858667493,0.0012330803439601736,3.0324744816944144e-6
zooc,UKESM1-0-LL,ssp126,r1i1p1f2,2091,0.00166182829718115,0.0013956730836071074,0.0012819339261605754,3.152618511309133e-6
zooc,UKESM1-0-LL,ssp126,r1i1p1f2,2092,0.0016534010071408637,0.0014428262948058546,0.001274683024431925,3.134786603948751e-6
zooc,UKESM1-0-LL,ssp126,r1i1p1f2,2093,0.0016873164365141784,0.0014340050984174013,0.0012990280695916309,3.1946575836169585e-6
zooc,UKESM1-0-LL,ssp126,r1i1p1f2,2094,0.0016637019403725319,0.0014248102088458836,0.0012320676550973014,3.0299840088313944e-6
zooc,UKESM1-0-LL,ssp126,r1i1p1f2,2095,0.0016362225433529465,0.0014404966495931149,0.0012024842984775168,2.9572306197503175e-6
zooc,UKESM1-0-LL,ssp126,r1i1p1f2,2096,0.001666620858481141,0.0013940039207227528,0.0012690967664425248,3.121048500925705e-6
zooc,UKESM1-0-LL,ssp245,r1i1p1f2,2013,0.0017608814966025563,0.001479719125200063,0.001251806790643942,3.0785278244303465e-6
zooc,UKESM1-0-LL,ssp245,r1i1p1f2,2014,0.0017142410901806778,0.0014228548388928175,0.0012860200870518982,3.1626674742106408e-6
zooc,UKESM1-0-LL,ssp245,r1i1p1f2,2015,0.001756494995222252,0.0015151739353314042,0.0012616822405708324,3.102814198019246e-6
zooc,UKESM1-0-LL,ssp245,r1i1p1f2,2016,0.0017639229877979916,0.0015215846942737699,0.0012499126162422763,3.073869542782224e-6
zooc,UKESM1-0-LL,ssp245,r1i1p1f2,2017,0.001719808284133442,0.0014416027697734535,0.0012472364244149868,3.0672880710524007e-6
zooc,UKESM1-0-LL,ssp245,r1i1p1f2,2018,0.0017384300003946218,0.0014604239840991795,0.0012751555998600072,3.135948793365973e-6
zooc,UKESM1-0-LL,ssp245,r1i1p1f2,2019,0.0017455546412532548,0.0014394988538697362,0.0012655345332368898,3.1122880163823867e-6
zooc,UKESM1-0-LL,ssp245,r1i1p1f2,2020,0.0017079130898897076,0.0013960362412035465,0.0012296918697895405,3.0241413171081354e-6
zooc,UKESM1-0-LL,ssp245,r1i1p1f2,2021,0.0017325250141986483,0.0014302367926575243,0.0012666308441701922,3.1149841382900356e-6
zooc,UKESM1-0-LL,ssp245,r1i1p1f2,2021,0.0017383573812483988,0.0015128712402656674,0.0012412311238182818,3.0525194301413583e-6
zooc,UKESM1-0-LL,ssp245,r1i1p1f2,2022,0.0017204602972565705,0.0014843043754808605,0.001202910875156532,2.958279685936423e-6
zooc,UKESM1-0-LL,ssp245,r1i1p1f2,2023,0.0017294637239649033,0.0014295053551904857,0.0012579669524025842,3.093677310372355e-6
zooc,UKESM1-0-LL,ssp245,r1i1p1f2,2024,0.0017271431676242775,0.0014475478674285114,0.0012434127473511837,3.0578846261114296e-6
zooc,UKESM1-0-LL,ssp245,r1i1p1f2,2025,0.0017053428362518016,0.0013980249059386551,0.0012470117602260556,3.0667355617019586e-6
zooc,UKESM1-0-LL,ssp245,r1i1p1f2,2026,0.0017111394633230006,0.0014271162799559534,0.0012477216695163209,3.068481418585974e-6
zooc,UKESM1-0-LL,ssp245,r1i1p1f2,2027,0.0017030360608267152,0.0014809074928052723,0.001221274770983299,3.0034414191129628e-6
zooc,UKESM1-0-LL,ssp245,r1i1p1f2,2028,0.001723885782937584,0.001544141094200313,0.0012174422415945196,2.994016203936398e-6
zooc,UKESM1-0-LL,ssp245,r1i1p1f2,2029,0.0016914090237732046,0.0014316229498945177,0.0012490449566608483,3.0717357357254773e-06
zooc,UKESM1-0-LL,ssp245,r1i1p1f2,2030,0.0016983112426733474,0.001400848792400211,0.001262279084201205,3.1042819961943873e-6
zooc,UKESM1-0-LL,ssp245,r1i1p1f2,2031,0.0017028338789721984,0.0014011077582836151,0.001272717138901098,3.1299519654474026e-6
zooc,UKESM1-0-LL,ssp245,r1i1p1f2,2032,0.0017058639349486475,0.0014228391228243709,0.0012426914183757873,3.056110685166291e-6
zooc,UKESM1-0-LL,ssp245,r1i1p1f2,2033,0.001708395345011516,0.001451082294806838,0.0012525506127947221,3.0803570821118983e-6
zooc,UKESM1-0-LL,ssp245,r1i1p1f2,2034,0.0017025082191866477,0.001498286030255258,0.0012320904821058246,3.030040146552816e-6
zooc,UKESM1-0-LL,ssp245,r1i1p1f2,2035,0.001689456549370513,0.001421409659087658,0.0012735312307900748,3.131954035216148e-6
zooc,UKESM1-0-LL,ssp245,r1i1p1f2,2036,0.0016705225786701069,0.0014421556261368096,0.0012169804345896788,2.992880496953064e-6
zooc,UKESM1-0-LL,ssp245,r1i1p1f2,2037,0.0016721298041337544,0.0014426676789298654,0.001221592953786941,3.0042239157582825e-6
zooc,UKESM1-0-LL,ssp245,r1i1p1f2,2038,0.001670456935549834,0.0013955201720818877,0.001245472401967187,3.062949867881544e-6
zooc,UKESM1-0-LL,ssp245,r1i1p1f2,2039,0.0016733639019180719,0.0013940081116743386,0.0012569069748285821,3.0910705419163708e-6
zooc,UKESM1-0-LL,ssp245,r1i1p1f2,2040,0.0016642830162105907,0.0014007504214532673,0.0012572026057328933,3.0917975774073794e-6
zooc,UKESM1-0-LL,ssp245,r1i1p1f2,2041,0.0016611921006999767,0.001463942346163094,0.0012478584574403403,3.0688178166893294e-6
zooc,UKESM1-0-LL,ssp245,r1i1p1f2,2042,0.0016706526159789433,0.0014915275969542563,0.0012470265796758965,3.0667720066941243e-6
zooc,UKESM1-0-LL,ssp245,r1i1p1f2,2043,0.0016508562968581167,0.0013505749520845711,0.0012710305817058441,3.125804270058715e-6
zooc,UKESM1-0-LL,ssp245,r1i1p1f2,2044,0.001620835887231006,0.00137973646633327,0.0012586701195642298,3.0954065865582095e-6
zooc,UKESM1-0-LL,ssp245,r1i1p1f2,2045,0.0016489867164299502,0.001406553783454001,0.0012750344832326795,3.135650935174105e-6
zooc,UKESM1-0-LL,ssp245,r1i1p1f2,2046,0.0016970606589584321,0.001429437892511487,0.0012872240201198225,3.165628267742085e-6
zooc,UKESM1-0-LL,ssp245,r1i1p1f2,2047,0.00167376781528786,0.0013867836096324027,0.0012589417250375922,3.096074537086409e-6
zooc,UKESM1-0-LL,ssp245,r1i1p1f2,2048,0.00169078996840831,0.0014690174139104784,0.0012470182919157632,3.066751624874531e-6
zooc,UKESM1-0-LL,ssp245,r1i1p1f2,2049,0.001681225717677421,0.00145684031303972,0.0012319960898293447,3.0298080106898967e-6
zooc,UKESM1-0-LL,ssp245,r1i1p1f2,2050,0.0016448079890005714,0.0013720350689254701,0.0012598670608548902,3.0983501854386825e-6
zooc,UKESM1-0-LL,ssp245,r1i1p1f2,2051,0.0015906319472296386,0.0013840363826602697,0.0012176010812758817,2.9944068332111003e-6
zooc,UKESM1-0-LL,ssp245,r1i1p1f2,2052,0.001628398916429444,0.00140414759516716,0.0012706030527560065,3.1247528619838734e-6
zooc,UKESM1-0-LL,ssp245,r1i1p1f2,2053,0.0016256144404229226,0.0013941810466349125,0.0012429091343053049,3.056646106887799e-6
zooc,UKESM1-0-LL,ssp245,r1i1p1f2,2054,0.0016188725836067835,0.0013931339490227401,0.0012500242584574843,3.0741441008597704e-6
zooc,UKESM1-0-LL,ssp245,r1i1p1f2,2055,0.0016299274068446497,0.0013977066264487803,0.0012491765652252137,3.072059396397683e-6
zooc,UKESM1-0-LL,ssp245,r1i1p1f2,2056,0.0016235737757815238,0.0014245658530853689,0.0012235534398552178,3.0090452755365703e-6
zooc,UKESM1-0-LL,ssp245,r1i1p1f2,2057,0.0016432790463933487,0.0013988556456752121,0.0012616337414734773,3.10269492576271e-6
zooc,UKESM1-0-LL,ssp245,r1i1p1f2,2058,0.0016295216388902685,0.0014623802853748202,0.0011973379886388677,2.94457446693997e-6
zooc,UKESM1-0-LL,ssp245,r1i1p1f2,2059,0.0016044981099217167,0.001409607008099556,0.0012254105019525036,3.013612288098667e-6
zooc,UKESM1-0-LL,ssp245,r1i1p1f2,2060,0.0016274553111701104,0.0013841661857441068,0.001276996538859551,3.140476154916919e-6
zooc,UKESM1-0-LL,ssp245,r1i1p1f2,2061,0.001633769415676657,0.0013925283565185964,0.0012798983520613135,3.1476124899725307e-6
zooc,UKESM1-0-LL,ssp245,r1i1p1f2,2062,0.0016009837213981357,0.0014298231690190732,0.0012479193078864838,3.0689674642171923e-6
zooc,UKESM1-0-LL,ssp245,r1i1p1f2,2063,0.0015750479944031672,0.001398816704750061,0.001242850125221184,3.056500987761814e-6
zooc,UKESM1-0-LL,ssp245,r1i1p1f2,2064,0.0015442242735615125,0.0013177209184505045,0.0012433700784331683,3.057779691825779e-6
zooc,UKESM1-0-LL,ssp245,r1i1p1f2,2065,0.0015694126121622199,0.0013654951471835375,0.001245572983062977,3.063197223706992e-6
zooc,UKESM1-0-LL,ssp245,r1i1p1f2,2066,0.0015535012386964954,0.0013979538343846798,0.001218378598097588,2.9963189551036123e-6
zooc,UKESM1-0-LL,ssp245,r1i1p1f2,2067,0.0015352358635854183,0.0014064977294765413,0.001206949025616968,2.968210578342985e-6
zooc,UKESM1-0-LL,ssp245,r1i1p1f2,2068,0.0016049827804972552,0.001459287479519844,0.0012774685058242713,3.141636847959937e-6
zooc,UKESM1-0-LL,ssp245,r1i1p1f2,2069,0.0015815866483335614,0.0013801236054860055,0.0012655302935456732,3.1122775898473376e-6
zooc,UKESM1-0-LL,ssp245,r1i1p1f2,2070,0.001590650455393275,0.0014437378849834204,0.0012337158126899915,3.034037269323401e-6
zooc,UKESM1-0-LL,ssp245,r1i1p1f2,2071,0.0015764425557995066,0.0014241714961826801,0.0012738650355448142,3.1327749504189356e-6
zooc,UKESM1-0-LL,ssp245,r1i1p1f2,2072,0.0015877138830131994,0.0014163391897454858,0.0012778167619923338,3.1424933030546234e-6
zooc,UKESM1-0-LL,ssp245,r1i1p1f2,2073,0.00155847619576826,0.0013694214867427945,0.001242977411480972,3.0568140187306137e-6
zooc,UKESM1-0-LL,ssp245,r1i1p1f2,2074,0.0015470899996127606,0.0014103781431913376,0.0012408224059112347,3.0515142834537134e-6
zooc,UKESM1-0-LL,ssp245,r1i1p1f2,2075,0.0016087635168425055,0.00140626315260306,0.001327218750005931,3.2639860092923005e-6
zooc,UKESM1-0-LL,ssp245,r1i1p1f2,2076,0.0016014604863301759,0.0014019281370565295,0.0012753724792583894,3.136482157833601e-6
zooc,UKESM1-0-LL,ssp245,r1i1p1f2,2077,0.00158513029073222,0.0014415528276003897,0.0012343978476345833,3.0357145757335056e-6
zooc,UKESM1-0-LL,ssp245,r1i1p1f2,2078,0.001580954655106101,0.0014590530190616846,0.00123385511207542,3.0343798437823132e-6
zooc,UKESM1-0-LL,ssp245,r1i1p1f2,2079,0.0015589604456284838,0.0014376504113897681,0.0012178737055048702,2.9950772891319563e-6
zooc,UKESM1-0-LL,ssp245,r1i1p1f2,2080,0.0015608800250712226,0.00143248972017318,0.0012167762751212749,2.9923784141965237e-6
zooc,UKESM1-0-LL,ssp245,r1i1p1f2,2081,0.0015908880984363007,0.001421326131094247,0.0012516399531610648,3.078117526421872e-6
zooc,UKESM1-0-LL,ssp245,r1i1p1f2,2082,0.0015766470837283932,0.0013861903571523726,0.0012286734934766244,3.021636857283756e-6
zooc,UKESM1-0-LL,ssp245,r1i1p1f2,2083,0.0015738463310905795,0.0013870621914975345,0.0012380235117813458,3.044631053932275e-6
zooc,UKESM1-0-LL,ssp245,r1i1p1f2,2084,0.0015622309164011973,0.0013585240812972188,0.0012107467745370983,2.977550259041479e-6
zooc,UKESM1-0-LL,ssp245,r1i1p1f2,2085,0.001584539535587722,0.001434556266758591,0.0012012291807391897,2.9541439494196763e-6
zooc,UKESM1-0-LL,ssp245,r1i1p1f2,2086,0.0016205501642328143,0.0014551341882906854,0.0012628211721649257,3.105615135535119e-6
zooc,UKESM1-0-LL,ssp245,r1i1p1f2,2087,0.0015983162456711835,0.0014092664932832122,0.001213516176038353,2.984360958298228e-6
zooc,UKESM1-0-LL,ssp245,r1i1p1f2,2088,0.0015567789787068304,0.0014204892213456333,0.0012204921669168318,3.0015167863244696e-6
zooc,UKESM1-0-LL,ssp245,r1i1p1f2,2089,0.0015346408881630803,0.0013696569367311895,0.0012305170314334758,3.0261706103660837e-6
zooc,UKESM1-0-LL,ssp245,r1i1p1f2,2090,0.0015588257868579247,0.0014026727294549346,0.0012546285150673916,3.0854671997519925e-6
zooc,UKESM1-0-LL,ssp245,r1i1p1f2,2090,0.0016015554813221008,0.0014582406729459763,0.0012390260842287098,3.04709664782287e-6
zooc,UKESM1-0-LL,ssp245,r1i1p1f2,2091,0.0015809922223217914,0.0014525109436362982,0.0011893080144360234,2.9248266119213868e-6
zooc,UKESM1-0-LL,ssp245,r1i1p1f2,2092,0.0015970549182162468,0.001432919641956687,0.0012256774792862206,3.0142688567932e-6
zooc,UKESM1-0-LL,ssp245,r1i1p1f2,2093,0.0015829312156923426,0.0014199933502823114,0.0012107758289312584,2.9776217115703456e-6
zooc,UKESM1-0-LL,ssp245,r1i1p1f2,2094,0.0015967350857072039,0.0014285326469689608,0.0012425635453167903,3.055796211101236e-6
zooc,UKESM1-0-LL,ssp245,r1i1p1f2,2095,0.0016794254550113869,0.0015614342992193997,0.0012682296236634887,3.1189159648243128e-6
zooc,UKESM1-0-LL,ssp245,r1i1p1f2,2096,0.0016517247404927156,0.0015420347917824984,0.0012050766713779678,2.9636059583129343e-6
zooc,UKESM1-0-LL,ssp370,r1i1p1f2,2013,0.0017895103475723125,0.0015124541241675615,0.0012959084590166764,3.186985626548053e-6
zooc,UKESM1-0-LL,ssp370,r1i1p1f2,2014,0.0017172806831000896,0.0014747919631190598,0.001256598151672359,3.090311063148268e-6
zooc,UKESM1-0-LL,ssp370,r1i1p1f2,2015,0.001739118263592683,0.0014939256361685693,0.0012484339402450031,3.07023308287887e-6
zooc,UKESM1-0-LL,ssp370,r1i1p1f2,2016,0.001719486059417601,0.0014279292081482708,0.0012734947884562354,3.1318644137669354e-6
zooc,UKESM1-0-LL,ssp370,r1i1p1f2,2017,0.0017189658209873704,0.001474853663239628,0.0012373112264571302,3.0428793537450575e-6
zooc,UKESM1-0-LL,ssp370,r1i1p1f2,2018,0.0017133697916381211,0.0014224880142137408,0.0012535476690703122,3.082809110260226e-6
zooc,UKESM1-0-LL,ssp370,r1i1p1f2,2019,0.0017790346502990682,0.0014680258464068174,0.0013047629306720027,3.2087611414000935e-6
zooc,UKESM1-0-LL,ssp370,r1i1p1f2,2020,0.0017596106944281161,0.0015205753734335303,0.0012705358636505035,3.12458762599671e-6
zooc,UKESM1-0-LL,ssp370,r1i1p1f2,2021,0.0016937344526007962,0.0014172979863360524,0.0012022025571273782,2.956537742389229e-6
zooc,UKESM1-0-LL,ssp370,r1i1p1f2,2021,0.0017455364772344243,0.0014346660464070737,0.0012754728739916249,3.136729055343666e-6
zooc,UKESM1-0-LL,ssp370,r1i1p1f2,2022,0.0016730111629436964,0.0014089855249039829,0.0012269062259064013,3.017290673488614e-6
zooc,UKESM1-0-LL,ssp370,r1i1p1f2,2023,0.0017246468228087324,0.001506604894530028,0.0012323117192225273,3.0305842278157206e-6
zooc,UKESM1-0-LL,ssp370,r1i1p1f2,2024,0.001745728525220816,0.0015004174783825874,0.0012690283826420632,3.1208803268639927e-6
zooc,UKESM1-0-LL,ssp370,r1i1p1f2,2025,0.0016958977580135964,0.0014247000217437744,0.0012604985752067144,3.099903248194172e-6
zooc,UKESM1-0-LL,ssp370,r1i1p1f2,2026,0.0017728869069310279,0.0014878438669256866,0.0012985966991289606,3.1935967282342484e-6
zooc,UKESM1-0-LL,ssp370,r1i1p1f2,2027,0.0017490945104842682,0.001487818721216172,0.0012404519716051954,3.050603286383887e-6
zooc,UKESM1-0-LL,ssp370,r1i1p1f2,2028,0.0016894403124880024,0.0014479849487543106,0.0012286430658259508,3.021562027549702e-6
zooc,UKESM1-0-LL,ssp370,r1i1p1f2,2029,0.0017113859482586426,0.0014138268888927996,0.0012893192513462551,3.170781001915919e-6
zooc,UKESM1-0-LL,ssp370,r1i1p1f2,2030,0.001731109595279061,0.0014603455201722682,0.0012403128803207346,3.0502612237009324e-6
zooc,UKESM1-0-LL,ssp370,r1i1p1f2,2031,0.0017045886507572286,0.0014844819088466465,0.0012234435353721013,3.0087749910071743e-6
zooc,UKESM1-0-LL,ssp370,r1i1p1f2,2032,0.0017134139382161792,0.0014512011548504233,0.0012687558429846336,3.1202100789272276e-6
zooc,UKESM1-0-LL,ssp370,r1i1p1f2,2033,0.0017243434976778528,0.001480566745158285,0.0012552975515260916,3.0871125394074892e-6
zooc,UKESM1-0-LL,ssp370,r1i1p1f2,2034,0.0016992512667555108,0.0015034350799396634,0.001206040062122403,2.965975193912796e-6
zooc,UKESM1-0-LL,ssp370,r1i1p1f2,2035,0.0016560444893030895,0.0014041027752682567,0.001216341203289757,2.9913084561574997e-6
zooc,UKESM1-0-LL,ssp370,r1i1p1f2,2036,0.0016765387321243236,0.0014024249976500869,0.0012339704851246037,3.0346635769788066e-6
zooc,UKESM1-0-LL,ssp370,r1i1p1f2,2037,0.0016712868452002665,0.001438276784028858,0.0012310031093668368,3.0273660060564392e-6
zooc,UKESM1-0-LL,ssp370,r1i1p1f2,2038,0.0016786889187638493,0.001450681476853788,0.0012324947340994802,3.0310343103645575e-6
zooc,UKESM1-0-LL,ssp370,r1i1p1f2,2039,0.0017067914658233888,0.001521424448583275,0.0012241900532992014,3.0106108783239633e-6
zooc,UKESM1-0-LL,ssp370,r1i1p1f2,2040,0.0016613213421105746,0.001413180201780051,0.0012477860706696247,3.068639798252751e-6
zooc,UKESM1-0-LL,ssp370,r1i1p1f2,2041,0.0016731644545792434,0.0014443453983403742,0.0012559551280227079,3.0887296959500605e-6
zooc,UKESM1-0-LL,ssp370,r1i1p1f2,2042,0.0016671358898521938,0.0014526679879054427,0.0012309887723794095,3.0273307475684333e-6
zooc,UKESM1-0-LL,ssp370,r1i1p1f2,2043,0.0016380849192722808,0.001442712265998125,0.0012404212788775747,3.050527804754698e-6
zooc,UKESM1-0-LL,ssp370,r1i1p1f2,2044,0.00165246438003039,0.0014233742258511484,0.0012543370372322254,3.0847503777691834e-6
zooc,UKESM1-0-LL,ssp370,r1i1p1f2,2045,0.0016683737008173442,0.00145951024023816,0.0012235865459633841,3.0091266923142314e-6
zooc,UKESM1-0-LL,ssp370,r1i1p1f2,2046,0.0016438519861854588,0.0014462595572695136,0.0012394317293978867,3.0480942378259683e-6
zooc,UKESM1-0-LL,ssp370,r1i1p1f2,2047,0.0016566369152904831,0.001464844448491931,0.0012505737054367193,3.075495337988588e-6
zooc,UKESM1-0-LL,ssp370,r1i1p1f2,2048,0.00167030610525522,0.001430799311492592,0.0012509943449106487,3.0765298029988628e-6
zooc,UKESM1-0-LL,ssp370,r1i1p1f2,2049,0.0016400733999854108,0.0014434884069487453,0.0012052972562523337,2.9641484355374227e-6
zooc,UKESM1-0-LL,ssp370,r1i1p1f2,2050,0.001673748474226193,0.0015073766699060798,0.0012302966048763143,3.0256285224859595e-6
zooc,UKESM1-0-LL,ssp370,r1i1p1f2,2051,0.0016777621932440767,0.0015076006529852748,0.001243710400580523,3.058616635040764e-6
zooc,UKESM1-0-LL,ssp370,r1i1p1f2,2052,0.0016511811024065427,0.0014848305727355182,0.0012362891977538218,3.0403659117154907e-6
zooc,UKESM1-0-LL,ssp370,r1i1p1f2,2053,0.0017061835207521497,0.001584695593919605,0.0012345221597758753,3.0360202925491854e-6
zooc,UKESM1-0-LL,ssp370,r1i1p1f2,2054,0.0016788094627688999,0.0015536081045866013,0.0012381095934244717,3.0448427517242316e-6
zooc,UKESM1-0-LL,ssp370,r1i1p1f2,2055,0.0016459543522078794,0.0015000372077338398,0.0012312755127646257,3.0280359188942907e-6
zooc,UKESM1-0-LL,ssp370,r1i1p1f2,2056,0.001653284195368012,0.0014561655698344111,0.0012523082890836118,3.079761143271537e-6
zooc,UKESM1-0-LL,ssp370,r1i1p1f2,2057,0.0016251258805126732,0.0013907875400036573,0.0012364958483251792,3.040874120760699e-6
zooc,UKESM1-0-LL,ssp370,r1i1p1f2,2058,0.0016164769396154923,0.0014111432246863842,0.0012349323815926524,3.0370291377532342e-6
zooc,UKESM1-0-LL,ssp370,r1i1p1f2,2059,0.00164471046996612,0.0014690851676277816,0.0012387529246969903,3.046424875449376e-6
zooc,UKESM1-0-LL,ssp370,r1i1p1f2,2060,0.0016012734077912394,0.0013957386836409569,0.001220167935435199,3.000719414361621e-6
zooc,UKESM1-0-LL,ssp370,r1i1p1f2,2061,0.0015652899239484103,0.0013995000626891851,0.0011910552847107213,2.9291236170164706e-6
zooc,UKESM1-0-LL,ssp370,r1i1p1f2,2062,0.0016334559399196395,0.0014469493762589991,0.0012713479142342303,3.126584675649686e-6
zooc,UKESM1-0-LL,ssp370,r1i1p1f2,2063,0.0016218763455914918,0.0014218808501027524,0.001244821615215495,3.061349409138367e-6
zooc,UKESM1-0-LL,ssp370,r1i1p1f2,2064,0.0016137061718967127,0.0014619857538491488,0.001233846207095241,3.0343579440534876e-6
zooc,UKESM1-0-LL,ssp370,r1i1p1f2,2065,0.0016283776028966457,0.0015310687595047057,0.0012425481780358992,3.0557584188459434e-6
zooc,UKESM1-0-LL,ssp370,r1i1p1f2,2066,0.0015987497746433243,0.0014756466262042522,0.0012337837200672695,3.0342042717330355e-6
zooc,UKESM1-0-LL,ssp370,r1i1p1f2,2067,0.0016283519650532182,0.0014717624289914966,0.0013158665180469688,3.236067833567215e-6
zooc,UKESM1-0-LL,ssp370,r1i1p1f2,2068,0.0015913015321822135,0.0014609477366320789,0.0012437648372240046,3.058750509311841e-6
zooc,UKESM1-0-LL,ssp370,r1i1p1f2,2069,0.0015389590670539736,0.0014415689511224627,0.001195776054146276,2.940733252120463e-6
zooc,UKESM1-0-LL,ssp370,r1i1p1f2,2070,0.0015804644595622413,0.0014412179589271545,0.0012757939170742756,3.1375185861803476e-6
zooc,UKESM1-0-LL,ssp370,r1i1p1f2,2071,0.0015668984676236715,0.001397612679284066,0.0012540877793740673,3.0841373860059713e-6
zooc,UKESM1-0-LL,ssp370,r1i1p1f2,2072,0.001558227877663857,0.0014077088562771678,0.0012212965065447107,3.003494872673916e-6
zooc,UKESM1-0-LL,ssp370,r1i1p1f2,2073,0.0015519782035622039,0.001384110248181969,0.0012446243571692032,3.0608642988253054e-6
zooc,UKESM1-0-LL,ssp370,r1i1p1f2,2074,0.0015364748923761737,0.0013956907205283642,0.0012131538397090484,2.9834698763198404e-6
zooc,UKESM1-0-LL,ssp370,r1i1p1f2,2075,0.001548432161288223,0.0014088745811022818,0.0012427806336724498,3.056330089450717e-6
zooc,UKESM1-0-LL,ssp370,r1i1p1f2,2076,0.0015667126801006681,0.0014213548274710774,0.0012755264574781278,3.1368608314734663e-6
zooc,UKESM1-0-LL,ssp370,r1i1p1f2,2077,0.0015375168339159082,0.001419832173269242,0.0011966418808413972,2.942862551619385e-6
zooc,UKESM1-0-LL,ssp370,r1i1p1f2,2078,0.001548806270384407,0.0014611818478442729,0.0012220857181695162,3.0054357552162435e-6
zooc,UKESM1-0-LL,ssp370,r1i1p1f2,2079,0.0015848708689644051,0.0014201495796442032,0.0012939518971858122,3.1821739175195094e-6
zooc,UKESM1-0-LL,ssp370,r1i1p1f2,2080,0.001541327757819132,0.0014331903657875955,0.001195107802271392,2.9390898419664886e-6
zooc,UKESM1-0-LL,ssp370,r1i1p1f2,2081,0.001504510496589505,0.0013574878103099763,0.0011932865347922938,2.9346108579475174e-6
zooc,UKESM1-0-LL,ssp370,r1i1p1f2,2082,0.0015361918270655414,0.0014187484630383551,0.0012064994538380348,2.9671049610537443e-6
zooc,UKESM1-0-LL,ssp370,r1i1p1f2,2083,0.0015872496548309375,0.0014527325402013958,0.0012914919916930366,3.1761243517545855e-6
zooc,UKESM1-0-LL,ssp370,r1i1p1f2,2084,0.0015907742670395668,0.0014585391036234796,0.0012788953318982992,3.145145795029363e-6
zooc,UKESM1-0-LL,ssp370,r1i1p1f2,2085,0.001553321018033974,0.0014605641481466591,0.001225205834167058,3.013108955254519e-6
zooc,UKESM1-0-LL,ssp370,r1i1p1f2,2086,0.0015580640302809532,0.0014392760931514204,0.0012340459729538436,3.0348492217479977e-6
zooc,UKESM1-0-LL,ssp370,r1i1p1f2,2087,0.0015438942839674067,0.0014280774048529565,0.001249830148255527,3.073666731938146e-6
zooc,UKESM1-0-LL,ssp370,r1i1p1f2,2088,0.0015250595495336517,0.0013482595677487552,0.0012804445161313889,3.1489556535493684e-6
zooc,UKESM1-0-LL,ssp370,r1i1p1f2,2089,0.0015360360402809508,0.0013783117174170911,0.0012833438981038042,3.1560860095615296e-6
zooc,UKESM1-0-LL,ssp370,r1i1p1f2,2090,0.0015141173863524207,0.0013936530449427664,0.0011971560033391952,2.9441269163971336e-6
zooc,UKESM1-0-LL,ssp370,r1i1p1f2,2090,0.001543237820389562,0.0014324812218546867,0.0012047512879214042,2.962805753335515e-6
zooc,UKESM1-0-LL,ssp370,r1i1p1f2,2091,0.0015649949380312654,0.0014209630899131298,0.0012818468730778727,3.1524044244873443e-6
zooc,UKESM1-0-LL,ssp370,r1i1p1f2,2092,0.0015109153835456209,0.0013759200810454786,0.0012290792294842713,3.022634670682956e-6
zooc,UKESM1-0-LL,ssp370,r1i1p1f2,2093,0.001518359126618202,0.001387390133459121,0.0012381121985575805,3.0448491584435605e-6
zooc,UKESM1-0-LL,ssp370,r1i1p1f2,2094,0.0014731414749143954,0.0013054868904873729,0.001249410345178726,3.072634323852192e-6
zooc,UKESM1-0-LL,ssp370,r1i1p1f2,2095,0.0014660141382759199,0.0013043833314441144,0.0012504432922466916,3.075174617061706e-6
zooc,UKESM1-0-LL,ssp370,r1i1p1f2,2096,0.0014247207114746318,0.0012911104713566601,0.0012095714156868118,2.9746597371563598e-6
zooc,UKESM1-0-LL,ssp434,r1i1p1f2,2013,0.0017340090693640162,0.0014991856878623366,0.0012689427263108566,3.1206696750278397e-6
zooc,UKESM1-0-LL,ssp434,r1i1p1f2,2014,0.0017231919726473034,0.0014516136143356562,0.0012240045194040474,3.010154600835396e-6
zooc,UKESM1-0-LL,ssp434,r1i1p1f2,2015,0.001696438840256821,0.0014027964207343757,0.001242336115067964,3.055236899269441e-6
zooc,UKESM1-0-LL,ssp434,r1i1p1f2,2016,0.0017484786293669595,0.0014714038115926087,0.0012532195307378372,3.082002130305862e-6
zooc,UKESM1-0-LL,ssp434,r1i1p1f2,2017,0.0017328565424527963,0.0014590382925234735,0.0012527770148165458,3.0809138652583876e-6
zooc,UKESM1-0-LL,ssp434,r1i1p1f2,2018,0.0017177561052516494,0.0014583934680558741,0.0012466826758671813,3.065926255215565e-6
zooc,UKESM1-0-LL,ssp434,r1i1p1f2,2019,0.0017346840861934896,0.0014797955518588424,0.0012573518673180317,3.092164651580807e-6
zooc,UKESM1-0-LL,ssp434,r1i1p1f2,2020,0.0017034636717760936,0.001431065145879984,0.0012678157422413505,3.1178981196715378e-6
zooc,UKESM1-0-LL,ssp434,r1i1p1f2,2021,0.0017251030297191353,0.0014767974498681724,0.0012437485180436482,3.058710376081078e-6
zooc,UKESM1-0-LL,ssp434,r1i1p1f2,2021,0.0017630243619147336,0.0014995099627412856,0.0012701865443728254,3.1237285564310395e-6
zooc,UKESM1-0-LL,ssp434,r1i1p1f2,2022,0.0017479465995506773,0.0014578268164768815,0.0013016546902696947,3.201117146627864e-6
zooc,UKESM1-0-LL,ssp434,r1i1p1f2,2023,0.0017620631060963217,0.0014034168561920524,0.0013479791123453086,3.315041294808169e-6
zooc,UKESM1-0-LL,ssp434,r1i1p1f2,2024,0.0017538106653407224,0.0014538284740410745,0.0012494502140728279,3.072732372129881e-6
zooc,UKESM1-0-LL,ssp434,r1i1p1f2,2025,0.0017695488980900523,0.0015412737848237157,0.0012759474202562635,3.1378960915752857e-6
zooc,UKESM1-0-LL,ssp434,r1i1p1f2,2026,0.0017599500790417308,0.0015113457920961082,0.001283975925729229,3.157640334594132e-6
zooc,UKESM1-0-LL,ssp434,r1i1p1f2,2027,0.0017461446351076746,0.0015054229297675192,0.001249045325041737,3.0717366416726445e-6
zooc,UKESM1-0-LL,ssp434,r1i1p1f2,2028,0.001716283730380795,0.0014008982107043266,0.001266505682262916,3.1146763316724423e-6
zooc,UKESM1-0-LL,ssp434,r1i1p1f2,2029,0.0016973232365988973,0.0014253632980398834,0.0012367100281994571,3.0414008463762856e-6
zooc,UKESM1-0-LL,ssp434,r1i1p1f2,2030,0.001697655894175989,0.001430028467439115,0.001236068421391361,3.0398229635705437e-6
zooc,UKESM1-0-LL,ssp434,r1i1p1f2,2031,0.0017068316177189062,0.0014141389401629567,0.001246152771039184,3.064623077465227e-6
zooc,UKESM1-0-LL,ssp434,r1i1p1f2,2032,0.0016798272626193872,0.001395610859617591,0.001215525103611304,2.9893014486972403e-6
zooc,UKESM1-0-LL,ssp434,r1i1p1f2,2033,0.001685106841900297,0.001398662745486945,0.0012320183386028683,3.029862726376745e-6
zooc,UKESM1-0-LL,ssp434,r1i1p1f2,2034,0.001657871033772374,0.0014387498376891017,0.0012380499622275311,3.0446961026563738e-6
zooc,UKESM1-0-LL,ssp434,r1i1p1f2,2035,0.001704390428747223,0.001425065565854311,0.0012636585402819595,3.1076744477763104e-6
zooc,UKESM1-0-LL,ssp434,r1i1p1f2,2036,0.0016829368938061325,0.0014016483910381794,0.0012604480065738783,3.099778886396175e-6
zooc,UKESM1-0-LL,ssp434,r1i1p1f2,2037,0.0016653820731855193,0.0013983920798636973,0.0012393875662130003,3.0479856287382843e-6
zooc,UKESM1-0-LL,ssp434,r1i1p1f2,2038,0.0016502631488736104,0.00141281564719975,0.0012107722734430958,2.977612967673668e-6
zooc,UKESM1-0-LL,ssp434,r1i1p1f2,2039,0.001654921770789416,0.0014023970579728484,0.0012518786406841723,3.0787045229030565e-6
zooc,UKESM1-0-LL,ssp434,r1i1p1f2,2040,0.0016702320254015604,0.0014394724275916815,0.0012391414742385942,3.047380422730264e-6
zooc,UKESM1-0-LL,ssp434,r1i1p1f2,2041,0.0016669064432160241,0.0014521245611831546,0.0012317655213407214,3.029240981086791e-6
zooc,UKESM1-0-LL,ssp434,r1i1p1f2,2042,0.001653149870955095,0.0014144673477858305,0.0012639001861593248,3.108268719642135e-6
zooc,UKESM1-0-LL,ssp434,r1i1p1f2,2043,0.0016542899710540336,0.0014713359996676445,0.001219225653708712,2.9984020914847015e-6
zooc,UKESM1-0-LL,ssp434,r1i1p1f2,2044,0.0016184792542660398,0.0013994561741128564,0.001222111884027801,3.0055001040625523e-6
zooc,UKESM1-0-LL,ssp434,r1i1p1f2,2045,0.0016473890311267702,0.001377054548356682,0.0012774585127455847,3.141612272305756e-6
zooc,UKESM1-0-LL,ssp434,r1i1p1f2,2046,0.0016408848117826734,0.0013865818618796766,0.0012255449517248422,3.013942936061457e-6
zooc,UKESM1-0-LL,ssp434,r1i1p1f2,2047,0.0016522342757609475,0.0014409962459467351,0.0012332222314531147,3.0328234210021592e-6
zooc,UKESM1-0-LL,ssp434,r1i1p1f2,2048,0.0016712921086122162,0.0014427040005102754,0.0012982313770517014,3.192698303502791e-6
zooc,UKESM1-0-LL,ssp434,r1i1p1f2,2049,0.0016485421815522997,0.0014476794749498367,0.0012293523600217099,3.023306371751756e-6
zooc,UKESM1-0-LL,ssp434,r1i1p1f2,2050,0.001650672817268585,0.0014340811758302152,0.0012663985273005326,3.114412808950175e-6
zooc,UKESM1-0-LL,ssp434,r1i1p1f2,2051,0.0016447805022145956,0.0014246508362703025,0.0011991518461130903,2.9490352277743737e-6
zooc,UKESM1-0-LL,ssp434,r1i1p1f2,2052,0.0016511529344900864,0.0015115785063244402,0.0012050804682581188,2.963615295857097e-6
zooc,UKESM1-0-LL,ssp434,r1i1p1f2,2053,0.0016332656466694366,0.0014552822103723884,0.0012126585041778112,2.9822517137193972e-6
zooc,UKESM1-0-LL,ssp434,r1i1p1f2,2054,0.0016725545608964603,0.0014741704799234867,0.0012351435909698383,3.0375485581217024e-6
zooc,UKESM1-0-LL,ssp434,r1i1p1f2,2055,0.0016816777919120313,0.0014337186585180461,0.001253840082729529,3.0835282336847597e-6
zooc,UKESM1-0-LL,ssp434,r1i1p1f2,2056,0.0016200649014860942,0.0014012301107868552,0.0011934706976119568,2.935063763594615e-6
zooc,UKESM1-0-LL,ssp434,r1i1p1f2,2057,0.0015977829267389318,0.0014266754151321948,0.001205456876498882,2.9645409844307613e-6
zooc,UKESM1-0-LL,ssp434,r1i1p1f2,2058,0.0016524456165254503,0.0014605821343138814,0.0012491256817455303,3.0719342603070502e-6
zooc,UKESM1-0-LL,ssp434,r1i1p1f2,2059,0.001633598469383566,0.0014732421259395778,0.0012314589156842092,3.0284869557437785e-6
zooc,UKESM1-0-LL,ssp434,r1i1p1f2,2060,0.001579809996862805,0.0014062085538171232,0.001239423146377788,3.048073129883122e-6
zooc,UKESM1-0-LL,ssp434,r1i1p1f2,2061,0.0015800951571036767,0.0013434963766485453,0.001262613651435759,3.1051047865390432e-6
zooc,UKESM1-0-LL,ssp434,r1i1p1f2,2062,0.0016030908653831106,0.0013983008684590459,0.0012919005395767996,3.1771290803094847e-6
zooc,UKESM1-0-LL,ssp434,r1i1p1f2,2063,0.0016038695468177184,0.0014447719440795481,0.0012348936041698612,3.036933773695526e-6
zooc,UKESM1-0-LL,ssp434,r1i1p1f2,2064,0.0015725839697657105,0.0013560441439040005,0.0012315761779912548,3.0287753351308337e-6
zooc,UKESM1-0-LL,ssp434,r1i1p1f2,2065,0.001582283796019901,0.0013395753339864314,0.0012673002345230165,3.1166303482658696e-6
zooc,UKESM1-0-LL,ssp434,r1i1p1f2,2066,0.001584762926948502,0.0013771684025414288,0.001215069825899201,2.9881817989916887e-6
zooc,UKESM1-0-LL,ssp434,r1i1p1f2,2067,0.0016370462570110132,0.0014655336854048073,0.00122422897434004,3.0107065955768757e-6
zooc,UKESM1-0-LL,ssp434,r1i1p1f2,2068,0.0016368937466483273,0.0014088205061852932,0.0012558343868249197,3.0884327610398776e-6
zooc,UKESM1-0-LL,ssp434,r1i1p1f2,2069,0.0015928012310314234,0.001413878402672708,0.0012093152585268435,2.9740297781640585e-6
zooc,UKESM1-0-LL,ssp434,r1i1p1f2,2070,0.0015437467661655853,0.0013266720343381166,0.0011949625048686583,2.9387325167782277e-6
zooc,UKESM1-0-LL,ssp434,r1i1p1f2,2071,0.0015500005523334313,0.0013690880732610822,0.0012266878630103606,3.0167536607033276e-6
zooc,UKESM1-0-LL,ssp434,r1i1p1f2,2072,0.0016115440887613664,0.0013787258649244905,0.0012977023576949708,3.1913973033632087e-6
zooc,UKESM1-0-LL,ssp434,r1i1p1f2,2073,0.0016095259702264492,0.0014567312900908291,0.001240724688312171,3.051273969732856e-6
zooc,UKESM1-0-LL,ssp434,r1i1p1f2,2074,0.0016208146482285923,0.0014535732916556299,0.0012446693956881933,3.0609750605937495e-6
zooc,UKESM1-0-LL,ssp434,r1i1p1f2,2075,0.001575389544622433,0.0013509576092474163,0.0012546078477392183,3.085416373262383e-6
zooc,UKESM1-0-LL,ssp434,r1i1p1f2,2076,0.0015810261405588197,0.0013547486742027104,0.0012742718237332311,3.133775351412165e-6
zooc,UKESM1-0-LL,ssp434,r1i1p1f2,2077,0.001593240019300851,0.0013837174628861248,0.0012630107082192944,3.10608125540399e-6
zooc,UKESM1-0-LL,ssp434,r1i1p1f2,2078,0.0015849056046250236,0.0014252852415665984,0.0012148776975158865,2.987709303892351e-6
zooc,UKESM1-0-LL,ssp434,r1i1p1f2,2079,0.0015897467487270744,0.0014771386631764472,0.001213618437021943,2.9846124454172373e-6
zooc,UKESM1-0-LL,ssp434,r1i1p1f2,2080,0.0016323352506573347,0.0014679490122944117,0.0013064789178848625,3.212981213076201e-6
zooc,UKESM1-0-LL,ssp434,r1i1p1f2,2081,0.0016020788467853648,0.001405243354383856,0.001237862359290728,3.0442347368408104e-6
zooc,UKESM1-0-LL,ssp434,r1i1p1f2,2082,0.0016532826524186981,0.00146236433647573,0.0012592845696736052,3.096917683775907e-6
zooc,UKESM1-0-LL,ssp434,r1i1p1f2,2083,0.0016467490512458833,0.0014406594564206898,0.0012387364850973222,3.046384446075307e-6
zooc,UKESM1-0-LL,ssp434,r1i1p1f2,2084,0.001552734840633431,0.0013492800644598901,0.0011683873693038673,2.873377148133732e-6
zooc,UKESM1-0-LL,ssp434,r1i1p1f2,2085,0.0015482951251164702,0.0013419152819551528,0.00118893271845723,2.9239036586974973e-6
zooc,UKESM1-0-LL,ssp434,r1i1p1f2,2086,0.0015756696835923587,0.0014193551032803953,0.0012078622479428952,2.9704564363789614e-6
zooc,UKESM1-0-LL,ssp434,r1i1p1f2,2087,0.0015847616655412246,0.0014109784387983382,0.0012169145417220072,2.992718448761542e-6
zooc,UKESM1-0-LL,ssp434,r1i1p1f2,2088,0.0015878222558130726,0.0013714400702156126,0.0012252194059806953,3.01314233197545e-6
zooc,UKESM1-0-LL,ssp434,r1i1p1f2,2089,0.001598213996709199,0.0014251083484850824,0.0012401260888575795,3.0498018535161826e-6
zooc,UKESM1-0-LL,ssp434,r1i1p1f2,2090,0.001596763656046958,0.0013834537821821868,0.0012565807815311048,3.0902683453234685e-6
zooc,UKESM1-0-LL,ssp434,r1i1p1f2,2090,0.0015994847567913548,0.0014201704761944711,0.0012558283301902268,3.0884178661546896e-6
zooc,UKESM1-0-LL,ssp434,r1i1p1f2,2091,0.0015863938183936794,0.0014213425456546247,0.0012478192064135504,3.0687212879126735e-6
zooc,UKESM1-0-LL,ssp434,r1i1p1f2,2092,0.0015545071572562008,0.001354061474557966,0.0012435798952223575,3.0582956874477706e-6
zooc,UKESM1-0-LL,ssp434,r1i1p1f2,2093,0.0015778639763950114,0.0014213561080396175,0.001234021372582113,3.034788722851978e-6
zooc,UKESM1-0-LL,ssp434,r1i1p1f2,2094,0.0015665172195354542,0.0014075133367441595,0.0012112088734501905,2.9786866839053046e-6
zooc,UKESM1-0-LL,ssp434,r1i1p1f2,2095,0.0016197568477046627,0.0014687817892991006,0.001250524796642377,3.0753750581775442e-6
zooc,UKESM1-0-LL,ssp434,r1i1p1f2,2096,0.0016100480135837216,0.001399484754074365,0.0012521710710241272,3.0794236873499883e-6
zooc,UKESM1-0-LL,ssp534-over,r1i1p1f2,2037,0.0016336894159833615,0.0014013030449859798,0.0012345288174471004,3.036036665544016e-6
zooc,UKESM1-0-LL,ssp534-over,r1i1p1f2,2038,0.0016605746017161695,0.001381550740916282,0.0012855533262181845,3.1615195844366904e-6
zooc,UKESM1-0-LL,ssp534-over,r1i1p1f2,2039,0.0016173899388314344,0.0013687298051081598,0.0011990872860080345,2.9488764572027105e-6
zooc,UKESM1-0-LL,ssp534-over,r1i1p1f2,2040,0.0016215684855506514,0.0014189298963174224,0.0012044784669454764,2.962134813561295e-6
zooc,UKESM1-0-LL,ssp534-over,r1i1p1f2,2041,0.0016933727757856064,0.001517500902991742,0.0012552172926017739,3.086915161238975e-6
zooc,UKESM1-0-LL,ssp534-over,r1i1p1f2,2042,0.0016898548666136703,0.0014524521538987756,0.0012695869810037568,3.1222540696907675e-6
zooc,UKESM1-0-LL,ssp534-over,r1i1p1f2,2043,0.001691633670018761,0.001443858607672155,0.0012840331331801676,3.1577810230220868e-6
zooc,UKESM1-0-LL,ssp534-over,r1i1p1f2,2044,0.0016528240436888021,0.0014382575172930956,0.0012555342361695548,3.0876946102717496e-6
zooc,UKESM1-0-LL,ssp534-over,r1i1p1f2,2045,0.0016347763339693165,0.0014298224705271423,0.0012284873384018871,3.021179052148394e-6
zooc,UKESM1-0-LL,ssp534-over,r1i1p1f2,2046,0.0016051073545350135,0.0013642574776895344,0.0012412945754556222,3.0526754746943343e-6
zooc,UKESM1-0-LL,ssp534-over,r1i1p1f2,2047,0.0015763574758220406,0.0013702050200663507,0.0012086698741764852,2.972442605371197e-6
zooc,UKESM1-0-LL,ssp534-over,r1i1p1f2,2048,0.0015735813837853025,0.0013762902235612273,0.0012364642216276902,3.0407963422497157e-6
zooc,UKESM1-0-LL,ssp534-over,r1i1p1f2,2049,0.001647239101921569,0.001410708762705326,0.0012822800893255975,3.1534698191493512e-6
zooc,UKESM1-0-LL,ssp534-over,r1i1p1f2,2050,0.0016258845761318588,0.0014107294846326113,0.001247316041574436,3.0674838709493965e-6
zooc,UKESM1-0-LL,ssp534-over,r1i1p1f2,2051,0.0015907271831071827,0.001382404996547848,0.001241894657876438,3.054151237921727e-6
zooc,UKESM1-0-LL,ssp534-over,r1i1p1f2,2052,0.0015887972269415275,0.001375086430925876,0.0012712581968264663,3.1263640365397195e-6
zooc,UKESM1-0-LL,ssp534-over,r1i1p1f2,2053,0.0016371392428540968,0.0015145427314564586,0.0012589092769990855,3.09599473867811e-6
zooc,UKESM1-0-LL,ssp534-over,r1i1p1f2,2054,0.0016005154174947114,0.0014244656194932759,0.0012318798361772435,3.02952211185522e-6
zooc,UKESM1-0-LL,ssp534-over,r1i1p1f2,2055,0.0016117390741771708,0.0014152214862406254,0.0012523230895319058,3.079797541533815e-6
zooc,UKESM1-0-LL,ssp534-over,r1i1p1f2,2056,0.0016239852872297071,0.001438884879462421,0.001220671158904952,3.001956975513326e-6
zooc,UKESM1-0-LL,ssp534-over,r1i1p1f2,2057,0.0015920800224202448,0.0014188404311425984,0.0012182176163281803,2.995923057861281e-6
zooc,UKESM1-0-LL,ssp534-over,r1i1p1f2,2058,0.0015765846568192364,0.001380260451696813,0.0012183057015853435,2.996139683076231e-6
zooc,UKESM1-0-LL,ssp534-over,r1i1p1f2,2059,0.0015916876023720013,0.0013880321057513356,0.0012325975769148902,3.0312872283636837e-6
zooc,UKESM1-0-LL,ssp534-over,r1i1p1f2,2060,0.0015876265463512548,0.0013979674549773335,0.0012421120780130674,3.0546859322093823e-6
zooc,UKESM1-0-LL,ssp534-over,r1i1p1f2,2061,0.0016091966895298495,0.0014669226948171854,0.00123286824414185,3.031952871492947e-6
zooc,UKESM1-0-LL,ssp534-over,r1i1p1f2,2062,0.0015731837298756843,0.0013789710937999189,0.0012281676889267766,3.020392948565519e-6
zooc,UKESM1-0-LL,ssp534-over,r1i1p1f2,2063,0.0015578290401226874,0.0013613483170047402,0.0012314820334502203,3.0285438085156567e-6
zooc,UKESM1-0-LL,ssp534-over,r1i1p1f2,2064,0.0015564446794188232,0.0013816679711453617,0.0012079895637482525,2.970769540008221e-6
zooc,UKESM1-0-LL,ssp534-over,r1i1p1f2,2065,0.0015931573270876556,0.0013724127784371376,0.0012714264646072398,3.1267778520334027e-6
zooc,UKESM1-0-LL,ssp534-over,r1i1p1f2,2066,0.0015795709210899797,0.001364018942695111,0.0012298039073692704,3.024416847492823e-6
zooc,UKESM1-0-LL,ssp534-over,r1i1p1f2,2067,0.0015841599820861552,0.0013756445841863751,0.001240705128114102,3.05122586597239e-6
zooc,UKESM1-0-LL,ssp534-over,r1i1p1f2,2068,0.001604690998179018,0.0013936043251305819,0.0012431064680824538,3.0571314034433002e-06
zooc,UKESM1-0-LL,ssp534-over,r1i1p1f2,2069,0.001592634192886769,0.001421058492269367,0.0012221803915301603,3.005668582340328e-6
zooc,UKESM1-0-LL,ssp534-over,r1i1p1f2,2070,0.0016000600520027302,0.0014389577554538846,0.001235600171090036,3.0386714107972232e-6
zooc,UKESM1-0-LL,ssp534-over,r1i1p1f2,2071,0.0016421258382833793,0.0014149497728794813,0.001277811864169682,3.1424812579982894e-6
zooc,UKESM1-0-LL,ssp534-over,r1i1p1f2,2072,0.0016751741870361348,0.001496780605521053,0.0012461927680846353,3.0647214409013713e-6
zooc,UKESM1-0-LL,ssp534-over,r1i1p1f2,2073,0.0016119325254830704,0.0013802337925881147,0.0012437775131125422,3.058781682713243e-6
zooc,UKESM1-0-LL,ssp534-over,r1i1p1f2,2074,0.0015618958327411757,0.001365718781016767,0.0012272253565882153,3.0180755012199676e-6
zooc,UKESM1-0-LL,ssp534-over,r1i1p1f2,2075,0.0016087153010363256,0.001397330139297992,0.0012569535567160434,3.0911850992408204e-6
zooc,UKESM1-0-LL,ssp534-over,r1i1p1f2,2076,0.001619524356858911,0.0013938435586169362,0.0012346279941158644,3.0362805675076467e-6
zooc,UKESM1-0-LL,ssp534-over,r1i1p1f2,2077,0.0016014002896071505,0.0014177194680087268,0.0012297109868654684,3.0241883311126972e-6
zooc,UKESM1-0-LL,ssp534-over,r1i1p1f2,2078,0.0016463986235943405,0.001463000604417175,0.001265814363328081,3.1129761934463584e-6
zooc,UKESM1-0-LL,ssp534-over,r1i1p1f2,2079,0.001652475160430195,0.0014379037311300635,0.001258410332578991,3.0947677008543934e-6
zooc,UKESM1-0-LL,ssp534-over,r1i1p1f2,2080,0.0016229049142037185,0.0014264414203353226,0.0012016518373905538,2.9551833752089673e-6
zooc,UKESM1-0-LL,ssp534-over,r1i1p1f2,2081,0.001638682723349046,0.001491627306677401,0.0012260572926631093,3.0152029195076553e-6
zooc,UKESM1-0-LL,ssp534-over,r1i1p1f2,2082,0.0016547732794221252,0.0014550529303960502,0.0012347531109500993,3.036588263278572e-6
zooc,UKESM1-0-LL,ssp534-over,r1i1p1f2,2083,0.0016492389895153652,0.0014643992180936038,0.0012360842424518266,3.0398618717912204e-6
zooc,UKESM1-0-LL,ssp534-over,r1i1p1f2,2084,0.0016249676052606465,0.0014440864906646311,0.0012100863438402215,2.975926083256814e-6
zooc,UKESM1-0-LL,ssp534-over,r1i1p1f2,2085,0.0015885833059055973,0.0014378741616383195,0.001177593989465758,2.8960186903822466e-6
zooc,UKESM1-0-LL,ssp534-over,r1i1p1f2,2086,0.0016287797655238983,0.0014762079226784408,0.00122277787122503,3.007137944768249e-6
zooc,UKESM1-0-LL,ssp534-over,r1i1p1f2,2087,0.00162828384957608,0.0014459901140071452,0.001202121752467698,2.9563390221114444e-6
zooc,UKESM1-0-LL,ssp534-over,r1i1p1f2,2088,0.001649159884801057,0.0014783248188905418,0.0012308751052577456,3.0270512097041395e-6
zooc,UKESM1-0-LL,ssp534-over,r1i1p1f2,2089,0.001613646532926259,0.0013987409765832126,0.0012228924782442306,3.0074197940920596e-6
zooc,UKESM1-0-LL,ssp534-over,r1i1p1f2,2090,0.001595715627016074,0.001405920833349228,0.0012162541961081564,2.9910944822188023e-6
zooc,UKESM1-0-LL,ssp534-over,r1i1p1f2,2090,0.0015973226484550147,0.0013653890346176922,0.0012299165054529585,3.0246937563067083e-6
zooc,UKESM1-0-LL,ssp534-over,r1i1p1f2,2091,0.0016295238551165992,0.0014436006313189864,0.0012176399292746609,2.9945023708340456e-6
zooc,UKESM1-0-LL,ssp534-over,r1i1p1f2,2092,0.0016095621923124111,0.001452987373340875,0.0012092688052932035,2.9739155372337777e-6
zooc,UKESM1-0-LL,ssp534-over,r1i1p1f2,2093,0.0016346747108442008,0.0014412950840778649,0.0012412457576942355,3.052555418757684e-6
zooc,UKESM1-0-LL,ssp534-over,r1i1p1f2,2094,0.001675268552630608,0.0014861811650916934,0.001241166413994838,3.0523602913721213e-6
zooc,UKESM1-0-LL,ssp534-over,r1i1p1f2,2095,0.001659941183010565,0.0014907787553966045,0.001227637221734227,3.019088387810284e-6
zooc,UKESM1-0-LL,ssp534-over,r1i1p1f2,2096,0.001667960330567012,0.0014596921391785145,0.0012722950332555191,3.1289138947287618e-6
zooc,UKESM1-0-LL,ssp585,r1i1p1f2,2013,0.0017334379499934945,0.0014430650626309216,0.001277672904291948,3.1421395184796345e-6
zooc,UKESM1-0-LL,ssp585,r1i1p1f2,2014,0.0017308100033910513,0.0014794014859944582,0.0012510896848721195,3.076764269472732e-6
zooc,UKESM1-0-LL,ssp585,r1i1p1f2,2015,0.0017511641383797056,0.001450991490855813,0.0012622781442022644,3.1042796844854914e-6
zooc,UKESM1-0-LL,ssp585,r1i1p1f2,2016,0.0017406779609914376,0.0014658570871688426,0.0012400916447428449,3.049717146222381e-6
zooc,UKESM1-0-LL,ssp585,r1i1p1f2,2017,0.00174279795053297,0.0014917117077857256,0.0012460664661082942,3.064410830548917e-6
zooc,UKESM1-0-LL,ssp585,r1i1p1f2,2018,0.0017314478293809516,0.0014462816761806607,0.0012532658924775957,3.082116146228209e-6
zooc,UKESM1-0-LL,ssp585,r1i1p1f2,2019,0.0017763733274336433,0.0015297630452550948,0.0012524147482728728,3.0800229549015393e-6
zooc,UKESM1-0-LL,ssp585,r1i1p1f2,2020,0.0017104708265760632,0.001453135977499187,0.001233480768526377,3.033459232838006e-6
zooc,UKESM1-0-LL,ssp585,r1i1p1f2,2021,0.0017449688569653905,0.0014486557920463383,0.0012498275712258078,3.0736603943325714e-6
zooc,UKESM1-0-LL,ssp585,r1i1p1f2,2021,0.0017472704396380308,0.0015022533480077982,0.0012749430261736808,3.1354260177963015e-6
zooc,UKESM1-0-LL,ssp585,r1i1p1f2,2022,0.001716468006761681,0.0014146211324259639,0.001251065202123995,3.0767040598446305e-6
zooc,UKESM1-0-LL,ssp585,r1i1p1f2,2023,0.0017016757102446855,0.0014191863010637462,0.0012239162495267183,3.0099375215900624e-6
zooc,UKESM1-0-LL,ssp585,r1i1p1f2,2024,0.0016934517932698351,0.0014412732562050223,0.0012253494839891597,3.0134622286011886e-6
zooc,UKESM1-0-LL,ssp585,r1i1p1f2,2025,0.00175929271938417,0.0014594964450225234,0.001289567464018345,3.1713914232869453e-6
zooc,UKESM1-0-LL,ssp585,r1i1p1f2,2026,0.0017271887359181462,0.001399198081344366,0.0012680401526344517,3.11845000487013e-6
zooc,UKESM1-0-LL,ssp585,r1i1p1f2,2027,0.0016912923831898206,0.0013812381657771766,0.0012513588534081319,3.0774262269199744e-6
zooc,UKESM1-0-LL,ssp585,r1i1p1f2,2028,0.0016760804709659283,0.0014047410222701728,0.0012537333218643589,3.0832656801529824e-6
zooc,UKESM1-0-LL,ssp585,r1i1p1f2,2029,0.0017239783123704855,0.001466436660848558,0.0012658082612985468,3.1129611869231098e-6
zooc,UKESM1-0-LL,ssp585,r1i1p1f2,2030,0.0016432395900760925,0.0013643064885400236,0.001230233683033282,3.025473780838936e-6
zooc,UKESM1-0-LL,ssp585,r1i1p1f2,2031,0.0016427563385997793,0.0013362662284635007,0.001236600813044148,3.0411322570884006e-6
zooc,UKESM1-0-LL,ssp585,r1i1p1f2,2032,0.0016606902170003943,0.0013743707677349448,0.0012384690854218183,3.0457268387293213e-6
zooc,UKESM1-0-LL,ssp585,r1i1p1f2,2033,0.0016998198695425408,0.001495820819400251,0.0012483993919799761,3.070148119451633e-6
zooc,UKESM1-0-LL,ssp585,r1i1p1f2,2034,0.0017137525167991267,0.001457387232221663,0.0012747632153600026,3.134983814896318e-6
zooc,UKESM1-0-LL,ssp585,r1i1p1f2,2035,0.0016768448489997599,0.001410959754139185,0.001280335506373442,3.148687569388552e-6
zooc,UKESM1-0-LL,ssp585,r1i1p1f2,2036,0.0016940238558344962,0.0014169487985782325,0.0012642730464539286,3.1091856828669253e-6
zooc,UKESM1-0-LL,ssp585,r1i1p1f2,2037,0.0016414318090958286,0.0014497355441562831,0.0012321293516510867,3.030135737164328e-6
zooc,UKESM1-0-LL,ssp585,r1i1p1f2,2038,0.001672856502213535,0.0014155804528854787,0.0012596885274725595,3.0979111240841647e-6
zooc,UKESM1-0-LL,ssp585,r1i1p1f2,2039,0.0016419202931370433,0.001369676843751222,0.0012438479420522261,3.058954886319488e-6
zooc,UKESM1-0-LL,ssp585,r1i1p1f2,2040,0.0016455141353067708,0.0013884579529985785,0.0012772527166457538,3.141106164634649e-6
zooc,UKESM1-0-LL,ssp585,r1i1p1f2,2041,0.001646873273599676,0.0013834921410307288,0.0012818226358580133,3.152344818678939e-6
zooc,UKESM1-0-LL,ssp585,r1i1p1f2,2042,0.0016497681154173183,0.0014256316353566945,0.0012569939932887196,3.0912845435920086e-6
zooc,UKESM1-0-LL,ssp585,r1i1p1f2,2043,0.0016647680031799772,0.0014485105639323592,0.0012510099255126502,3.0765681198678407e-6
zooc,UKESM1-0-LL,ssp585,r1i1p1f2,2044,0.0016521489225715608,0.0014345782110467553,0.0012658448524804117,3.113051174429442e-6
zooc,UKESM1-0-LL,ssp585,r1i1p1f2,2045,0.0016441869458080898,0.0014433455653488636,0.0012547023967521796,3.085648894582246e-6
zooc,UKESM1-0-LL,ssp585,r1i1p1f2,2046,0.0016423333782619699,0.0014248971710912883,0.001263011849328166,3.106084061696014e-6
zooc,UKESM1-0-LL,ssp585,r1i1p1f2,2047,0.001623545897579294,0.0013989363214932382,0.0012646049992760047,3.1100020436718015e-6
zooc,UKESM1-0-LL,ssp585,r1i1p1f2,2048,0.0015622482317513744,0.0013929547276347876,0.001212963421601261,2.983001587245615e-6
zooc,UKESM1-0-LL,ssp585,r1i1p1f2,2049,0.0015839113270076249,0.0013690876075997949,0.001261373855956429,3.102055797742812e-6
zooc,UKESM1-0-LL,ssp585,r1i1p1f2,2050,0.0016373209549908109,0.001420129556208849,0.0013045767178048728,3.2083031941377756e-6
zooc,UKESM1-0-LL,ssp585,r1i1p1f2,2051,0.0015793482886886547,0.0013525192625820637,0.0012472619082604351,3.0673507426466693e-6
zooc,UKESM1-0-LL,ssp585,r1i1p1f2,2052,0.0015906205135850207,0.0014088425086811185,0.001252604926860641,3.0804906549319524e-6
zooc,UKESM1-0-LL,ssp585,r1i1p1f2,2053,0.0016101516742659278,0.001389926124829799,0.0012852690306411863,3.16082042554836e-6
zooc,UKESM1-0-LL,ssp585,r1i1p1f2,2054,0.0016139689002962932,0.001402566907927394,0.0012890360029090967,3.1700844182246212e-6
zooc,UKESM1-0-LL,ssp585,r1i1p1f2,2055,0.0016329189816863918,0.0014955830411054194,0.0012743835503350907,3.1340501170190654e-6
zooc,UKESM1-0-LL,ssp585,r1i1p1f2,2056,0.001607538530721224,0.0014640045701526105,0.001244587544816196,3.0607737673999586e-6
zooc,UKESM1-0-LL,ssp585,r1i1p1f2,2057,0.0015602394931720862,0.0014403294189833105,0.001230656258698649,3.026513007461992e-6
zooc,UKESM1-0-LL,ssp585,r1i1p1f2,2058,0.001572484539290186,0.001403824717272073,0.0012400728650621587,3.04967096196299e-6
zooc,UKESM1-0-LL,ssp585,r1i1p1f2,2059,0.0015591276376289939,0.0013726910692639649,0.0012171987572319554,2.9934174107435745e-6
zooc,UKESM1-0-LL,ssp585,r1i1p1f2,2060,0.0015471631801850128,0.0014081975677981973,0.0012136399555354356,2.9846653651992853e-6
zooc,UKESM1-0-LL,ssp585,r1i1p1f2,2061,0.0015401229557322424,0.001389556098729372,0.0012285608737713698,3.0213598952966533e-6
zooc,UKESM1-0-LL,ssp585,r1i1p1f2,2062,0.0015096894796423398,0.0014005018747411668,0.0012412304065486863,3.0525176661835147e-6
zooc,UKESM1-0-LL,ssp585,r1i1p1f2,2063,0.0014929503040352018,0.0013316410477273166,0.0012445443332086746,3.060667498495614e-6
zooc,UKESM1-0-LL,ssp585,r1i1p1f2,2064,0.001481723200155433,0.00131456449162215,0.0012644130797474999,3.109530062202321e-6
zooc,UKESM1-0-LL,ssp585,r1i1p1f2,2065,0.0015195282471754607,0.0013198878150433302,0.0012848118076509904,3.1596959918835104e-6
zooc,UKESM1-0-LL,ssp585,r1i1p1f2,2066,0.0015131244647667763,0.0013529444695450366,0.001230310839119608,3.0256635282986515e-6
zooc,UKESM1-0-LL,ssp585,r1i1p1f2,2067,0.0015032108961214722,0.0013508557458408177,0.0012154905208753566,2.9892164004967873e-6
zooc,UKESM1-0-LL,ssp585,r1i1p1f2,2068,0.0015283611360157726,0.0014164196327328682,0.0012144313654484282,2.9866116539204264e-6
zooc,UKESM1-0-LL,ssp585,r1i1p1f2,2069,0.0015180722527223913,0.0014402868109755218,0.0011940670748641488,2.9365304148210284e-6
zooc,UKESM1-0-LL,ssp585,r1i1p1f2,2070,0.0015240166843521789,0.001347934769000858,0.0012533412697428596,3.0823015190910012e-6
zooc,UKESM1-0-LL,ssp585,r1i1p1f2,2071,0.0015763700275486067,0.001390379504300654,0.001290828852695243,3.1744935155333484e-6
zooc,UKESM1-0-LL,ssp585,r1i1p1f2,2072,0.0015682088218237145,0.0014285502256825566,0.0011990066165767654,2.94867806948777e-6
zooc,UKESM1-0-LL,ssp585,r1i1p1f2,2073,0.0015307078572018452,0.0013993029133416712,0.0011967403797250012,2.9431047867279626e-6
zooc,UKESM1-0-LL,ssp585,r1i1p1f2,2074,0.001548205154250763,0.001411931123584509,0.0012227329250751706,3.007027410160211e-6
zooc,UKESM1-0-LL,ssp585,r1i1p1f2,2075,0.0015538289340383668,0.0014032149920240045,0.0012381619441104866,3.044971496067791e-6
zooc,UKESM1-0-LL,ssp585,r1i1p1f2,2076,0.001519853230187078,0.0013631655601784587,0.0012176390764839545,2.994500273593531e-6
zooc,UKESM1-0-LL,ssp585,r1i1p1f2,2077,0.0014681375436135617,0.0013090178836137056,0.001209528491027067,2.9745541739333714e-6
zooc,UKESM1-0-LL,ssp585,r1i1p1f2,2078,0.0014970675561096903,0.0014024089905433357,0.0012534116848527557,3.082474688686098e-6
zooc,UKESM1-0-LL,ssp585,r1i1p1f2,2079,0.001506469242395624,0.0013832435943186283,0.0012789215993140647,3.1452103936326894e-6
zooc,UKESM1-0-LL,ssp585,r1i1p1f2,2080,0.0015007663890623086,0.0014340387424454093,0.00122703095059232,3.017597404861909e-6
zooc,UKESM1-0-LL,ssp585,r1i1p1f2,2081,0.0015133817113551823,0.0014073160709813237,0.0012592242000163444,3.0967692186365436e-6
zooc,UKESM1-0-LL,ssp585,r1i1p1f2,2082,0.0015167111136398922,0.001387433789204806,0.0012778808441531672,3.1426508982335676e-6
zooc,UKESM1-0-LL,ssp585,r1i1p1f2,2083,0.001488292178025309,0.0013447116361930966,0.001274855433508523,3.135210603996888e-6
zooc,UKESM1-0-LL,ssp585,r1i1p1f2,2084,0.0015152221870719793,0.0014108875184319913,0.001271162992352632,3.126129903266199e-6
zooc,UKESM1-0-LL,ssp585,r1i1p1f2,2085,0.0014656811264260453,0.001332469517365098,0.001229963065689215,3.024808260385053e-6
zooc,UKESM1-0-LL,ssp585,r1i1p1f2,2086,0.0014720669918900275,0.0013624049024656415,0.0012212502698569923,3.003381164287994e-6
zooc,UKESM1-0-LL,ssp585,r1i1p1f2,2087,0.0015189144464966468,0.0013723945012316108,0.0012724682007288653,3.129339759877415e-6
zooc,UKESM1-0-LL,ssp585,r1i1p1f2,2088,0.0015369755485591977,0.0014030688907951117,0.0012805331240588183,3.1491735641503455e-6
zooc,UKESM1-0-LL,ssp585,r1i1p1f2,2089,0.001527080615608242,0.0013957591145299375,0.001271671653247572,3.1273808365012443e-6
zooc,UKESM1-0-LL,ssp585,r1i1p1f2,2090,0.0015123601084408914,0.0013899783953092992,0.0012050418504790323,2.963520324405972e-6
zooc,UKESM1-0-LL,ssp585,r1i1p1f2,2090,0.0015344113959005893,0.0014106756425462663,0.0012772730630663666,3.1411562019267073e-6
zooc,UKESM1-0-LL,ssp585,r1i1p1f2,2091,0.001512658953598504,0.0013679213006980717,0.0012448539382550535,3.061428900140808e-6
zooc,UKESM1-0-LL,ssp585,r1i1p1f2,2092,0.0015037164542030497,0.0013332757516764104,0.0012549707456007665,3.086308836198798e-6
zooc,UKESM1-0-LL,ssp585,r1i1p1f2,2093,0.0014543952767139881,0.0012878827401436865,0.001228453894619537,3.021096804939569e-6
zooc,UKESM1-0-LL,ssp585,r1i1p1f2,2094,0.0014609369387644424,0.0012571786646731198,0.00123928704097604,3.0477384102846436e-6
zooc,UKESM1-0-LL,ssp585,r1i1p1f2,2095,0.0014591916176667189,0.0012823902652598917,0.0012484579492886175,3.0702921275408394e-6
zooc,UKESM1-0-LL,ssp585,r1i1p1f2,2096,0.0014062669878089416,0.0012785661383531988,0.0011733330510298957,2.88553990273624e-6
